
================================================================================
TESORO V2 PIPELINE: Consolidation + Preprocessing
================================================================================

================================================================================
STAGE 1: CONSOLIDATION - Raw Definitions → Consolidated Definitions
================================================================================

================================================================================
CONSOLIDATING LETTER 'A' - 1868 words
================================================================================

  [   1/1868] a+... ✅
  [   2/1868] a-... ✅
  [   3/1868] a... ✅
  [   4/1868] a.m.... ✅
  [   5/1868] a_billetazo_limpio... ✅
  [   6/1868] a_brazo_partido... ✅
  [   7/1868] a_cabalidad... ✅
  [   8/1868] a_capacidad... ✅
  [   9/1868] a_ceja_y_vira... ✅
  [  10/1868] a_changazos... ✅
  [  11/1868] a_chauchau... ✅
  [  12/1868] a_chavo... ✅
  [  13/1868] a_chavo_de_mortadella... ✅
  [  14/1868] a_cien... ✅
  [  15/1868] a_como_dar_lugar... ✅
  [  16/1868] a_como_dé_lugar... ✅
  [  17/1868] a_comones... ✅
  [  18/1868] a_corcor... ✅
  [  19/1868] a_costillas_de... ✅
  [  20/1868] a_cualquier_trapo_le_llaman_frisa... ✅
  [  21/1868] a_cualquiera_le_cae_el_sello... ✅
  [  22/1868] a_culcul... ✅
  [  23/1868] a_curcur... ✅
  [  24/1868] a_dios_que_reparta_suertes... ✅
  [  25/1868] a_dos_por_chavo... ✅
  [  26/1868] a_espuela_limpia... ✅
  [  27/1868] a_falta_de_pan,_galleta(s)... ✅
  [  28/1868] a_fe... ✅
  [  29/1868] a_final_de_cuentas... ✅
  [  30/1868] a_fuego... ✅
  [  31/1868] a_fuete_y_a_conjuro... ✅
  [  32/1868] a_ganancias... ✅
  [  33/1868] a_jilo_de... ✅
  [  34/1868] a_juera... ✅
  [  35/1868] a_la_altura_del_betún... ✅
  [  36/1868] a_la_amanezca... ✅
  [  37/1868] a_la_baqueta... ✅
  [  38/1868] a_la_bentestate... ✅
  [  39/1868] a_la_brava... ✅
  [  40/1868] a_la_brevedad... ✅
  [  41/1868] a_la_cañona... ✅
  [  42/1868] a_la_criolla... ✅
  [  43/1868] a_la_galucha... ✅
  [  44/1868] a_la_hora_de_los_mameyes... ✅
  [  45/1868] a_la_larga... ✅
  [  46/1868] a_la_larga_o_a_la_corta... ✅
  [  47/1868] a_la_luz_de... ✅
  [  48/1868] a_la_mala... ✅
  [  49/1868] a_la_orden... ✅
  [  50/1868] a_la_patada... ✅
  [  51/1868] a_la_puerta... ✅
  [  52/1868] a_la_raya... ✅
  [  53/1868] a_la_roca... ✅
  [  54/1868] a_la_rompida... ✅
  [  55/1868] a_la_sanfasón... ✅
  [  56/1868] a_la_segura... ✅
  [  57/1868] a_la_sirga... ✅
  [  58/1868] a_la_soltada... ✅
  [  59/1868] a_la_soltá... ✅
  [  60/1868] a_la_tardecita... ✅
  [  61/1868] a_la_trágala... ✅
  [  62/1868] a_la_vuelta... ✅
  [  63/1868] a_las_cansadas... ✅
  [  64/1868] a_las_ganancias... ✅
  [  65/1868] a_las_malas... ✅
  [  66/1868] a_las_millas... ✅
  [  67/1868] a_las_millas_de_chaflán... ✅
  [  68/1868] a_llorar,_para_maternidad... ✅
  [  69/1868] a_lo_babuje... ✅
  [  70/1868] a_lo_bajujo... ✅
  [  71/1868] a_lo_bruto... ✅
  [  72/1868] a_lo_callado... ✅
  [  73/1868] a_lo_criollo... ✅
  [  74/1868] a_lo_culo_de_res... ✅
  [  75/1868] a_lo_joyo_de_res... ✅
  [  76/1868] a_lo_pendejo... ✅
  [  77/1868] a_lo_somorgujo... ✅
  [  78/1868] a_lo_sucosumuco... ✅
  [  79/1868] a_lo_sucusumucu... ✅
  [  80/1868] a_lo_sumusumuco... ✅
  [  81/1868] a_lo_último... ✅
  [  82/1868] a_los_carajazos... ✅
  [  83/1868] a_los_coñazos... ✅
  [  84/1868] a_los_puños... ✅
  [  85/1868] a_mano... ✅
  [  86/1868] a_mansalva... ✅
  [  87/1868] a_mayor_o_menor_grado... ✅
  [  88/1868] a_medias... ✅
  [  89/1868] a_mediasto... ✅
  [  90/1868] a_medio_palo... ✅
  [  91/1868] a_medio_pie... ✅
  [  92/1868] a_medio_pocillo... ✅
  [  93/1868] a_melena... ✅
  [  94/1868] a_mi_conocimiento... ✅
  [  95/1868] a_mil... ✅
  [  96/1868] a_mitad_de_todo... ✅
  [  97/1868] a_mundo_y_raimundo... ✅
  [  98/1868] a_más... ✅
  [  99/1868] a_mí_plin... ✅
  [ 100/1868] a_mí_plin_y_a_la_madama_dulce_de_coco... ✅
  [ 101/1868] a_nivel_de... ✅
  [ 102/1868] a_nivel_x... ✅
  [ 103/1868] a_nuestro_mejor_conocimiento... ✅
  [ 104/1868] a_ojo... ✅
  [ 105/1868] a_palo... ✅
  [ 106/1868] a_palo_entero... ✅
  [ 107/1868] a_palo_seco... ✅
  [ 108/1868] a_pasto... ✅
  [ 109/1868] a_pata... ✅
  [ 110/1868] a_patadas... ✅
  [ 111/1868] a_pecho_pelado... ✅
  [ 112/1868] a_pelo... ✅
  [ 113/1868] a_petepén... ✅
  [ 114/1868] a_pica_tierra... ✅
  [ 115/1868] a_pico_y_pala... ✅
  [ 116/1868] a_pie_pisado... ✅
  [ 117/1868] a_pique_de... ✅
  [ 118/1868] a_poco... ✅
  [ 119/1868] a_precio_de_quemazón... ✅
  [ 120/1868] a_pulmón... ✅
  [ 121/1868] a_pulso... ✅
  [ 122/1868] a_punta_de_pico... ✅
  [ 123/1868] a_punto_de_mime... ✅
  [ 124/1868] a_puras... ✅
  [ 125/1868] a_que... ✅
  [ 126/1868] a_raja_tabla... ✅
  [ 127/1868] a_rajatabla... ✅
  [ 128/1868] a_revienta_cinchas... ✅
  [ 129/1868] a_rompe_y_raja... ✅
  [ 130/1868] a_secas... ✅
  [ 131/1868] a_sus_órdenes... ✅
  [ 132/1868] a_tientas_y_a_locas... ✅
  [ 133/1868] a_tiro_de... ✅
  [ 134/1868] a_toda_boca... ✅
  [ 135/1868] a_todo_jender... ✅
  [ 136/1868] a_todo_lo_que_da... ✅
  [ 137/1868] a_tutiplén... ✅
  [ 138/1868] a_un_chavo_de_pan... ✅
  [ 139/1868] a_un_jeme... ✅
  [ 140/1868] a_volar,_que_el_sol_cambea... ✅
  [ 141/1868] a_vuelo_de_pájaro... ✅
  [ 142/1868] aarp... ✅
  [ 143/1868] ababachado,_da... ✅
  [ 144/1868] ababacharse... ✅
  [ 145/1868] ababuy... ✅
  [ 146/1868] abacorado,_da... ✅
  [ 147/1868] abacorao,_rá... ✅
  [ 148/1868] abacorar... ✅
  [ 149/1868] abacuá... ✅
  [ 150/1868] abadejo... ✅
  [ 151/1868] abajado,_da... ✅
  [ 152/1868] abajar... ✅
  [ 153/1868] abajarse... ✅
  [ 154/1868] abajeño,_ña... ✅
  [ 155/1868] abajo_de... ✅
  [ 156/1868] abakuá... ✅
  [ 157/1868] abalear... ✅
  [ 158/1868] abalserar... ✅
  [ 159/1868] abana... ✅
  [ 160/1868] abanasta... ✅
  [ 161/1868] abanderar... ✅
  [ 162/1868] abanderarse... ✅
  [ 163/1868] abanderizarse... ✅
  [ 164/1868] abandonado,_da... ✅
  [ 165/1868] abandono... ✅
  [ 166/1868] abanicado,_da... ✅
  [ 167/1868] abanicado... ✅
  [ 168/1868] abanicar... ✅
  [ 169/1868] abanico... ✅
  [ 170/1868] abarcar... ✅
  [ 171/1868] abarrotamiento... ✅
  [ 172/1868] abarrotar... ✅
  [ 173/1868] abastar... ✅
  [ 174/1868] abastecerse... ✅
  [ 175/1868] abastecido,_da... ✅
  [ 176/1868] abatatado,_da... ✅
  [ 177/1868] abatatamiento... ✅
  [ 178/1868] abatatarse... ✅
  [ 179/1868] abayalde... ✅
  [ 180/1868] abayarde... ✅
  [ 181/1868] abeja... ✅
  [ 182/1868] abeja_africana... ✅
  [ 183/1868] abejucado,_da... ✅
  [ 184/1868] abejucarse... ✅
  [ 185/1868] abejuelo... ✅
  [ 186/1868] abejón... ✅
  [ 187/1868] abeto... ✅
  [ 188/1868] abey... ✅
  [ 189/1868] abey_blanco... ✅
  [ 190/1868] abeyuelo... ✅
  [ 191/1868] abeyuelo_amarillo... ✅
  [ 192/1868] abeyuelo_perfumado... ✅
  [ 193/1868] abierto,_ta... ✅
  [ 194/1868] abierto... ✅
  [ 195/1868] abigantón,_na... ✅
  [ 196/1868] abispiyo... ✅
  [ 197/1868] abocado,_da... ✅
  [ 198/1868] abofado,_da... ✅
  [ 199/1868] abogado_de_trompito... ✅
  [ 200/1868] abojotarse... ✅
  [ 201/1868] abolicionismo... ✅
  [ 202/1868] abolicionista... ✅
  [ 203/1868] abombachado,_da... ✅
  [ 204/1868] abombachar... ✅
  [ 205/1868] abombacharse... ✅
  [ 206/1868] abombado,_da... ✅
  [ 207/1868] abombarse... ✅
  [ 208/1868] abonadora... ✅
  [ 209/1868] abonanzado,_da... ✅
  [ 210/1868] abono... ✅
  [ 211/1868] abordar... ✅
  [ 212/1868] aborrecido,_da... ✅
  [ 213/1868] abortar... ✅
  [ 214/1868] aborto_de_la_naturaleza... ✅
  [ 215/1868] abostezar... ✅
  [ 216/1868] abotonar... ✅
  [ 217/1868] abra... ✅
  [ 218/1868] abrazadera... ✅
  [ 219/1868] abre_fácil... ✅
  [ 220/1868] abridor,_ra... ✅
  [ 221/1868] abrigadero... ✅
  [ 222/1868] abrigo... ✅
  [ 223/1868] abrir... ✅
  [ 224/1868] abrir_brecha... ✅
  [ 225/1868] abrir_el_coco... ✅
  [ 226/1868] abrir_el_inin... ✅
  [ 227/1868] abrir_el_paraguas... ✅
  [ 228/1868] abrogarse... ✅
  [ 229/1868] abrojo... ✅
  [ 230/1868] abroquelearse... ✅
  [ 231/1868] absorber... ✅
  [ 232/1868] abstract... ✅
  [ 233/1868] abuelita... ✅
  [ 234/1868] abufado,_da... ✅
  [ 235/1868] abufarse... ✅
  [ 236/1868] abujarse... ✅
  [ 237/1868] abuje... ✅
  [ 238/1868] abujo... ✅
  [ 239/1868] aburar... ✅
  [ 240/1868] aburrición... ✅
  [ 241/1868] abusador,_ra... ✅
  [ 242/1868] abuse... ✅
  [ 243/1868] abuso... ✅
  [ 244/1868] abusón,_na... ✅
  [ 245/1868] abuí... ✅
  [ 246/1868] abú... ✅
  [ 247/1868] abús... ✅
  [ 248/1868] acabado,_da... ✅
  [ 249/1868] acabador,_ra... ✅
  [ 250/1868] acabar... ✅
  [ 251/1868] acabarse... ✅
  [ 252/1868] acabarse_el_pan_de_piquito... ✅
  [ 253/1868] acabe... ✅
  [ 254/1868] acabose... ✅
  [ 255/1868] acacia... ✅
  [ 256/1868] acacia_amarilla... ✅
  [ 257/1868] acacia_del_país... ✅
  [ 258/1868] acacia_pálida... ✅
  [ 259/1868] académico,_ca... ✅
  [ 260/1868] acajú... ✅
  [ 261/1868] acalambramiento... ✅
  [ 262/1868] acalorizarse... ✅
  [ 263/1868] acana... ✅
  [ 264/1868] acanillado... ✅
  [ 265/1868] acanturo... ✅
  [ 266/1868] acaparachado,_da... ✅
  [ 267/1868] acapitular... ✅
  [ 268/1868] acapullar... ✅
  [ 269/1868] acaramelado,_da... ✅
  [ 270/1868] acaramelear... ✅
  [ 271/1868] acarreto... ✅
  [ 272/1868] acartonado,_da... ✅
  [ 273/1868] acaso... ✅
  [ 274/1868] acaíto... ✅
  [ 275/1868] accesar... ✅
  [ 276/1868] access_key... ✅
  [ 277/1868] accidentes... ✅
  [ 278/1868] acción_afirmativa... ✅
  [ 279/1868] acción_remedial... ✅
  [ 280/1868] account... ✅
  [ 281/1868] accountability... ✅
  [ 282/1868] acedía... ✅
  [ 283/1868] aceitado,_da... ✅
  [ 284/1868] aceitao,_tá... ✅
  [ 285/1868] aceitar_la_maquinaria... ✅
  [ 286/1868] aceitar_los_motores... ✅
  [ 287/1868] aceite_de_castor... ✅
  [ 288/1868] aceite_de_coco... ✅
  [ 289/1868] aceite_de_comer... ✅
  [ 290/1868] aceite_de_maría... ✅
  [ 291/1868] aceite_de_palo... ✅
  [ 292/1868] aceite_de_santa_maría... ✅
  [ 293/1868] aceitera... ✅
  [ 294/1868] aceitillo... ✅
  [ 295/1868] aceituna... ✅
  [ 296/1868] aceituna_blanca... ✅
  [ 297/1868] aceituna_cimarrona... ✅
  [ 298/1868] aceitunillo... ✅
  [ 299/1868] aceituno,_na... ✅
  [ 300/1868] acelerado,_da... ✅
  [ 301/1868] aceleramiento... ✅
  [ 302/1868] acelerar... ✅
  [ 303/1868] acelerarse... ✅
  [ 304/1868] acepillado,_da... ✅
  [ 305/1868] acepillar... ✅
  [ 306/1868] acepillarse... ✅
  [ 307/1868] acercamiento... ✅
  [ 308/1868] acerico... ✅
  [ 309/1868] acertero,_ra... ✅
  [ 310/1868] achantado,_da... ✅
  [ 311/1868] achantao,_tá... ✅
  [ 312/1868] achantarse... ✅
  [ 313/1868] achaques... ✅
  [ 314/1868] achaques_del_oficio... ✅
  [ 315/1868] achatado,_da... ✅
  [ 316/1868] ache... ✅
  [ 317/1868] achicadero... ✅
  [ 318/1868] achicar... ✅
  [ 319/1868] achicharada... ✅
  [ 320/1868] achicharronar... ✅
  [ 321/1868] achichincle... ✅
  [ 322/1868] achichinque... ✅
  [ 323/1868] achiote... ✅
  [ 324/1868] achiotera... ✅
  [ 325/1868] achiotillo... ✅
  [ 326/1868] achiquerar... ✅
  [ 327/1868] achocadito... ✅
  [ 328/1868] achocado,_da... ✅
  [ 329/1868] achocador,_ra... ✅
  [ 330/1868] achocar... ✅
  [ 331/1868] achocarse... ✅
  [ 332/1868] achocazo... ✅
  [ 333/1868] achocolatado,_da... ✅
  [ 334/1868] acholarse... ✅
  [ 335/1868] acholinado,_da... ✅
  [ 336/1868] achongado,_da... ✅
  [ 337/1868] achongarse... ✅
  [ 338/1868] achoque... ✅
  [ 339/1868] achote... ✅
  [ 340/1868] achotera... ✅
  [ 341/1868] achotillo... ✅
  [ 342/1868] achotón... ✅
  [ 343/1868] aciar... ✅
  [ 344/1868] acicalado,_da... ✅
  [ 345/1868] acicalao,_lá... ✅
  [ 346/1868] acicalar... ✅
  [ 347/1868] acid_house... ✅
  [ 348/1868] aciguatado,_da... ✅
  [ 349/1868] aciguatarse... ✅
  [ 350/1868] acijoso,_sa... ✅
  [ 351/1868] aclarar... ✅
  [ 352/1868] aclaratoria... ✅
  [ 353/1868] aclimatamiento... ✅
  [ 354/1868] aco... ✅
  [ 355/1868] acocado,_da... ✅
  [ 356/1868] acocarse... ✅
  [ 357/1868] acochambrado,_da... ✅
  [ 358/1868] acochambrar... ✅
  [ 359/1868] acochambrarse... ✅
  [ 360/1868] acolchonado,_da... ✅
  [ 361/1868] acolchonar... ✅
  [ 362/1868] acolchonarse... ✅
  [ 363/1868] acometida... ✅
  [ 364/1868] acomodado... ✅
  [ 365/1868] acomodador,_ra... ✅
  [ 366/1868] acomodar... ✅
  [ 367/1868] acomodar_en_la_primera_curva... ✅
  [ 368/1868] acomodar_la_muchacha... ✅
  [ 369/1868] acomodarse... ✅
  [ 370/1868] acomodarse_en_la_primera_curva... ✅
  [ 371/1868] acomodo... ✅
  [ 372/1868] acomodo_razonable... ✅
  [ 373/1868] acona... ✅
  [ 374/1868] aconcharse... ✅
  [ 375/1868] acoplado,_da... ✅
  [ 376/1868] acoplarse... ✅
  [ 377/1868] acorar... ✅
  [ 378/1868] acortejado,_da... ✅
  [ 379/1868] acortejarse... ✅
  [ 380/1868] acoso_psicológico... ✅
  [ 381/1868] acoso_sexual... ✅
  [ 382/1868] acre... ✅
  [ 383/1868] acreencia... ✅
  [ 384/1868] acriollado,_da... ✅
  [ 385/1868] acriollar... ✅
  [ 386/1868] acriollarse... ✅
  [ 387/1868] actitudinal... ✅
  [ 388/1868] activar... ✅
  [ 389/1868] activarse... ✅
  [ 390/1868] actual... ✅
  [ 391/1868] acuacultura... ✅
  [ 392/1868] acuciosamente... ✅
  [ 393/1868] acucioso,_sa... ✅
  [ 394/1868] aculturado,_da... ✅
  [ 395/1868] aculturarse... ✅
  [ 396/1868] acumular_puntos... ✅
  [ 397/1868] acupunturista... ✅
  [ 398/1868] acure... ✅
  [ 399/1868] acurrucar... ✅
  [ 400/1868] acuñarse... ✅
  [ 401/1868] acá... ✅
  [ 402/1868] acápite... ✅
  [ 403/1868] acón... ✅
  [ 404/1868] ada... ✅
  [ 405/1868] adaptador_inalámbrico... ✅
  [ 406/1868] adapter... ✅
  [ 407/1868] addendum... ✅
  [ 408/1868] address_book... ✅
  [ 409/1868] adecuacidad... ✅
  [ 410/1868] adelaila... ✅
  [ 411/1868] adelía... ✅
  [ 412/1868] adentro... ✅
  [ 413/1868] adicción... ✅
  [ 414/1868] adicto,_ta... ✅
  [ 415/1868] adió... ✅
  [ 416/1868] adjunteño,_ña... ✅
  [ 417/1868] adlátere... ✅
  [ 418/1868] administración... ✅
  [ 419/1868] administrador,_ra... ✅
  [ 420/1868] administrar... ✅
  [ 421/1868] adobado,_da... ✅
  [ 422/1868] adobo... ✅
  [ 423/1868] adoptar_una_escuela... ✅
  [ 424/1868] adoquinamiento... ✅
  [ 425/1868] adoratorio... ✅
  [ 426/1868] adormidera... ✅
  [ 427/1868] aduanal... ✅
  [ 428/1868] aducción... ✅
  [ 429/1868] aductor... ✅
  [ 430/1868] adueñarse... ✅
  [ 431/1868] advanced... ✅
  [ 432/1868] advenedizo,_za... ✅
  [ 433/1868] advertencia... ✅
  [ 434/1868] advertising... ✅
  [ 435/1868] advice... ✅
  [ 436/1868] aerobús... ✅
  [ 437/1868] aerolínea... ✅
  [ 438/1868] aeromoza... ✅
  [ 439/1868] aeroparque... ✅
  [ 440/1868] aeróbic... ✅
  [ 441/1868] aeróbico... ✅
  [ 442/1868] aeróbicos... ✅
  [ 443/1868] afectado,_da_del_pecho... ✅
  [ 444/1868] afectar... ✅
  [ 445/1868] afeitada... ✅
  [ 446/1868] afeitado... ✅
  [ 447/1868] aferrado,_da... ✅
  [ 448/1868] affidávit... ✅
  [ 449/1868] affirmative_action... ✅
  [ 450/1868] afiche... ✅
  [ 451/1868] afijarse... ✅
  [ 452/1868] afilado,_da... ✅
  [ 453/1868] afilar... ✅
  [ 454/1868] afilar_el_champion... ✅
  [ 455/1868] afilarse... ✅
  [ 456/1868] afilorar... ✅
  [ 457/1868] afinación... ✅
  [ 458/1868] afinamiento... ✅
  [ 459/1868] afinar... ✅
  [ 460/1868] afincado,_da... ✅
  [ 461/1868] afincarse... ✅
  [ 462/1868] afinque... ✅
  [ 463/1868] afirmativo... ✅
  [ 464/1868] afirolar... ✅
  [ 465/1868] afise... ✅
  [ 466/1868] afiseao,_seá... ✅
  [ 467/1868] aflojar... ✅
  [ 468/1868] aflojar_la_mosca... ✅
  [ 469/1868] aflojar_la_pepa... ✅
  [ 470/1868] aflojarse... ✅
  [ 471/1868] afoetear... ✅
  [ 472/1868] afrentado,_da... ✅
  [ 473/1868] african_look... ✅
  [ 474/1868] afro... ✅
  [ 475/1868] afrontado,_da... ✅
  [ 476/1868] aft... ✅
  [ 477/1868] after_hours... ✅
  [ 478/1868] after_party... ✅
  [ 479/1868] after_shave... ✅
  [ 480/1868] afterhours... ✅
  [ 481/1868] aftermarket... ✅
  [ 482/1868] afterpunk... ✅
  [ 483/1868] afuego... ✅
  [ 484/1868] afuera... ✅
  [ 485/1868] afuetear... ✅
  [ 486/1868] afuetiar... ✅
  [ 487/1868] agachado,_da... ✅
  [ 488/1868] agacharse... ✅
  [ 489/1868] agachón,_na... ✅
  [ 490/1868] agallado,_da... ✅
  [ 491/1868] agallao,_llá... ✅
  [ 492/1868] agallarse... ✅
  [ 493/1868] agallinarse... ✅
  [ 494/1868] agalludo,_da... ✅
  [ 495/1868] agallón... ✅
  [ 496/1868] agallú,_llúa... ✅
  [ 497/1868] agarradera... ✅
  [ 498/1868] agarradero... ✅
  [ 499/1868] agarranchado,_da... ✅
  [ 500/1868] agarrar... ✅
  [ 501/1868] agarrar_el_palo... ✅
  [ 502/1868] agarrarse... ✅
  [ 503/1868] agarre... ✅
  [ 504/1868] agarrón... ✅
  [ 505/1868] agatí... ✅
  [ 506/1868] age... ✅
  [ 507/1868] agencia... ✅
  [ 508/1868] agencia_acreditadora... ✅
  [ 509/1868] agencia_libre... ✅
  [ 510/1868] agenda... ✅
  [ 511/1868] agenda_escondida... ✅
  [ 512/1868] agentado,_da... ✅
  [ 513/1868] agentao,_tá... ✅
  [ 514/1868] agente_de_aduanas... ✅
  [ 515/1868] agente_libre... ✅
  [ 516/1868] agiaco... ✅
  [ 517/1868] agilado,_da... ✅
  [ 518/1868] agitado,_da... ✅
  [ 519/1868] agitar... ✅
  [ 520/1868] agitarse... ✅
  [ 521/1868] agite... ✅
  [ 522/1868] aglomeramiento... ✅
  [ 523/1868] aglutinarse... ✅
  [ 524/1868] agolpear... ✅
  [ 525/1868] agolpearse... ✅
  [ 526/1868] agoniar... ✅
  [ 527/1868] agonioso,_sa... ✅
  [ 528/1868] agonizo... ✅
  [ 529/1868] agora... ✅
  [ 530/1868] agracejo... ✅
  [ 531/1868] agregado,_da... ✅
  [ 532/1868] agregado... ✅
  [ 533/1868] agregador... ✅
  [ 534/1868] agregar... ✅
  [ 535/1868] agregarse... ✅
  [ 536/1868] agrego... ✅
  [ 537/1868] agresividad... ✅
  [ 538/1868] agresivo,_va... ✅
  [ 539/1868] agriado,_da... ✅
  [ 540/1868] agricultor... ✅
  [ 541/1868] agriera... ✅
  [ 542/1868] agrifado,_da... ✅
  [ 543/1868] agringado,_da... ✅
  [ 544/1868] agringarse... ✅
  [ 545/1868] agrioso,_sa... ✅
  [ 546/1868] agriparse... ✅
  [ 547/1868] agroecológico,_ca... ✅
  [ 548/1868] agrupación... ✅
  [ 549/1868] agrura... ✅
  [ 550/1868] agua_de_chirre... ✅
  [ 551/1868] agua_de_coco... ✅
  [ 552/1868] agua_de_fregado... ✅
  [ 553/1868] agua_de_jamaica... ✅
  [ 554/1868] agua_de_piringa... ✅
  [ 555/1868] agua_de_soda... ✅
  [ 556/1868] agua_lubia... ✅
  [ 557/1868] agua_medicinal... ✅
  [ 558/1868] agua_melao... ✅
  [ 559/1868] agua_puesta... ✅
  [ 560/1868] aguacatado,_da... ✅
  [ 561/1868] aguacatal... ✅
  [ 562/1868] aguacate... ✅
  [ 563/1868] aguacate_cimarrón... ✅
  [ 564/1868] aguacatero,_ra... ✅
  [ 565/1868] aguacatero... ✅
  [ 566/1868] aguacatillo... ✅
  [ 567/1868] aguacatón,_na... ✅
  [ 568/1868] aguacero... ✅
  [ 569/1868] aguachado,_da... ✅
  [ 570/1868] aguacharse... ✅
  [ 571/1868] aguachento,_ta... ✅
  [ 572/1868] aguachinangado,_da... ✅
  [ 573/1868] aguachoso,_sa... ✅
  [ 574/1868] aguachosos... ✅
  [ 575/1868] aguacil... ✅
  [ 576/1868] aguada... ✅
  [ 577/1868] aguadera... ✅
  [ 578/1868] aguadeño,_ña... ✅
  [ 579/1868] aguadillano,_na... ✅
  [ 580/1868] aguado,_da... ✅
  [ 581/1868] aguaitar... ✅
  [ 582/1868] aguajanado,_da... ✅
  [ 583/1868] aguajanar... ✅
  [ 584/1868] aguaje... ✅
  [ 585/1868] aguajear... ✅
  [ 586/1868] aguajero,_ra... ✅
  [ 587/1868] aguají... ✅
  [ 588/1868] aguají_arará... ✅
  [ 589/1868] agualoja... ✅
  [ 590/1868] aguantadero... ✅
  [ 591/1868] aguantador... ✅
  [ 592/1868] aguantagorra... ✅
  [ 593/1868] aguantar... ✅
  [ 594/1868] aguantar_el_caballito... ✅
  [ 595/1868] aguantar_el_forro... ✅
  [ 596/1868] aguantar_el_gorro... ✅
  [ 597/1868] aguantar_el_pico... ✅
  [ 598/1868] aguantar_en_la_prima... ✅
  [ 599/1868] aguantar_la_lengua... ✅
  [ 600/1868] aguante... ✅
  [ 601/1868] aguantón,_na... ✅
  [ 602/1868] aguaparse... ✅
  [ 603/1868] aguapiringa... ✅
  [ 604/1868] aguaraparse... ✅
  [ 605/1868] aguardiente... ✅
  [ 606/1868] aguaretado,_da... ✅
  [ 607/1868] aguaretarse... ✅
  [ 608/1868] aguarse_el_seso... ✅
  [ 609/1868] aguarse_los_ojos... ✅
  [ 610/1868] aguas_negras... ✅
  [ 611/1868] aguas_usadas... ✅
  [ 612/1868] aguasbonense... ✅
  [ 613/1868] aguatero,_ra... ✅
  [ 614/1868] aguaviva... ✅
  [ 615/1868] agucat... ✅
  [ 616/1868] agudez... ✅
  [ 617/1868] aguilandero,_ra... ✅
  [ 618/1868] aguilando... ✅
  [ 619/1868] aguililla... ✅
  [ 620/1868] aguinaldero,_ra... ✅
  [ 621/1868] aguinaldo... ✅
  [ 622/1868] aguinaldo_amarillo... ✅
  [ 623/1868] aguja... ✅
  [ 624/1868] aguja_azul... ✅
  [ 625/1868] aguja_blanca... ✅
  [ 626/1868] agujero_negro... ✅
  [ 627/1868] agujeta... ✅
  [ 628/1868] agujetero... ✅
  [ 629/1868] agujón... ✅
  [ 630/1868] aguso... ✅
  [ 631/1868] agutí... ✅
  [ 632/1868] aguzado,_da... ✅
  [ 633/1868] aguzamiento... ✅
  [ 634/1868] aguzar... ✅
  [ 635/1868] aguzarse... ✅
  [ 636/1868] aguársele_la_boca... ✅
  [ 637/1868] agüecador... ✅
  [ 638/1868] agüita_fina... ✅
  [ 639/1868] agüitas... ✅
  [ 640/1868] ah... ✅
  [ 641/1868] ahechador_de_bagazo... ✅
  [ 642/1868] ahijado,_da... ✅
  [ 643/1868] ahilar... ✅
  [ 644/1868] ahitado,_da... ✅
  [ 645/1868] ahitarse... ✅
  [ 646/1868] ahocicar... ✅
  [ 647/1868] ahogado,_da... ✅
  [ 648/1868] ahogado_en_deudas... ✅
  [ 649/1868] ahogo... ✅
  [ 650/1868] ahoguillado,_da... ✅
  [ 651/1868] ahoguillarse... ✅
  [ 652/1868] ahoguillento,_ta... ✅
  [ 653/1868] ahoguillo... ✅
  [ 654/1868] ahora... ✅
  [ 655/1868] ahora_es_cuando_es... ✅
  [ 656/1868] ahorcado... ✅
  [ 657/1868] ahorcar... ✅
  [ 658/1868] ahorita... ✅
  [ 659/1868] ahorrarse... ✅
  [ 660/1868] ahuevado,_da... ✅
  [ 661/1868] ahuevar... ✅
  [ 662/1868] ahí... ✅
  [ 663/1868] ahí_alantito... ✅
  [ 664/1868] ahí_fue_donde_la_puerca_entorchó_el_rabo... ✅
  [ 665/1868] ahí_fue_que_la_cagó... ✅
  [ 666/1868] ahí_mismito... ✅
  [ 667/1868] ahí_quedaste... ✅
  [ 668/1868] aiboniteño,_ña... ✅
  [ 669/1868] aids... ✅
  [ 670/1868] ajilachado,_da... ✅
  [ 671/1868] ajilado,_da... ✅
  [ 672/1868] ajilar... ✅
  [ 673/1868] ajilarse... ✅
  [ 674/1868] ajisal... ✅
  [ 675/1868] ajocicar... ✅
  [ 676/1868] ajogar... ✅
  [ 677/1868] ajogo... ✅
  [ 678/1868] ajoguillado,_da... ✅
  [ 679/1868] ajoguillarse... ✅
  [ 680/1868] ajoguillento,_ta... ✅
  [ 681/1868] ajoguillo... ✅
  [ 682/1868] ajojotado,_da... ✅
  [ 683/1868] ajojotarse... ✅
  [ 684/1868] ajonjolí... ✅
  [ 685/1868] ajoración... ✅
  [ 686/1868] ajorado,_da... ✅
  [ 687/1868] ajorar... ✅
  [ 688/1868] ajorar_el_árbol... ✅
  [ 689/1868] ajorarse... ✅
  [ 690/1868] ajoro... ✅
  [ 691/1868] ajoscado,_da... ✅
  [ 692/1868] ajotamiento... ✅
  [ 693/1868] ajotar... ✅
  [ 694/1868] ajotar_los_perros_y_después_treparse... ✅
  [ 695/1868] ajuera... ✅
  [ 696/1868] ajumado,_da... ✅
  [ 697/1868] ajumarse... ✅
  [ 698/1868] ajumarse_el_pescao... ✅
  [ 699/1868] ajustar... ✅
  [ 700/1868] ajuste... ✅
  [ 701/1868] ajuste_de_molino... ✅
  [ 702/1868] ají_blanco... ✅
  [ 703/1868] ají_bravo... ✅
  [ 704/1868] ají_caballero... ✅
  [ 705/1868] ají_cachucha... ✅
  [ 706/1868] ají_caribe... ✅
  [ 707/1868] ají_dulce... ✅
  [ 708/1868] ají_jobo... ✅
  [ 709/1868] ají_picante... ✅
  [ 710/1868] ají_pico_de_paloma... ✅
  [ 711/1868] al_anca... ✅
  [ 712/1868] al_bagazo,_poco_caso... ✅
  [ 713/1868] al_barrer... ✅
  [ 714/1868] al_calce... ✅
  [ 715/1868] al_candungo... ✅
  [ 716/1868] al_cantazo... ✅
  [ 717/1868] al_canto... ✅
  [ 718/1868] al_canto_del_pitirre... ✅
  [ 719/1868] al_cantío_de_un_gallo... ✅
  [ 720/1868] al_cantío_del_pitirre... ✅
  [ 721/1868] al_centavo... ✅
  [ 722/1868] al_chorro... ✅
  [ 723/1868] al_comprado... ✅
  [ 724/1868] al_contado_rabioso... ✅
  [ 725/1868] al_cuarenta... ✅
  [ 726/1868] al_cuarto... ✅
  [ 727/1868] al_cuido... ✅
  [ 728/1868] al_escurecer... ✅
  [ 729/1868] al_fin_de_cuentas... ✅
  [ 730/1868] al_final_del_día... ✅
  [ 731/1868] al_güipipío... ✅
  [ 732/1868] al_juipipío... ✅
  [ 733/1868] al_momento... ✅
  [ 734/1868] al_muntuntún... ✅
  [ 735/1868] al_ojo... ✅
  [ 736/1868] al_ojo_por_ciento... ✅
  [ 737/1868] al_oro... ✅
  [ 738/1868] al_otro_día... ✅
  [ 739/1868] al_palo... ✅
  [ 740/1868] al_parel... ✅
  [ 741/1868] al_paso_que_dura_y_no_madura... ✅
  [ 742/1868] al_pelo... ✅
  [ 743/1868] al_pendiente... ✅
  [ 744/1868] al_primer_tapón,_zurrapa... ✅
  [ 745/1868] al_rescoldo... ✅
  [ 746/1868] al_runtuntún... ✅
  [ 747/1868] al_tercio... ✅
  [ 748/1868] al_terral... ✅
  [ 749/1868] al_terrero... ✅
  [ 750/1868] al_tiempo... ✅
  [ 751/1868] al_treintiocho... ✅
  [ 752/1868] al_tronco... ✅
  [ 753/1868] ala_de_mosca... ✅
  [ 754/1868] ala_de_pájaro... ✅
  [ 755/1868] ala_de_ángel... ✅
  [ 756/1868] alabancia... ✅
  [ 757/1868] alabancioso,_sa... ✅
  [ 758/1868] alabeo... ✅
  [ 759/1868] alabiar... ✅
  [ 760/1868] alacena... ✅
  [ 761/1868] alacrancillo... ✅
  [ 762/1868] alacranera... ✅
  [ 763/1868] alacrán... ✅
  [ 764/1868] alajes... ✅
  [ 765/1868] alambiquero,_ra... ✅
  [ 766/1868] alambiquería... ✅
  [ 767/1868] alambre... ✅
  [ 768/1868] alambrera... ✅
  [ 769/1868] alas_de_ángel... ✅
  [ 770/1868] alazana... ✅
  [ 771/1868] alazán,_na... ✅
  [ 772/1868] albacerar... ✅
  [ 773/1868] albacora... ✅
  [ 774/1868] albaricoque... ✅
  [ 775/1868] albarillo... ✅
  [ 776/1868] albayalde... ✅
  [ 777/1868] albayarde... ✅
  [ 778/1868] albino,_na... ✅
  [ 779/1868] albisia... ✅
  [ 780/1868] alborada... ✅
  [ 781/1868] alboronía... ✅
  [ 782/1868] alborotarse... ✅
  [ 783/1868] alborotarse_el_avispero... ✅
  [ 784/1868] alborotarse_el_gallinero... ✅
  [ 785/1868] alborotero,_ra... ✅
  [ 786/1868] alborotería... ✅
  [ 787/1868] alborotoso,_sa... ✅
  [ 788/1868] alburaniya... ✅
  [ 789/1868] albures... ✅
  [ 790/1868] alca... ✅
  [ 791/1868] alcachofa... ✅
  [ 792/1868] alcahuete,_ta... ✅
  [ 793/1868] alcahuetear... ✅
  [ 794/1868] alcahuetería... ✅
  [ 795/1868] alcahuetes... ✅
  [ 796/1868] alcancía... ✅
  [ 797/1868] alcapone... ✅
  [ 798/1868] alcapurria... ✅
  [ 799/1868] alcapurriada... ✅
  [ 800/1868] alcapón... ✅
  [ 801/1868] alcatraz... ✅
  [ 802/1868] alcayata... ✅
  [ 803/1868] alce... ✅
  [ 804/1868] alceiba... ✅
  [ 805/1868] alciba... ✅
  [ 806/1868] alco... ✅
  [ 807/1868] alcoholado... ✅
  [ 808/1868] alcuza... ✅
  [ 809/1868] aldaba... ✅
  [ 810/1868] ale... ✅
  [ 811/1868] alebrestado,_da... ✅
  [ 812/1868] alebrestarse... ✅
  [ 813/1868] alecrín... ✅
  [ 814/1868] alegadamente... ✅
  [ 815/1868] alegar... ✅
  [ 816/1868] alegatos... ✅
  [ 817/1868] alegría... ✅
  [ 818/1868] alegrón,_na... ✅
  [ 819/1868] alelaila... ✅
  [ 820/1868] aleluya... ✅
  [ 821/1868] aleluyar... ✅
  [ 822/1868] aleluyarse... ✅
  [ 823/1868] aleluyas... ✅
  [ 824/1868] alelí... ✅
  [ 825/1868] alelí_rojo... ✅
  [ 826/1868] alentado,_da... ✅
  [ 827/1868] alentarse... ✅
  [ 828/1868] alergia... ✅
  [ 829/1868] aleta... ✅
  [ 830/1868] aleta_amarilla... ✅
  [ 831/1868] aletazo... ✅
  [ 832/1868] aletear... ✅
  [ 833/1868] aleteo... ✅
  [ 834/1868] alfajor... ✅
  [ 835/1868] alfajía... ✅
  [ 836/1868] alfañique... ✅
  [ 837/1868] alferecía... ✅
  [ 838/1868] alfilerillo... ✅
  [ 839/1868] alforja... ✅
  [ 840/1868] algaretismo... ✅
  [ 841/1868] algarroba... ✅
  [ 842/1868] algarrobo... ✅
  [ 843/1868] algo... ✅
  [ 844/1868] algo_como_eso... ✅
  [ 845/1868] algodoncillo... ✅
  [ 846/1868] algodón_de_yuca... ✅
  [ 847/1868] algol... ✅
  [ 848/1868] alguien... ✅
  [ 849/1868] alhelí... ✅
  [ 850/1868] alhelí_rojo... ✅
  [ 851/1868] aliberto_al_palo... ✅
  [ 852/1868] alibi... ✅
  [ 853/1868] aliblanca... ✅
  [ 854/1868] aliblanco... ✅
  [ 855/1868] alibí... ✅
  [ 856/1868] alicate... ✅
  [ 857/1868] alicorto... ✅
  [ 858/1868] alien... ✅
  [ 859/1868] aligátor... ✅
  [ 860/1868] alilaila... ✅
  [ 861/1868] alilargo... ✅
  [ 862/1868] alimar... ✅
  [ 863/1868] alimentador_de_caldera... ✅
  [ 864/1868] alimentador_de_molino... ✅
  [ 865/1868] alimentar_la_pupila... ✅
  [ 866/1868] alimentar_las_pupilas... ✅
  [ 867/1868] alimentoso,_sa... ✅
  [ 868/1868] alimoni... ✅
  [ 869/1868] alimonia... ✅
  [ 870/1868] alimony... ✅
  [ 871/1868] alimonía... ✅
  [ 872/1868] alinear_las_calles... ✅
  [ 873/1868] alinearse... ✅
  [ 874/1868] alisado... ✅
  [ 875/1868] alisios... ✅
  [ 876/1868] alistado... ✅
  [ 877/1868] aliviar... ✅
  [ 878/1868] aljibe... ✅
  [ 879/1868] alka... ✅
  [ 880/1868] all_around... ✅
  [ 881/1868] all_right... ✅
  [ 882/1868] all_star... ✅
  [ 883/1868] allanamiento... ✅
  [ 884/1868] allanar... ✅
  [ 885/1868] allapa... ✅
  [ 886/1868] allaíto... ✅
  [ 887/1868] allegado,_da... ✅
  [ 888/1868] alley-hop... ✅
  [ 889/1868] alley_hop... ✅
  [ 890/1868] alligator... ✅
  [ 891/1868] alligator_clip... ✅
  [ 892/1868] allowance... ✅
  [ 893/1868] allá_juana_con_sus_pollos... ✅
  [ 894/1868] allá_marta_con_sus_pollos... ✅
  [ 895/1868] allá_te_las_campanees... ✅
  [ 896/1868] almacigado,_da... ✅
  [ 897/1868] almacigarse... ✅
  [ 898/1868] almatroste... ✅
  [ 899/1868] almeja... ✅
  [ 900/1868] almendra... ✅
  [ 901/1868] almendrillo... ✅
  [ 902/1868] almendro... ✅
  [ 903/1868] almendrón... ✅
  [ 904/1868] almohadilla... ✅
  [ 905/1868] almohadín... ✅
  [ 906/1868] almohaza... ✅
  [ 907/1868] almojábana... ✅
  [ 908/1868] almud... ✅
  [ 909/1868] almuercero,_ra... ✅
  [ 910/1868] almácigo... ✅
  [ 911/1868] alocar... ✅
  [ 912/1868] alongar... ✅
  [ 913/1868] alquilado,_da... ✅
  [ 914/1868] alquilarse... ✅
  [ 915/1868] alquitarán_marino... ✅
  [ 916/1868] alquitrele... ✅
  [ 917/1868] alquitrete... ✅
  [ 918/1868] alquitrán... ✅
  [ 919/1868] alta_definición... ✅
  [ 920/1868] alta_presión... ✅
  [ 921/1868] altamente... ✅
  [ 922/1868] altea... ✅
  [ 923/1868] alternar... ✅
  [ 924/1868] alto_en_vitaminas... ✅
  [ 925/1868] alto_sano... ✅
  [ 926/1868] alto_standing... ✅
  [ 927/1868] altoparlante... ✅
  [ 928/1868] altos... ✅
  [ 929/1868] altura... ✅
  [ 930/1868] alturas... ✅
  [ 931/1868] altureño,_ña... ✅
  [ 932/1868] alturiano,_na... ✅
  [ 933/1868] aluego... ✅
  [ 934/1868] alumbrar... ✅
  [ 935/1868] alumbre... ✅
  [ 936/1868] aluminio... ✅
  [ 937/1868] aluvión... ✅
  [ 938/1868] aluzar... ✅
  [ 939/1868] aluzarse... ✅
  [ 940/1868] alvellana... ✅
  [ 941/1868] alza... ✅
  [ 942/1868] alzacola... ✅
  [ 943/1868] alzado,_da... ✅
  [ 944/1868] alzapié... ✅
  [ 945/1868] alzar... ✅
  [ 946/1868] alzar_el_día... ✅
  [ 947/1868] alzarse... ✅
  [ 948/1868] alzá... ✅
  [ 949/1868] alón,_na... ✅
  [ 950/1868] am... ✅
  [ 951/1868] amacharse... ✅
  [ 952/1868] amachorrarse... ✅
  [ 953/1868] amague... ✅
  [ 954/1868] amaldecir... ✅
  [ 955/1868] amamantado,_da... ✅
  [ 956/1868] amamantar... ✅
  [ 957/1868] amanecerse... ✅
  [ 958/1868] amanecida... ✅
  [ 959/1868] amanezca... ✅
  [ 960/1868] amanezquera... ✅
  [ 961/1868] amansador,_ra... ✅
  [ 962/1868] amansaguapo... ✅
  [ 963/1868] amanzaguapo... ✅
  [ 964/1868] amapola... ✅
  [ 965/1868] amapuchador,_ra... ✅
  [ 966/1868] amapuchar... ✅
  [ 967/1868] amapucho... ✅
  [ 968/1868] amaraca... ✅
  [ 969/1868] amaranto... ✅
  [ 970/1868] amarcigado,_da... ✅
  [ 971/1868] amarcigarse... ✅
  [ 972/1868] amariconarse... ✅
  [ 973/1868] amarilla... ✅
  [ 974/1868] amarillarse... ✅
  [ 975/1868] amarillearse... ✅
  [ 976/1868] amarillo,_lla... ✅
  [ 977/1868] amarillo... ✅
  [ 978/1868] amarilloso,_sa... ✅
  [ 979/1868] amarra... ✅
  [ 980/1868] amarradera... ✅
  [ 981/1868] amarrado,_da... ✅
  [ 982/1868] amarrado... ✅
  [ 983/1868] amarrar... ✅
  [ 984/1868] amarrar_machete... ✅
  [ 985/1868] amarrar_majuana... ✅
  [ 986/1868] amarrarse_a_un_muerto_inglés... ✅
  [ 987/1868] amarrarse_los_pantalones... ✅
  [ 988/1868] amarre... ✅
  [ 989/1868] amarrijo... ✅
  [ 990/1868] amarroso,_sa... ✅
  [ 991/1868] amartiguar... ✅
  [ 992/1868] amartiguarse... ✅
  [ 993/1868] amasador... ✅
  [ 994/1868] amateur... ✅
  [ 995/1868] amatojarse... ✅
  [ 996/1868] amañado,_da... ✅
  [ 997/1868] amañado... ✅
  [ 998/1868] amañamiento... ✅
  [ 999/1868] amañar... ✅
  [1000/1868] amañarse... ✅
  [1001/1868] ambicioso,_sa... ✅
  [1002/1868] ambición... ✅
  [1003/1868] ambidiestro,_tra... ✅
  [1004/1868] ambidiestro... ✅
  [1005/1868] ambientalista... ✅
  [1006/1868] ambiente... ✅
  [1007/1868] amediasto... ✅
  [1008/1868] ameiva... ✅
  [1009/1868] amelcochado,_da... ✅
  [1010/1868] amelcochar... ✅
  [1011/1868] amelcocharse... ✅
  [1012/1868] amenidades... ✅
  [1013/1868] amerengado,_da... ✅
  [1014/1868] amerengarse... ✅
  [1015/1868] americano,_na... ✅
  [1016/1868] americucho,_cha... ✅
  [1017/1868] ameritado,_da... ✅
  [1018/1868] ameritar... ✅
  [1019/1868] amical... ✅
  [1020/1868] amiga... ✅
  [1021/1868] amigo,_ga... ✅
  [1022/1868] amigo_de_gancho_y_rancho... ✅
  [1023/1868] amigo_es_el_ratón_del_queso... ✅
  [1024/1868] amistad... ✅
  [1025/1868] amistad_de_cadeneta... ✅
  [1026/1868] amistad_de_doble_pespunte... ✅
  [1027/1868] amito... ✅
  [1028/1868] amo,_ma... ✅
  [1029/1868] amocolado,_da... ✅
  [1030/1868] amogollado,_da... ✅
  [1031/1868] amogollarse... ✅
  [1032/1868] amogotarse... ✅
  [1033/1868] amojonamiento... ✅
  [1034/1868] amojonarse... ✅
  [1035/1868] amoladora... ✅
  [1036/1868] amolarse... ✅
  [1037/1868] amolarse_los_colmillos... ✅
  [1038/1868] amolletado,_da... ✅
  [1039/1868] amonguillarse... ✅
  [1040/1868] amoquillarse... ✅
  [1041/1868] amor_de_gato... ✅
  [1042/1868] amor_del_cerdo... ✅
  [1043/1868] amoretonado,_da... ✅
  [1044/1868] amorfo,_fa... ✅
  [1045/1868] amortiguado,_da... ✅
  [1046/1868] amortiguado... ✅
  [1047/1868] amortiguar... ✅
  [1048/1868] amoscarse... ✅
  [1049/1868] amostazarse... ✅
  [1050/1868] amotetado,_da... ✅
  [1051/1868] amotetarse... ✅
  [1052/1868] amozado,_da... ✅
  [1053/1868] amozarse... ✅
  [1054/1868] ampalaba... ✅
  [1055/1868] ampolleta... ✅
  [1056/1868] ampáyer... ✅
  [1057/1868] amugado,_da... ✅
  [1058/1868] amugar... ✅
  [1059/1868] amusgar... ✅
  [1060/1868] amíndolas... ✅
  [1061/1868] ana... ✅
  [1062/1868] anaboria... ✅
  [1063/1868] anacagüita... ✅
  [1064/1868] anacahuita... ✅
  [1065/1868] anafre... ✅
  [1066/1868] anaiboa... ✅
  [1067/1868] analfabestia... ✅
  [1068/1868] analista... ✅
  [1069/1868] analista_de_control... ✅
  [1070/1868] analista_de_fábrica... ✅
  [1071/1868] anamú... ✅
  [1072/1868] anamú_cadillo_pequeque... ✅
  [1073/1868] anamú_rabo_de_ratón... ✅
  [1074/1868] ananás... ✅
  [1075/1868] anaquel... ✅
  [1076/1868] anatto... ✅
  [1077/1868] anchoa_pelada... ✅
  [1078/1868] anchorman... ✅
  [1079/1868] ancla... ✅
  [1080/1868] anclarse... ✅
  [1081/1868] anconaje... ✅
  [1082/1868] ancón... ✅
  [1083/1868] andana... ✅
  [1084/1868] andancia... ✅
  [1085/1868] andar_como_químico... ✅
  [1086/1868] andar_con_el_culo_en_las_manos... ✅
  [1087/1868] andar_con_miqueos... ✅
  [1088/1868] andar_con_paños_tibios... ✅
  [1089/1868] andar_con_repelillos... ✅
  [1090/1868] andar_en_automático... ✅
  [1091/1868] andar_en_banda... ✅
  [1092/1868] andar_en_pinguillas... ✅
  [1093/1868] andar_en_pinguinillas... ✅
  [1094/1868] andar_la_seca_y_la_meca... ✅
  [1095/1868] andar_la_seca_y_la_meca_y_la_tuntuneca... ✅
  [1096/1868] andar_mosca... ✅
  [1097/1868] andar_por_los_imbornales... ✅
  [1098/1868] andar_virado... ✅
  [1099/1868] andareguear... ✅
  [1100/1868] andariveles... ✅
  [1101/1868] ande... ✅
  [1102/1868] andenes... ✅
  [1103/1868] andullo,_andullo,_quítate_eso,_que_no_es_tuyo... ✅
  [1104/1868] andullo... ✅
  [1105/1868] anejar... ✅
  [1106/1868] anemoscá... ✅
  [1107/1868] anexionista... ✅
  [1108/1868] anfibio,_bia... ✅
  [1109/1868] angelita... ✅
  [1110/1868] angelita_del_cafetal... ✅
  [1111/1868] angelón... ✅
  [1112/1868] angina... ✅
  [1113/1868] angolo,_la... ✅
  [1114/1868] anguila... ✅
  [1115/1868] angulares... ✅
  [1116/1868] anguliar... ✅
  [1117/1868] anidado,_da... ✅
  [1118/1868] anidarse... ✅
  [1119/1868] aniegar... ✅
  [1120/1868] aniguamar... ✅
  [1121/1868] animación... ✅
  [1122/1868] animador,_ra... ✅
  [1123/1868] animal... ✅
  [1124/1868] animal_collera... ✅
  [1125/1868] animal_print... ✅
  [1126/1868] animalito... ✅
  [1127/1868] animita... ✅
  [1128/1868] aniquelao,_lá... ✅
  [1129/1868] aniquelar... ✅
  [1130/1868] aniquelarse... ✅
  [1131/1868] anivelador... ✅
  [1132/1868] anivelar... ✅
  [1133/1868] anki... ✅
  [1134/1868] anly... ✅
  [1135/1868] anochecerse... ✅
  [1136/1868] anochecido,_da... ✅
  [1137/1868] anochezca... ✅
  [1138/1868] anolis... ✅
  [1139/1868] anona... ✅
  [1140/1868] anoncillo... ✅
  [1141/1868] anoncillo_negro... ✅
  [1142/1868] anonillo... ✅
  [1143/1868] anorak... ✅
  [1144/1868] anotación... ✅
  [1145/1868] anotado,_da... ✅
  [1146/1868] anotador,_ra... ✅
  [1147/1868] anotar... ✅
  [1148/1868] anque... ✅
  [1149/1868] ansias... ✅
  [1150/1868] ansina... ✅
  [1151/1868] ansuelo... ✅
  [1152/1868] ansí... ✅
  [1153/1868] antagonizar... ✅
  [1154/1868] antantier... ✅
  [1155/1868] antenas... ✅
  [1156/1868] anteojos... ✅
  [1157/1868] antesala... ✅
  [1158/1868] antesalista... ✅
  [1159/1868] antiantier... ✅
  [1160/1868] antiayer... ✅
  [1161/1868] anticipar... ✅
  [1162/1868] antidopaje... ✅
  [1163/1868] antidoping... ✅
  [1164/1868] antier... ✅
  [1165/1868] antifreeze... ✅
  [1166/1868] antillanía... ✅
  [1167/1868] antimotines... ✅
  [1168/1868] antipasto... ✅
  [1169/1868] antiperspirante... ✅
  [1170/1868] antiplástico,_ca... ✅
  [1171/1868] antiques... ✅
  [1172/1868] antisocial... ✅
  [1173/1868] antiséptico,_ca... ✅
  [1174/1868] antitrust... ✅
  [1175/1868] antivirus... ✅
  [1176/1868] antojado,_da... ✅
  [1177/1868] antojarse... ✅
  [1178/1868] antojera... ✅
  [1179/1868] antojitos... ✅
  [1180/1868] antojo_de_poeta... ✅
  [1181/1868] antojoso,_sa... ✅
  [1182/1868] anudar... ✅
  [1183/1868] anyway... ✅
  [1184/1868] anzuelo... ✅
  [1185/1868] análogo... ✅
  [1186/1868] aní... ✅
  [1187/1868] aní_de_la_sabana... ✅
  [1188/1868] aní_judío... ✅
  [1189/1868] anón... ✅
  [1190/1868] anón_cimarrón... ✅
  [1191/1868] aonde... ✅
  [1192/1868] aovara... ✅
  [1193/1868] aoyado... ✅
  [1194/1868] apabuchar... ✅
  [1195/1868] apabujarse... ✅
  [1196/1868] apabullar... ✅
  [1197/1868] apachochado,_da... ✅
  [1198/1868] apachurrado,_da... ✅
  [1199/1868] apachurrar... ✅
  [1200/1868] apachurrarse... ✅
  [1201/1868] apagar... ✅
  [1202/1868] apagarse... ✅
  [1203/1868] apagavelas... ✅
  [1204/1868] apalastrado,_da... ✅
  [1205/1868] apalastrarse... ✅
  [1206/1868] apalencado,_da... ✅
  [1207/1868] apanado,_da... ✅
  [1208/1868] apaniguado,_da... ✅
  [1209/1868] apapacho... ✅
  [1210/1868] apapujado,_da... ✅
  [1211/1868] apapujamiento... ✅
  [1212/1868] aparador... ✅
  [1213/1868] aparagilayo,_ya... ✅
  [1214/1868] aparaguayo... ✅
  [1215/1868] aparar... ✅
  [1216/1868] aparatos... ✅
  [1217/1868] aparcelado,_da... ✅
  [1218/1868] aparcha... ✅
  [1219/1868] aparejar... ✅
  [1220/1868] aparejo... ✅
  [1221/1868] aparente... ✅
  [1222/1868] aparranado,_da... ✅
  [1223/1868] aparranarse... ✅
  [1224/1868] apartamento... ✅
  [1225/1868] apartheid... ✅
  [1226/1868] apartotel... ✅
  [1227/1868] apastadero... ✅
  [1228/1868] apañar... ✅
  [1229/1868] apear... ✅
  [1230/1868] apearse_por_la_cola... ✅
  [1231/1868] apearse_por_las_orejas... ✅
  [1232/1868] apechado,_da... ✅
  [1233/1868] apechar... ✅
  [1234/1868] apechar_algo... ✅
  [1235/1868] apegamiento... ✅
  [1236/1868] apelichar... ✅
  [1237/1868] apelotarse... ✅
  [1238/1868] apenado,_da... ✅
  [1239/1868] apendejado,_da... ✅
  [1240/1868] apendejamiento... ✅
  [1241/1868] apendejarse... ✅
  [1242/1868] apendoctomía... ✅
  [1243/1868] aperada... ✅
  [1244/1868] apercatarse... ✅
  [1245/1868] aperchar... ✅
  [1246/1868] aperos... ✅
  [1247/1868] apertrechado,_da... ✅
  [1248/1868] apertrechamiento... ✅
  [1249/1868] apertrecharse... ✅
  [1250/1868] apestado,_da... ✅
  [1251/1868] apestar... ✅
  [1252/1868] apestillado,_da... ✅
  [1253/1868] apestillamiento... ✅
  [1254/1868] apestillar... ✅
  [1255/1868] apestillarse... ✅
  [1256/1868] apestosidad... ✅
  [1257/1868] apestoso,_sa... ✅
  [1258/1868] apichu... ✅
  [1259/1868] apilonar... ✅
  [1260/1868] apimparse... ✅
  [1261/1868] apimpollarse... ✅
  [1262/1868] apio... ✅
  [1263/1868] apio_tuberoso... ✅
  [1264/1868] apipada... ✅
  [1265/1868] apiparse... ✅
  [1266/1868] apitar... ✅
  [1267/1868] apito... ✅
  [1268/1868] aplanacalles... ✅
  [1269/1868] aplanador,_ra... ✅
  [1270/1868] aplanadora... ✅
  [1271/1868] aplanar_las_calles... ✅
  [1272/1868] aplastamiento... ✅
  [1273/1868] aplatanado,_da... ✅
  [1274/1868] aplatanamiento... ✅
  [1275/1868] aplatanarse... ✅
  [1276/1868] aplazado,_da... ✅
  [1277/1868] aplegujar... ✅
  [1278/1868] aplegujarse... ✅
  [1279/1868] aplegujo... ✅
  [1280/1868] aplejugado,_da... ✅
  [1281/1868] aplicación... ✅
  [1282/1868] aplicante... ✅
  [1283/1868] aplicar... ✅
  [1284/1868] aplicar_el_don_del_pie... ✅
  [1285/1868] aplicar_la_tijera... ✅
  [1286/1868] aplomar... ✅
  [1287/1868] aplomarse... ✅
  [1288/1868] apoderamiento... ✅
  [1289/1868] apodo... ✅
  [1290/1868] apolismado,_da... ✅
  [1291/1868] apolismar... ✅
  [1292/1868] apoltronarse... ✅
  [1293/1868] aporcadura... ✅
  [1294/1868] aporcar... ✅
  [1295/1868] aporque... ✅
  [1296/1868] aposarse... ✅
  [1297/1868] apostador,_ra... ✅
  [1298/1868] apostador_de_boquilla... ✅
  [1299/1868] apostar_pesos_a_morisquetas... ✅
  [1300/1868] apotalar... ✅
  [1301/1868] apoyada... ✅
  [1302/1868] apoyar... ✅
  [1303/1868] apoyo... ✅
  [1304/1868] apozarse... ✅
  [1305/1868] app... ✅
  [1306/1868] appeal... ✅
  [1307/1868] appliances... ✅
  [1308/1868] appointment... ✅
  [1309/1868] approach... ✅
  [1310/1868] apreciable... ✅
  [1311/1868] aprepinguarse... ✅
  [1312/1868] apresinarse... ✅
  [1313/1868] apretadera... ✅
  [1314/1868] apretado,_da... ✅
  [1315/1868] apretadura... ✅
  [1316/1868] apretar... ✅
  [1317/1868] apretujamiento... ✅
  [1318/1868] apretujarse... ✅
  [1319/1868] apretársele_el_pecho... ✅
  [1320/1868] apretón... ✅
  [1321/1868] aprevenido,_da... ✅
  [1322/1868] aprevenir... ✅
  [1323/1868] apriesa... ✅
  [1324/1868] aprietaculo... ✅
  [1325/1868] aprimorado,_da... ✅
  [1326/1868] aprimorarse... ✅
  [1327/1868] aprometer... ✅
  [1328/1868] aprontado,_da... ✅
  [1329/1868] aprontamiento... ✅
  [1330/1868] apropiación... ✅
  [1331/1868] apropinguarse... ✅
  [1332/1868] aprín... ✅
  [1333/1868] apubillado,_da... ✅
  [1334/1868] apuesta... ✅
  [1335/1868] apulparse... ✅
  [1336/1868] apuntado,_da... ✅
  [1337/1868] apuntar... ✅
  [1338/1868] apuntarse_el_baño... ✅
  [1339/1868] apuntillar... ✅
  [1340/1868] apurar... ✅
  [1341/1868] apurarse... ✅
  [1342/1868] apuro... ✅
  [1343/1868] apurruñar... ✅
  [1344/1868] apurón... ✅
  [1345/1868] apuyado... ✅
  [1346/1868] apuyao... ✅
  [1347/1868] apuñalear... ✅
  [1348/1868] apóstrofe... ✅
  [1349/1868] aquel_x... ✅
  [1350/1868] aquellado,_da... ✅
  [1351/1868] aqueridarse... ✅
  [1352/1868] aquietador... ✅
  [1353/1868] aquilón... ✅
  [1354/1868] ara... ✅
  [1355/1868] arabia... ✅
  [1356/1868] aracacha... ✅
  [1357/1868] arado,_da... ✅
  [1358/1868] arado_de_palo... ✅
  [1359/1868] arado_de_puya... ✅
  [1360/1868] arado_de_reja... ✅
  [1361/1868] arador... ✅
  [1362/1868] araguaco... ✅
  [1363/1868] aragón... ✅
  [1364/1868] arahuaco... ✅
  [1365/1868] arandela... ✅
  [1366/1868] arar... ✅
  [1367/1868] arará... ✅
  [1368/1868] arayto... ✅
  [1369/1868] araña... ✅
  [1370/1868] araña_peluda... ✅
  [1371/1868] arañita... ✅
  [1372/1868] arbolada... ✅
  [1373/1868] arca... ✅
  [1374/1868] arcabuco... ✅
  [1375/1868] archivar... ✅
  [1376/1868] ardentía... ✅
  [1377/1868] ardido,_da... ✅
  [1378/1868] ardilla... ✅
  [1379/1868] ardite... ✅
  [1380/1868] area... ✅
  [1381/1868] area_code... ✅
  [1382/1868] area_de_escala... ✅
  [1383/1868] arecibeño,_ña... ✅
  [1384/1868] areite... ✅
  [1385/1868] areito... ✅
  [1386/1868] arenal_playero... ✅
  [1387/1868] arenca... ✅
  [1388/1868] arenca_enyaguada... ✅
  [1389/1868] arenero... ✅
  [1390/1868] arenga... ✅
  [1391/1868] arenque... ✅
  [1392/1868] arepa... ✅
  [1393/1868] arepa_de_bacalao... ✅
  [1394/1868] arepa_de_coco... ✅
  [1395/1868] arepita... ✅
  [1396/1868] arepita_de_maíz... ✅
  [1397/1868] arestín... ✅
  [1398/1868] areta... ✅
  [1399/1868] areyte... ✅
  [1400/1868] areyto... ✅
  [1401/1868] areíto... ✅
  [1402/1868] argolla... ✅
  [1403/1868] argumento... ✅
  [1404/1868] ariete... ✅
  [1405/1868] arique... ✅
  [1406/1868] ariscar... ✅
  [1407/1868] arisco,_ca... ✅
  [1408/1868] arito... ✅
  [1409/1868] armadero... ✅
  [1410/1868] armado,_da... ✅
  [1411/1868] armador,_ra... ✅
  [1412/1868] armador... ✅
  [1413/1868] armadura... ✅
  [1414/1868] armamento... ✅
  [1415/1868] armamiento... ✅
  [1416/1868] armar_un_rancho... ✅
  [1417/1868] armarse... ✅
  [1418/1868] armarse_con_una_cosa... ✅
  [1419/1868] armarse_uno_con_una_cosa... ✅
  [1420/1868] armastrote... ✅
  [1421/1868] armatostre... ✅
  [1422/1868] armatroste... ✅
  [1423/1868] armazón... ✅
  [1424/1868] armi_worm... ✅
  [1425/1868] army... ✅
  [1426/1868] armyworm... ✅
  [1427/1868] armíndolas... ✅
  [1428/1868] arnillo... ✅
  [1429/1868] arnés... ✅
  [1430/1868] aro... ✅
  [1431/1868] arocoel... ✅
  [1432/1868] aroma... ✅
  [1433/1868] aros... ✅
  [1434/1868] arpa... ✅
  [1435/1868] arqueada... ✅
  [1436/1868] arquear... ✅
  [1437/1868] arqueo... ✅
  [1438/1868] arquitecto,_ta... ✅
  [1439/1868] arrabal... ✅
  [1440/1868] arrabiatar... ✅
  [1441/1868] arracacha... ✅
  [1442/1868] arraigán... ✅
  [1443/1868] arraiján... ✅
  [1444/1868] arraizar... ✅
  [1445/1868] arranado,_da... ✅
  [1446/1868] arranar... ✅
  [1447/1868] arranca... ✅
  [1448/1868] arrancada... ✅
  [1449/1868] arrancado,_da... ✅
  [1450/1868] arrancado... ✅
  [1451/1868] arrancar... ✅
  [1452/1868] arrancar_en_fa... ✅
  [1453/1868] arrancarle_a_uno_el_brazo... ✅
  [1454/1868] arrancarle_la_mano... ✅
  [1455/1868] arrancarse... ✅
  [1456/1868] arrancazón... ✅
  [1457/1868] arranchado,_da... ✅
  [1458/1868] arrancharse... ✅
  [1459/1868] arranque... ✅
  [1460/1868] arranquea... ✅
  [1461/1868] arranquera... ✅
  [1462/1868] arranquitis... ✅
  [1463/1868] arrasacontó... ✅
  [1464/1868] arrasado,_da... ✅
  [1465/1868] arrasar... ✅
  [1466/1868] arrastrada... ✅
  [1467/1868] arrastrado,_da... ✅
  [1468/1868] arrastrao,_trá... ✅
  [1469/1868] arrastrarse... ✅
  [1470/1868] arrastrarse_por_las_cunetas... ✅
  [1471/1868] arrastre... ✅
  [1472/1868] arraya... ✅
  [1473/1868] arrayado... ✅
  [1474/1868] arrayuelo... ✅
  [1475/1868] arrayán... ✅
  [1476/1868] arrayán_bobo... ✅
  [1477/1868] arreada... ✅
  [1478/1868] arrebatado,_da... ✅
  [1479/1868] arrebatao,_tá... ✅
  [1480/1868] arrebatar... ✅
  [1481/1868] arrebatarse... ✅
  [1482/1868] arrebato... ✅
  [1483/1868] arrebol... ✅
  [1484/1868] arrebolarse... ✅
  [1485/1868] arrechucho... ✅
  [1486/1868] arrecordarse... ✅
  [1487/1868] arrecostado,_da... ✅
  [1488/1868] arrecostarse... ✅
  [1489/1868] arreglar... ✅
  [1490/1868] arreglo... ✅
  [1491/1868] arreguindado,_da... ✅
  [1492/1868] arreguindar... ✅
  [1493/1868] arregustado,_da... ✅
  [1494/1868] arrejundir... ✅
  [1495/1868] arrelda... ✅
  [1496/1868] arreldar... ✅
  [1497/1868] arrelde... ✅
  [1498/1868] arrematado,_da... ✅
  [1499/1868] arrematao,_tá... ✅
  [1500/1868] arrempujar... ✅
  [1501/1868] arrempujón... ✅
  [1502/1868] arrendaje... ✅
  [1503/1868] arrengado,_da... ✅
  [1504/1868] arrepechar... ✅
  [1505/1868] arrepentida... ✅
  [1506/1868] arrepollado,_da... ✅
  [1507/1868] arresmillado,_da... ✅
  [1508/1868] arresmillarse... ✅
  [1509/1868] arrestado,_da... ✅
  [1510/1868] arrestar... ✅
  [1511/1868] arrevesado,_da... ✅
  [1512/1868] arriado... ✅
  [1513/1868] arriar... ✅
  [1514/1868] arriba... ✅
  [1515/1868] arriba_de... ✅
  [1516/1868] arribar... ✅
  [1517/1868] arriero... ✅
  [1518/1868] arrimado,_da... ✅
  [1519/1868] arrimar... ✅
  [1520/1868] arrimar_el_bulto... ✅
  [1521/1868] arrimar_el_juan_caliente... ✅
  [1522/1868] arrimarse... ✅
  [1523/1868] arrimo... ✅
  [1524/1868] arrinconar... ✅
  [1525/1868] arriscadero... ✅
  [1526/1868] arriscar... ✅
  [1527/1868] arristranco... ✅
  [1528/1868] arrocero,_ra... ✅
  [1529/1868] arrodillado,_da... ✅
  [1530/1868] arrodillao,_llá... ✅
  [1531/1868] arrojo... ✅
  [1532/1868] arrollacalzones... ✅
  [1533/1868] arrollada... ✅
  [1534/1868] arrollado,_da... ✅
  [1535/1868] arrollao,_llá... ✅
  [1536/1868] arrollarse... ✅
  [1537/1868] arropadera... ✅
  [1538/1868] arropado,_da... ✅
  [1539/1868] arropado,_da_por_la_escreta... ✅
  [1540/1868] arropar_hasta_donde_llegue_la_sábana... ✅
  [1541/1868] arrope... ✅
  [1542/1868] arroyano,_na... ✅
  [1543/1868] arroyo... ✅
  [1544/1868] arroz_aplatanao... ✅
  [1545/1868] arroz_artesano... ✅
  [1546/1868] arroz_blanco... ✅
  [1547/1868] arroz_blandón... ✅
  [1548/1868] arroz_canilla... ✅
  [1549/1868] arroz_colorao... ✅
  [1550/1868] arroz_con_bicicleta... ✅
  [1551/1868] arroz_con_carne... ✅
  [1552/1868] arroz_con_culo... ✅
  [1553/1868] arroz_con_cumbrera... ✅
  [1554/1868] arroz_con_dulce... ✅
  [1555/1868] arroz_con_mangó... ✅
  [1556/1868] arroz_con_perico... ✅
  [1557/1868] arroz_de_puyita... ✅
  [1558/1868] arroz_junto... ✅
  [1559/1868] arroz_mamposteado... ✅
  [1560/1868] arrubí... ✅
  [1561/1868] arruchado,_da... ✅
  [1562/1868] arrucharse... ✅
  [1563/1868] arrugar... ✅
  [1564/1868] arruinar... ✅
  [1565/1868] arrullo... ✅
  [1566/1868] arrumacos... ✅
  [1567/1868] art_deco... ✅
  [1568/1868] artemisa... ✅
  [1569/1868] arterial... ✅
  [1570/1868] artero,_ra... ✅
  [1571/1868] artesa... ✅
  [1572/1868] artesano,_na... ✅
  [1573/1868] artillería... ✅
  [1574/1868] artista... ✅
  [1575/1868] artritis... ✅
  [1576/1868] artón,_na... ✅
  [1577/1868] artón... ✅
  [1578/1868] aruaco,_ca... ✅
  [1579/1868] arucha... ✅
  [1580/1868] arullita... ✅
  [1581/1868] aruto... ✅
  [1582/1868] aruñar... ✅
  [1583/1868] aruñarse... ✅
  [1584/1868] aruñazo... ✅
  [1585/1868] arábigo... ✅
  [1586/1868] arúa... ✅
  [1587/1868] asa... ✅
  [1588/1868] asalto... ✅
  [1589/1868] asarse... ✅
  [1590/1868] ascap... ✅
  [1591/1868] ascii... ✅
  [1592/1868] asegún... ✅
  [1593/1868] asegún_el_bejuco... ✅
  [1594/1868] asegún_la_batata... ✅
  [1595/1868] asemillar... ✅
  [1596/1868] asena... ✅
  [1597/1868] asentado,_da... ✅
  [1598/1868] aserruchar... ✅
  [1599/1868] asertivo,_va... ✅
  [1600/1868] asfixia... ✅
  [1601/1868] asfixiado,_da... ✅
  [1602/1868] asfixie... ✅
  [1603/1868] asiento... ✅
  [1604/1868] asignación... ✅
  [1605/1868] asilar... ✅
  [1606/1868] asimesmo... ✅
  [1607/1868] asimilación... ✅
  [1608/1868] asimilado,_da... ✅
  [1609/1868] asimilar... ✅
  [1610/1868] asimilarse... ✅
  [1611/1868] asimilismo... ✅
  [1612/1868] asina... ✅
  [1613/1868] asinamesmo... ✅
  [1614/1868] asistencia... ✅
  [1615/1868] asistencia_nutricional... ✅
  [1616/1868] asistente... ✅
  [1617/1868] asistente_de_juez_de_inscripción... ✅
  [1618/1868] asistivo,_va... ✅
  [1619/1868] asneo... ✅
  [1620/1868] asnilla... ✅
  [1621/1868] asolapar... ✅
  [1622/1868] asoleada... ✅
  [1623/1868] asoleado,_da... ✅
  [1624/1868] asolearse... ✅
  [1625/1868] asomante... ✅
  [1626/1868] asopao... ✅
  [1627/1868] asoponado,_da... ✅
  [1628/1868] aspavientado,_da... ✅
  [1629/1868] aspectación... ✅
  [1630/1868] aspectado,_da... ✅
  [1631/1868] assembly_hall... ✅
  [1632/1868] assessment... ✅
  [1633/1868] asset... ✅
  [1634/1868] assistant_(general)_manager... ✅
  [1635/1868] assistant_manager... ✅
  [1636/1868] astazo... ✅
  [1637/1868] astromamo... ✅
  [1638/1868] astromelia... ✅
  [1639/1868] astólido,_da... ✅
  [1640/1868] asumir... ✅
  [1641/1868] asuntaje... ✅
  [1642/1868] asuntar... ✅
  [1643/1868] asunto... ✅
  [1644/1868] asunto_en_veremos... ✅
  [1645/1868] asunto_peludo... ✅
  [1646/1868] asustada... ✅
  [1647/1868] asusú... ✅
  [1648/1868] así_nada_más... ✅
  [1649/1868] así_será... ✅
  [1650/1868] asín... ✅
  [1651/1868] asío... ✅
  [1652/1868] atacado,_da... ✅
  [1653/1868] atacarse... ✅
  [1654/1868] atacarse_de_risa... ✅
  [1655/1868] atachado,_da... ✅
  [1656/1868] atachar... ✅
  [1657/1868] atache... ✅
  [1658/1868] atachear... ✅
  [1659/1868] atacuñar... ✅
  [1660/1868] atajadero... ✅
  [1661/1868] atajo... ✅
  [1662/1868] atalaya... ✅
  [1663/1868] ataneísta... ✅
  [1664/1868] ataponamiento... ✅
  [1665/1868] ataponar... ✅
  [1666/1868] ataque_biliético... ✅
  [1667/1868] ataque_cerebral... ✅
  [1668/1868] atareo... ✅
  [1669/1868] atariado,_da... ✅
  [1670/1868] atarraya... ✅
  [1671/1868] atarraya_sardinera... ✅
  [1672/1868] atarrayador,_ra... ✅
  [1673/1868] atarrayar... ✅
  [1674/1868] atayotado,_da... ✅
  [1675/1868] atayotarse... ✅
  [1676/1868] atejuelarse... ✅
  [1677/1868] atelier... ✅
  [1678/1868] atendencia... ✅
  [1679/1868] atenderse... ✅
  [1680/1868] atenencias... ✅
  [1681/1868] atensar... ✅
  [1682/1868] atentar... ✅
  [1683/1868] aterraje... ✅
  [1684/1868] aterrar... ✅
  [1685/1868] aterrizar... ✅
  [1686/1868] atersonado,_da... ✅
  [1687/1868] atersonamiento... ✅
  [1688/1868] atersonar... ✅
  [1689/1868] atesar... ✅
  [1690/1868] atetar... ✅
  [1691/1868] atibunieix... ✅
  [1692/1868] atiburrar... ✅
  [1693/1868] atierro... ✅
  [1694/1868] atizonar... ✅
  [1695/1868] atlátere... ✅
  [1696/1868] atm... ✅
  [1697/1868] atocar... ✅
  [1698/1868] atocuñar... ✅
  [1699/1868] atojar... ✅
  [1700/1868] atol... ✅
  [1701/1868] atole... ✅
  [1702/1868] atolillo... ✅
  [1703/1868] atollado,_da... ✅
  [1704/1868] atorar... ✅
  [1705/1868] atornillado,_da... ✅
  [1706/1868] atornillar... ✅
  [1707/1868] atornillarse... ✅
  [1708/1868] atoro... ✅
  [1709/1868] atorrante... ✅
  [1710/1868] atortillar... ✅
  [1711/1868] atortojar... ✅
  [1712/1868] atorzonado,_da... ✅
  [1713/1868] atorzonamiento... ✅
  [1714/1868] atorzonar... ✅
  [1715/1868] atosigado,_da... ✅
  [1716/1868] atosigarse... ✅
  [1717/1868] atozonado,_da... ✅
  [1718/1868] atrabancado,_da... ✅
  [1719/1868] atrabancar... ✅
  [1720/1868] atrabancarse... ✅
  [1721/1868] atracada... ✅
  [1722/1868] atracado,_da... ✅
  [1723/1868] atracar... ✅
  [1724/1868] atracar_a_alguien_las_papas... ✅
  [1725/1868] atracona... ✅
  [1726/1868] atracón... ✅
  [1727/1868] atragantar... ✅
  [1728/1868] atragantarse... ✅
  [1729/1868] atrampillado,_da... ✅
  [1730/1868] atrampillar... ✅
  [1731/1868] atrampillarse... ✅
  [1732/1868] atrapada... ✅
  [1733/1868] atrapar... ✅
  [1734/1868] atrapillar... ✅
  [1735/1868] atrasado,_da... ✅
  [1736/1868] atrechar... ✅
  [1737/1868] atrecho... ✅
  [1738/1868] atrinquiñar... ✅
  [1739/1868] atriquiñar... ✅
  [1740/1868] atrochar... ✅
  [1741/1868] attach... ✅
  [1742/1868] attachment... ✅
  [1743/1868] attendant... ✅
  [1744/1868] attorney_general... ✅
  [1745/1868] atucuñar... ✅
  [1746/1868] atufarse... ✅
  [1747/1868] atuncito... ✅
  [1748/1868] aturrado,_da... ✅
  [1749/1868] aturrarse... ✅
  [1750/1868] aturrullado,_da... ✅
  [1751/1868] atusarse... ✅
  [1752/1868] atángana... ✅
  [1753/1868] atómico,_ca... ✅
  [1754/1868] atún_de_aleta_amarilla... ✅
  [1755/1868] audiencia... ✅
  [1756/1868] auditar... ✅
  [1757/1868] auditor,_ra... ✅
  [1758/1868] auditoría... ✅
  [1759/1868] audífono... ✅
  [1760/1868] auly... ✅
  [1761/1868] aura... ✅
  [1762/1868] aura_tiñosa... ✅
  [1763/1868] ausentismo... ✅
  [1764/1868] auspicioso,_sa... ✅
  [1765/1868] ausuba... ✅
  [1766/1868] ausubal... ✅
  [1767/1868] ausubillo... ✅
  [1768/1868] ausubo,_ba... ✅
  [1769/1868] ausubo... ✅
  [1770/1868] ausú... ✅
  [1771/1868] ausúa... ✅
  [1772/1868] auto-ejecutable... ✅
  [1773/1868] auto_parts... ✅
  [1774/1868] autobanco... ✅
  [1775/1868] autocross... ✅
  [1776/1868] autoejecutable... ✅
  [1777/1868] autoestop... ✅
  [1778/1868] autofoco... ✅
  [1779/1868] autogestión... ✅
  [1780/1868] automático,_ca... ✅
  [1781/1868] automático... ✅
  [1782/1868] autoridad... ✅
  [1783/1868] autorradiografía... ✅
  [1784/1868] autosustentable... ✅
  [1785/1868] autómata... ✅
  [1786/1868] auyama... ✅
  [1787/1868] avaharse... ✅
  [1788/1868] available... ✅
  [1789/1868] avajado,_da... ✅
  [1790/1868] avajarse... ✅
  [1791/1868] avanado,_da... ✅
  [1792/1868] avanarse... ✅
  [1793/1868] avance... ✅
  [1794/1868] avancino,_na... ✅
  [1795/1868] avanti... ✅
  [1796/1868] avanzar... ✅
  [1797/1868] avapén... ✅
  [1798/1868] ave_del_paraíso... ✅
  [1799/1868] avechucho... ✅
  [1800/1868] avellana... ✅
  [1801/1868] avellanarse... ✅
  [1802/1868] aventado,_da... ✅
  [1803/1868] aventarse... ✅
  [1804/1868] average... ✅
  [1805/1868] average_cost... ✅
  [1806/1868] averiguado,_da... ✅
  [1807/1868] averiguar... ✅
  [1808/1868] aveyuelo... ✅
  [1809/1868] aviador... ✅
  [1810/1868] aviar... ✅
  [1811/1868] avisarse... ✅
  [1812/1868] aviso... ✅
  [1813/1868] avispa_negra... ✅
  [1814/1868] avispero... ✅
  [1815/1868] avispillo... ✅
  [1816/1868] avomitar... ✅
  [1817/1868] avulción... ✅
  [1818/1868] avíos... ✅
  [1819/1868] axe... ✅
  [1820/1868] ayaca... ✅
  [1821/1868] ayapana... ✅
  [1822/1868] ayayano,_na... ✅
  [1823/1868] aylelolero,_ra... ✅
  [1824/1868] aymanio... ✅
  [1825/1868] ayudante_de_tacho... ✅
  [1826/1868] ayúa... ✅
  [1827/1868] azafate... ✅
  [1828/1868] azafrán... ✅
  [1829/1868] aziguatado,_da... ✅
  [1830/1868] azorado,_da... ✅
  [1831/1868] azorar... ✅
  [1832/1868] azoro... ✅
  [1833/1868] azorrarse... ✅
  [1834/1868] azotado,_da... ✅
  [1835/1868] azote... ✅
  [1836/1868] azotea... ✅
  [1837/1868] azucararse... ✅
  [1838/1868] azucarera... ✅
  [1839/1868] azucarero... ✅
  [1840/1868] azucena... ✅
  [1841/1868] azufaifo... ✅
  [1842/1868] azufaíllo... ✅
  [1843/1868] azufaíto... ✅
  [1844/1868] azul... ✅
  [1845/1868] azulejo,_ja... ✅
  [1846/1868] azulona... ✅
  [1847/1868] azuzón,_na... ✅
  [1848/1868] azúcar... ✅
  [1849/1868] azúcar_candy... ✅
  [1850/1868] azúcar_de_dieta... ✅
  [1851/1868] azúcar_de_pilón... ✅
  [1852/1868] azúcar_de_segunda... ✅
  [1853/1868] azúcar_negra... ✅
  [1854/1868] azúcar_regular... ✅
  [1855/1868] azúcar_trigueña... ✅
  [1856/1868] añales... ✅
  [1857/1868] añangotado,_da... ✅
  [1858/1868] añangotarse... ✅
  [1859/1868] añingotarse... ✅
  [1860/1868] año_calendario... ✅
  [1861/1868] año_de_las_guácaras... ✅
  [1862/1868] año_viejo... ✅
  [1863/1868] años_atrás... ✅
  [1864/1868] añoñado,_da... ✅
  [1865/1868] añoñar... ✅
  [1866/1868] añuar... ✅
  [1867/1868] aón... ✅
  [1868/1868] aúja... ✅

================================================================================
CONSOLIDATION COMPLETE
================================================================================
  Letter:        A
  Processed:     1868
  Failed:        0
  Output folder: /Users/andrewcasanova/Documents/data_science_projects/ai_projects/TESORO_BORICUA/webscrape/data/preprocessed_tesoro_v2/a


================================================================================
CONSOLIDATING LETTER 'B' - 1575 words
================================================================================

  [   1/1575] b+... ✅
  [   2/1575] b-... ✅
  [   3/1575] b... ✅
  [   4/1575] ba... ✅
  [   5/1575] baba... ✅
  [   6/1575] babada... ✅
  [   7/1575] babalao... ✅
  [   8/1575] babarí... ✅
  [   9/1575] babasero... ✅
  [  10/1575] babaso... ✅
  [  11/1575] babazo... ✅
  [  12/1575] babearse... ✅
  [  13/1575] babeiro... ✅
  [  14/1575] babilla... ✅
  [  15/1575] babillero,_ra... ✅
  [  16/1575] babilloso,_sa... ✅
  [  17/1575] babo,_ba... ✅
  [  18/1575] babonuco... ✅
  [  19/1575] baboruco... ✅
  [  20/1575] babosa... ✅
  [  21/1575] babosada... ✅
  [  22/1575] babosear... ✅
  [  23/1575] baboseo... ✅
  [  24/1575] babosería... ✅
  [  25/1575] baboso,_sa... ✅
  [  26/1575] baboso... ✅
  [  27/1575] babote... ✅
  [  28/1575] baby... ✅
  [  29/1575] baby_blue... ✅
  [  30/1575] baby_boom... ✅
  [  31/1575] baby_boomer... ✅
  [  32/1575] baby_carrying... ✅
  [  33/1575] baby_doll... ✅
  [  34/1575] baby_face... ✅
  [  35/1575] baby_fat... ✅
  [  36/1575] baby_food... ✅
  [  37/1575] baby_killer... ✅
  [  38/1575] baby_pizza... ✅
  [  39/1575] baby_shower... ✅
  [  40/1575] baby_sitter... ✅
  [  41/1575] baby_sitting... ✅
  [  42/1575] baby_wipe... ✅
  [  43/1575] babysitter... ✅
  [  44/1575] babá... ✅
  [  45/1575] bacalada... ✅
  [  46/1575] bacalao... ✅
  [  47/1575] bacalao_caja... ✅
  [  48/1575] bacalao_peje... ✅
  [  49/1575] bacalaíto... ✅
  [  50/1575] bacalaíto_frito... ✅
  [  51/1575] bacalo... ✅
  [  52/1575] bacha... ✅
  [  53/1575] bachata... ✅
  [  54/1575] bachateador,_ra... ✅
  [  55/1575] bachatear... ✅
  [  56/1575] bachateo... ✅
  [  57/1575] bachatero,_ra... ✅
  [  58/1575] bache... ✅
  [  59/1575] bachear... ✅
  [  60/1575] bachillear... ✅
  [  61/1575] bachillerato... ✅
  [  62/1575] bachillero,_ra... ✅
  [  63/1575] bacilar... ✅
  [  64/1575] bacineta... ✅
  [  65/1575] back_stop... ✅
  [  66/1575] back_to_back... ✅
  [  67/1575] back_to_school... ✅
  [  68/1575] back_trip... ✅
  [  69/1575] back_up... ✅
  [  70/1575] backbone... ✅
  [  71/1575] backcourt... ✅
  [  72/1575] backeo... ✅
  [  73/1575] backgammon... ✅
  [  74/1575] background... ✅
  [  75/1575] backlog... ✅
  [  76/1575] backpack... ✅
  [  77/1575] backstage... ✅
  [  78/1575] backup... ✅
  [  79/1575] bacon... ✅
  [  80/1575] bacon_bits... ✅
  [  81/1575] bacón... ✅
  [  82/1575] bad_trip... ✅
  [  83/1575] badana... ✅
  [  84/1575] badge... ✅
  [  85/1575] badmington... ✅
  [  86/1575] badminton... ✅
  [  87/1575] badtripiado,_da... ✅
  [  88/1575] badulaquería... ✅
  [  89/1575] badén... ✅
  [  90/1575] baffle... ✅
  [  91/1575] bafofia... ✅
  [  92/1575] bag... ✅
  [  93/1575] bagacera... ✅
  [  94/1575] bagaso... ✅
  [  95/1575] bagatela... ✅
  [  96/1575] bagazo... ✅
  [  97/1575] bagel... ✅
  [  98/1575] bagger... ✅
  [  99/1575] baggie... ✅
  [ 100/1575] baggy... ✅
  [ 101/1575] bagre... ✅
  [ 102/1575] bagui... ✅
  [ 103/1575] baguié... ✅
  [ 104/1575] baguá... ✅
  [ 105/1575] bahareque... ✅
  [ 106/1575] baharí... ✅
  [ 107/1575] bahía... ✅
  [ 108/1575] baigua... ✅
  [ 109/1575] baihoabao... ✅
  [ 110/1575] bailable... ✅
  [ 111/1575] bailadita... ✅
  [ 112/1575] bailador,_ra... ✅
  [ 113/1575] bailar_con_el_combo_de_agujita... ✅
  [ 114/1575] bailar_con_la_más_fea... ✅
  [ 115/1575] bailar_en_casa_del_trompo... ✅
  [ 116/1575] bailar_en_una_loseta... ✅
  [ 117/1575] bailar_en_una_pata... ✅
  [ 118/1575] bailar_solo... ✅
  [ 119/1575] bailar_un_trompo_en_la_uña... ✅
  [ 120/1575] baile,_botella_y_baraja... ✅
  [ 121/1575] baile_contribución... ✅
  [ 122/1575] baile_de_bomba... ✅
  [ 123/1575] baile_de_cadena... ✅
  [ 124/1575] baile_de_capa... ✅
  [ 125/1575] baile_de_contribución... ✅
  [ 126/1575] baile_de_garabato... ✅
  [ 127/1575] baile_de_tambor... ✅
  [ 128/1575] bailón,_na... ✅
  [ 129/1575] bailón... ✅
  [ 130/1575] baira... ✅
  [ 131/1575] bairá... ✅
  [ 132/1575] bajablumer... ✅
  [ 133/1575] bajada... ✅
  [ 134/1575] bajadero... ✅
  [ 135/1575] bajado,_da... ✅
  [ 136/1575] bajador... ✅
  [ 137/1575] bajante... ✅
  [ 138/1575] bajapantis... ✅
  [ 139/1575] bajar... ✅
  [ 140/1575] bajar_al_pozo... ✅
  [ 141/1575] bajar_al_pueblo... ✅
  [ 142/1575] bajar_de_la_jalda... ✅
  [ 143/1575] bajar_el_moco... ✅
  [ 144/1575] bajar_el_queso... ✅
  [ 145/1575] bajar_fuerte... ✅
  [ 146/1575] bajar_una_botella... ✅
  [ 147/1575] bajaraque... ✅
  [ 148/1575] bajareque... ✅
  [ 149/1575] bajarle... ✅
  [ 150/1575] bajarse... ✅
  [ 151/1575] bajarse_de_la_guagua... ✅
  [ 152/1575] bajarse_el_alma_al_culo... ✅
  [ 153/1575] bajear... ✅
  [ 154/1575] bajearse... ✅
  [ 155/1575] bajete,_ta... ✅
  [ 156/1575] bajetón,_na... ✅
  [ 157/1575] bajito,_ta... ✅
  [ 158/1575] bajo... ✅
  [ 159/1575] bajonado... ✅
  [ 160/1575] bajonao... ✅
  [ 161/1575] bajos... ✅
  [ 162/1575] bajura... ✅
  [ 163/1575] bajío... ✅
  [ 164/1575] bajón_de... ✅
  [ 165/1575] bakear... ✅
  [ 166/1575] bakeo... ✅
  [ 167/1575] bakery... ✅
  [ 168/1575] baking... ✅
  [ 169/1575] baking_powder... ✅
  [ 170/1575] baking_soda... ✅
  [ 171/1575] bala... ✅
  [ 172/1575] bala_viva... ✅
  [ 173/1575] balacera... ✅
  [ 174/1575] baladrón,_na... ✅
  [ 175/1575] balajú... ✅
  [ 176/1575] balajú_blanco_de_orilla... ✅
  [ 177/1575] balajú_flaco_de_orilla... ✅
  [ 178/1575] balalú... ✅
  [ 179/1575] balance... ✅
  [ 180/1575] balancear... ✅
  [ 181/1575] balancearse... ✅
  [ 182/1575] balancín... ✅
  [ 183/1575] balandrón,_na... ✅
  [ 184/1575] balanza... ✅
  [ 185/1575] balanza_de_embudo... ✅
  [ 186/1575] balanza_de_pesas... ✅
  [ 187/1575] balanza_de_plato... ✅
  [ 188/1575] balanza_de_sable... ✅
  [ 189/1575] balaná... ✅
  [ 190/1575] balaou... ✅
  [ 191/1575] balayo... ✅
  [ 192/1575] balbiquín... ✅
  [ 193/1575] balco... ✅
  [ 194/1575] balconear... ✅
  [ 195/1575] balcón... ✅
  [ 196/1575] baldado,_da... ✅
  [ 197/1575] balde... ✅
  [ 198/1575] balde_de_agua_fría... ✅
  [ 199/1575] baldear... ✅
  [ 200/1575] baldear_el_piso... ✅
  [ 201/1575] baldible... ✅
  [ 202/1575] baldo,_da... ✅
  [ 203/1575] baleado,_da... ✅
  [ 204/1575] balear... ✅
  [ 205/1575] balero... ✅
  [ 206/1575] ball_point... ✅
  [ 207/1575] ballestilla... ✅
  [ 208/1575] ballpoint... ✅
  [ 209/1575] ballroom... ✅
  [ 210/1575] balneario... ✅
  [ 211/1575] balompié... ✅
  [ 212/1575] baloncelista... ✅
  [ 213/1575] baloncestista... ✅
  [ 214/1575] baloncesto... ✅
  [ 215/1575] balonvolea... ✅
  [ 216/1575] balsamillo... ✅
  [ 217/1575] balsamina... ✅
  [ 218/1575] balsar... ✅
  [ 219/1575] balsero,_ra... ✅
  [ 220/1575] balsero... ✅
  [ 221/1575] balumba... ✅
  [ 222/1575] bambalina... ✅
  [ 223/1575] bambalán,_na... ✅
  [ 224/1575] bambear... ✅
  [ 225/1575] bambinazo... ✅
  [ 226/1575] bambolea... ✅
  [ 227/1575] bambolla... ✅
  [ 228/1575] bambual... ✅
  [ 229/1575] bambuazo... ✅
  [ 230/1575] bambuoso,_sa... ✅
  [ 231/1575] bambuquear... ✅
  [ 232/1575] bamburrazo... ✅
  [ 233/1575] bamburriazo... ✅
  [ 234/1575] bambusa... ✅
  [ 235/1575] bambuzas... ✅
  [ 236/1575] bambú... ✅
  [ 237/1575] bambúa... ✅
  [ 238/1575] banana... ✅
  [ 239/1575] banana_republic... ✅
  [ 240/1575] banana_split... ✅
  [ 241/1575] bananero... ✅
  [ 242/1575] banano... ✅
  [ 243/1575] banasta... ✅
  [ 244/1575] banastilla... ✅
  [ 245/1575] banca... ✅
  [ 246/1575] banca_de_bolita... ✅
  [ 247/1575] banca_de_gallo... ✅
  [ 248/1575] banca_de_gallos... ✅
  [ 249/1575] banca_suiza... ✅
  [ 250/1575] banco... ✅
  [ 251/1575] banco_de_arena... ✅
  [ 252/1575] banco_de_cayo... ✅
  [ 253/1575] banco_de_piedra... ✅
  [ 254/1575] banda... ✅
  [ 255/1575] banda_ancha... ✅
  [ 256/1575] banda_norte... ✅
  [ 257/1575] banda_sur... ✅
  [ 258/1575] bandazo... ✅
  [ 259/1575] bandearse... ✅
  [ 260/1575] bandera... ✅
  [ 261/1575] bandera_danesa... ✅
  [ 262/1575] bandera_española... ✅
  [ 263/1575] banderilla... ✅
  [ 264/1575] banderillero,_ra... ✅
  [ 265/1575] bandido,_da... ✅
  [ 266/1575] bando... ✅
  [ 267/1575] bando_de_gente... ✅
  [ 268/1575] bando_de_pejes... ✅
  [ 269/1575] bando_de_tiempo... ✅
  [ 270/1575] bandola... ✅
  [ 271/1575] bandolerear... ✅
  [ 272/1575] bandolería... ✅
  [ 273/1575] banear... ✅
  [ 274/1575] banjo... ✅
  [ 275/1575] banner... ✅
  [ 276/1575] banqueadora... ✅
  [ 277/1575] banquear... ✅
  [ 278/1575] banqueo... ✅
  [ 279/1575] banqueta... ✅
  [ 280/1575] banyo... ✅
  [ 281/1575] baquear... ✅
  [ 282/1575] baqueo... ✅
  [ 283/1575] baqueta... ✅
  [ 284/1575] baquinero,_ra... ✅
  [ 285/1575] baquiné... ✅
  [ 286/1575] baquiní... ✅
  [ 287/1575] baquiña... ✅
  [ 288/1575] bar... ✅
  [ 289/1575] bar_code... ✅
  [ 290/1575] baracutay... ✅
  [ 291/1575] baraja... ✅
  [ 292/1575] barajar... ✅
  [ 293/1575] barajarla_despacio... ✅
  [ 294/1575] barajarla_más_despacio... ✅
  [ 295/1575] baraje... ✅
  [ 296/1575] barajear... ✅
  [ 297/1575] barajearse_bien... ✅
  [ 298/1575] baranda... ✅
  [ 299/1575] barandilla... ✅
  [ 300/1575] barato,_ta... ✅
  [ 301/1575] barba... ✅
  [ 302/1575] barba_de_coco... ✅
  [ 303/1575] barba_de_úcar... ✅
  [ 304/1575] barbacoa... ✅
  [ 305/1575] barbar... ✅
  [ 306/1575] barbarazo... ✅
  [ 307/1575] barbas... ✅
  [ 308/1575] barbasco... ✅
  [ 309/1575] barbasco_cimarrón... ✅
  [ 310/1575] barbear... ✅
  [ 311/1575] barbecho... ✅
  [ 312/1575] barbecue... ✅
  [ 313/1575] barbequejo... ✅
  [ 314/1575] barbero... ✅
  [ 315/1575] barbie... ✅
  [ 316/1575] barbijo... ✅
  [ 317/1575] barbilla... ✅
  [ 318/1575] barbiquejo... ✅
  [ 319/1575] barbiquín... ✅
  [ 320/1575] barboquejo... ✅
  [ 321/1575] barbudo... ✅
  [ 322/1575] barbudo_cabezón... ✅
  [ 323/1575] barbudo_moteado... ✅
  [ 324/1575] barbudo_torito... ✅
  [ 325/1575] barbú... ✅
  [ 326/1575] barbú_cabezón... ✅
  [ 327/1575] barbú_moteado... ✅
  [ 328/1575] barbú_torito... ✅
  [ 329/1575] barcelonetense... ✅
  [ 330/1575] barceloneteño,_ña... ✅
  [ 331/1575] barco... ✅
  [ 332/1575] barco_grande,_ande_o_no_ande... ✅
  [ 333/1575] barcode... ✅
  [ 334/1575] bariaco,_ca... ✅
  [ 335/1575] bariaco... ✅
  [ 336/1575] bariblanca... ✅
  [ 337/1575] barilla... ✅
  [ 338/1575] barloventar... ✅
  [ 339/1575] barman... ✅
  [ 340/1575] barquilla... ✅
  [ 341/1575] barra... ✅
  [ 342/1575] barra_de_catre... ✅
  [ 343/1575] barra_de_mala_muerte... ✅
  [ 344/1575] barra_de_uña... ✅
  [ 345/1575] barraca... ✅
  [ 346/1575] barraco,_ca... ✅
  [ 347/1575] barraco... ✅
  [ 348/1575] barracuda... ✅
  [ 349/1575] barrancolino... ✅
  [ 350/1575] barranquiteño,_ña... ✅
  [ 351/1575] barraquera... ✅
  [ 352/1575] barrena... ✅
  [ 353/1575] barrenador... ✅
  [ 354/1575] barreno... ✅
  [ 355/1575] barrerse... ✅
  [ 356/1575] barreteado... ✅
  [ 357/1575] barriada... ✅
  [ 358/1575] barrida... ✅
  [ 359/1575] barriga_de_vieja... ✅
  [ 360/1575] barrigada... ✅
  [ 361/1575] barrigavieja... ✅
  [ 362/1575] barrigón,_na... ✅
  [ 363/1575] barril... ✅
  [ 364/1575] barril_de_tocino... ✅
  [ 365/1575] barril_sin_fondo... ✅
  [ 366/1575] barrilla... ✅
  [ 367/1575] barrio... ✅
  [ 368/1575] barrito... ✅
  [ 369/1575] barro_cipey... ✅
  [ 370/1575] barro_colorado... ✅
  [ 371/1575] barruno,_na... ✅
  [ 372/1575] barruntar... ✅
  [ 373/1575] barrunto... ✅
  [ 374/1575] bartender... ✅
  [ 375/1575] bartolina... ✅
  [ 376/1575] bartolo,_la... ✅
  [ 377/1575] barténder... ✅
  [ 378/1575] base... ✅
  [ 379/1575] base_por_bolas... ✅
  [ 380/1575] base_robada... ✅
  [ 381/1575] baseball... ✅
  [ 382/1575] basebolero... ✅
  [ 383/1575] basement... ✅
  [ 384/1575] bases_limpias... ✅
  [ 385/1575] basic... ✅
  [ 386/1575] basic_drill... ✅
  [ 387/1575] basic_training... ✅
  [ 388/1575] basket_(ball)... ✅
  [ 389/1575] basketball... ✅
  [ 390/1575] basquet... ✅
  [ 391/1575] basquetbol... ✅
  [ 392/1575] basqueña... ✅
  [ 393/1575] bass... ✅
  [ 394/1575] bastacazo... ✅
  [ 395/1575] bastagazo... ✅
  [ 396/1575] bastimentos... ✅
  [ 397/1575] bastón... ✅
  [ 398/1575] basurero... ✅
  [ 399/1575] bataclán... ✅
  [ 400/1575] batata... ✅
  [ 401/1575] batata_anita... ✅
  [ 402/1575] batata_blanca... ✅
  [ 403/1575] batata_bruja... ✅
  [ 404/1575] batata_cangrejera... ✅
  [ 405/1575] batata_de_la_pierna... ✅
  [ 406/1575] batata_mameya... ✅
  [ 407/1575] batata_martinica... ✅
  [ 408/1575] batata_política... ✅
  [ 409/1575] batata_yegua... ✅
  [ 410/1575] batatal... ✅
  [ 411/1575] batatazo... ✅
  [ 412/1575] batatearse... ✅
  [ 413/1575] batatera... ✅
  [ 414/1575] batatero,_ra... ✅
  [ 415/1575] batatilla... ✅
  [ 416/1575] batatilla_blanca... ✅
  [ 417/1575] batatilla_carnosa... ✅
  [ 418/1575] batatilla_ventruda... ✅
  [ 419/1575] batatillo... ✅
  [ 420/1575] batatín... ✅
  [ 421/1575] batazo... ✅
  [ 422/1575] bate... ✅
  [ 423/1575] bate_emergente... ✅
  [ 424/1575] batea... ✅
  [ 425/1575] bateador,_ra... ✅
  [ 426/1575] bateador_designado... ✅
  [ 427/1575] batear... ✅
  [ 428/1575] batear_de_zurda... ✅
  [ 429/1575] batear_por_la_zurda... ✅
  [ 430/1575] bateo... ✅
  [ 431/1575] batería... ✅
  [ 432/1575] batey... ✅
  [ 433/1575] batida... ✅
  [ 434/1575] batidor_eléctrico... ✅
  [ 435/1575] batidora... ✅
  [ 436/1575] batik... ✅
  [ 437/1575] batir_el_cobre... ✅
  [ 438/1575] batola... ✅
  [ 439/1575] batolón... ✅
  [ 440/1575] batos... ✅
  [ 441/1575] batucada... ✅
  [ 442/1575] batumen... ✅
  [ 443/1575] batuta... ✅
  [ 444/1575] batutera... ✅
  [ 445/1575] batán... ✅
  [ 446/1575] batón... ✅
  [ 447/1575] batú... ✅
  [ 448/1575] baujina... ✅
  [ 449/1575] baulero... ✅
  [ 450/1575] bauprés... ✅
  [ 451/1575] bausante... ✅
  [ 452/1575] bayaba... ✅
  [ 453/1575] bayahonda... ✅
  [ 454/1575] bayamonés,_sa... ✅
  [ 455/1575] bayao... ✅
  [ 456/1575] bayaonda... ✅
  [ 457/1575] bayear... ✅
  [ 458/1575] bayona... ✅
  [ 459/1575] bayoneta... ✅
  [ 460/1575] bayoya... ✅
  [ 461/1575] bayoyar... ✅
  [ 462/1575] bayoyero,_ra... ✅
  [ 463/1575] bayoyismo... ✅
  [ 464/1575] bayusco,_ca... ✅
  [ 465/1575] bayuya... ✅
  [ 466/1575] bayó... ✅
  [ 467/1575] bayú... ✅
  [ 468/1575] baza... ✅
  [ 469/1575] bazar... ✅
  [ 470/1575] bazofia... ✅
  [ 471/1575] bazooka... ✅
  [ 472/1575] bañar... ✅
  [ 473/1575] bañarse... ✅
  [ 474/1575] baño... ✅
  [ 475/1575] baño_de_gato... ✅
  [ 476/1575] baño_polaco... ✅
  [ 477/1575] baúl... ✅
  [ 478/1575] bbq... ✅
  [ 479/1575] be_grande... ✅
  [ 480/1575] be_larga... ✅
  [ 481/1575] beach_bum... ✅
  [ 482/1575] beatlemanía... ✅
  [ 483/1575] beauticean... ✅
  [ 484/1575] beautician... ✅
  [ 485/1575] beautiful_people... ✅
  [ 486/1575] beauty_(parlor)... ✅
  [ 487/1575] bebe... ✅
  [ 488/1575] bebeagua... ✅
  [ 489/1575] bebedero... ✅
  [ 490/1575] bebelata... ✅
  [ 491/1575] beber... ✅
  [ 492/1575] beber_a_cul_cul... ✅
  [ 493/1575] beber_a_pecho... ✅
  [ 494/1575] beberse_el_guarapo... ✅
  [ 495/1575] beberse_las_lágrimas... ✅
  [ 496/1575] bebida... ✅
  [ 497/1575] bebo,_ba... ✅
  [ 498/1575] bebé... ✅
  [ 499/1575] bebón,_na... ✅
  [ 500/1575] becacina... ✅
  [ 501/1575] becado,_da... ✅
  [ 502/1575] becasina... ✅
  [ 503/1575] becerreo... ✅
  [ 504/1575] bed_and_breakfast... ✅
  [ 505/1575] beef_steak... ✅
  [ 506/1575] beeftec... ✅
  [ 507/1575] beep... ✅
  [ 508/1575] beeper... ✅
  [ 509/1575] beer... ✅
  [ 510/1575] beginner... ✅
  [ 511/1575] beguso... ✅
  [ 512/1575] behíque... ✅
  [ 513/1575] beira... ✅
  [ 514/1575] beisbol... ✅
  [ 515/1575] beisbolero,_ra... ✅
  [ 516/1575] beisbolístico,_ca... ✅
  [ 517/1575] bejucal... ✅
  [ 518/1575] bejucazo... ✅
  [ 519/1575] bejuco... ✅
  [ 520/1575] bejuco_amargo... ✅
  [ 521/1575] bejuco_amarillo... ✅
  [ 522/1575] bejuco_blanco... ✅
  [ 523/1575] bejuco_chupón... ✅
  [ 524/1575] bejuco_colorado... ✅
  [ 525/1575] bejuco_de_agua... ✅
  [ 526/1575] bejuco_de_alambre... ✅
  [ 527/1575] bejuco_de_angola... ✅
  [ 528/1575] bejuco_de_batata... ✅
  [ 529/1575] bejuco_de_buey... ✅
  [ 530/1575] bejuco_de_caballo... ✅
  [ 531/1575] bejuco_de_calabaza... ✅
  [ 532/1575] bejuco_de_conchitas... ✅
  [ 533/1575] bejuco_de_coral... ✅
  [ 534/1575] bejuco_de_corrales... ✅
  [ 535/1575] bejuco_de_costa... ✅
  [ 536/1575] bejuco_de_costillas... ✅
  [ 537/1575] bejuco_de_cuernos... ✅
  [ 538/1575] bejuco_de_estrella... ✅
  [ 539/1575] bejuco_de_garrote... ✅
  [ 540/1575] bejuco_de_gato... ✅
  [ 541/1575] bejuco_de_gloria... ✅
  [ 542/1575] bejuco_de_goma... ✅
  [ 543/1575] bejuco_de_gongolí... ✅
  [ 544/1575] bejuco_de_guaraguao... ✅
  [ 545/1575] bejuco_de_lira... ✅
  [ 546/1575] bejuco_de_luna... ✅
  [ 547/1575] bejuco_de_mato... ✅
  [ 548/1575] bejuco_de_membrillo... ✅
  [ 549/1575] bejuco_de_miel... ✅
  [ 550/1575] bejuco_de_mona... ✅
  [ 551/1575] bejuco_de_muela... ✅
  [ 552/1575] bejuco_de_nasa... ✅
  [ 553/1575] bejuco_de_palma... ✅
  [ 554/1575] bejuco_de_palo... ✅
  [ 555/1575] bejuco_de_paloma... ✅
  [ 556/1575] bejuco_de_paralejo... ✅
  [ 557/1575] bejuco_de_paralelo... ✅
  [ 558/1575] bejuco_de_parra... ✅
  [ 559/1575] bejuco_de_peo... ✅
  [ 560/1575] bejuco_de_puerco... ✅
  [ 561/1575] bejuco_de_puerco_blanco... ✅
  [ 562/1575] bejuco_de_rana... ✅
  [ 563/1575] bejuco_de_san_juan... ✅
  [ 564/1575] bejuco_de_san_pedro... ✅
  [ 565/1575] bejuco_de_santiago... ✅
  [ 566/1575] bejuco_de_sapo... ✅
  [ 567/1575] bejuco_de_sopla... ✅
  [ 568/1575] bejuco_de_torero... ✅
  [ 569/1575] bejuco_de_toro... ✅
  [ 570/1575] bejuco_de_vaca... ✅
  [ 571/1575] bejuco_dorado... ✅
  [ 572/1575] bejuco_indio... ✅
  [ 573/1575] bejuco_inglés... ✅
  [ 574/1575] bejuco_lechoso... ✅
  [ 575/1575] bejuco_prieto... ✅
  [ 576/1575] bejuco_sabanero... ✅
  [ 577/1575] bejuquear... ✅
  [ 578/1575] bejuquera... ✅
  [ 579/1575] bejuquero... ✅
  [ 580/1575] bejuquillo... ✅
  [ 581/1575] belembe... ✅
  [ 582/1575] belembe_silvestre... ✅
  [ 583/1575] bell_bottom... ✅
  [ 584/1575] bellaco,_ca... ✅
  [ 585/1575] belladona... ✅
  [ 586/1575] bellaquear... ✅
  [ 587/1575] bellaquera... ✅
  [ 588/1575] bellaquería... ✅
  [ 589/1575] belleza... ✅
  [ 590/1575] bellota... ✅
  [ 591/1575] belluda... ✅
  [ 592/1575] belly-landing... ✅
  [ 593/1575] bellísima... ✅
  [ 594/1575] bemba... ✅
  [ 595/1575] bembe... ✅
  [ 596/1575] bembechopa... ✅
  [ 597/1575] bembería... ✅
  [ 598/1575] bembetear... ✅
  [ 599/1575] bembeteo... ✅
  [ 600/1575] bembetero,_ra... ✅
  [ 601/1575] bembo... ✅
  [ 602/1575] bembudo,_da... ✅
  [ 603/1575] bembé... ✅
  [ 604/1575] bembé_de_potencias... ✅
  [ 605/1575] bembón,_na... ✅
  [ 606/1575] bembú,_búa... ✅
  [ 607/1575] bemoles... ✅
  [ 608/1575] ben... ✅
  [ 609/1575] benchmark... ✅
  [ 610/1575] beneficiar... ✅
  [ 611/1575] bengalí... ✅
  [ 612/1575] bepé... ✅
  [ 613/1575] berbequejo... ✅
  [ 614/1575] berbiquejo... ✅
  [ 615/1575] berenjena... ✅
  [ 616/1575] berenjena_cimarrona... ✅
  [ 617/1575] berfutear... ✅
  [ 618/1575] bergantín... ✅
  [ 619/1575] beriquete... ✅
  [ 620/1575] bermudas... ✅
  [ 621/1575] berraco,_ca... ✅
  [ 622/1575] berraquera... ✅
  [ 623/1575] berrendo,_da... ✅
  [ 624/1575] berrinchar... ✅
  [ 625/1575] berrinche... ✅
  [ 626/1575] berriña... ✅
  [ 627/1575] berrío... ✅
  [ 628/1575] besamanos... ✅
  [ 629/1575] besar_el_culo... ✅
  [ 630/1575] besito... ✅
  [ 631/1575] besito_de_coco... ✅
  [ 632/1575] beso_rajado... ✅
  [ 633/1575] best_seller... ✅
  [ 634/1575] bestia_cachorra... ✅
  [ 635/1575] bestial... ✅
  [ 636/1575] besugo... ✅
  [ 637/1575] besuquera... ✅
  [ 638/1575] besuquero,_ra... ✅
  [ 639/1575] besuquería... ✅
  [ 640/1575] beta... ✅
  [ 641/1575] betónica... ✅
  [ 642/1575] bexuco... ✅
  [ 643/1575] bi... ✅
  [ 644/1575] biajaca... ✅
  [ 645/1575] biajaní... ✅
  [ 646/1575] biajarí... ✅
  [ 647/1575] bibijagua... ✅
  [ 648/1575] biblia... ✅
  [ 649/1575] biblioblog... ✅
  [ 650/1575] biblioteca_rodante... ✅
  [ 651/1575] bibí... ✅
  [ 652/1575] bicha... ✅
  [ 653/1575] bichar... ✅
  [ 654/1575] bicharango... ✅
  [ 655/1575] bichera... ✅
  [ 656/1575] bichero... ✅
  [ 657/1575] bichería... ✅
  [ 658/1575] bichillo... ✅
  [ 659/1575] bicho,_cha... ✅
  [ 660/1575] bicho... ✅
  [ 661/1575] bicho_de_mangle... ✅
  [ 662/1575] bichote... ✅
  [ 663/1575] bichí... ✅
  [ 664/1575] bichín... ✅
  [ 665/1575] bichúa... ✅
  [ 666/1575] bicicleta... ✅
  [ 667/1575] bicicleta_corta_brea... ✅
  [ 668/1575] bicoca... ✅
  [ 669/1575] bicoldo,_da... ✅
  [ 670/1575] bidel... ✅
  [ 671/1575] bien_aspectado... ✅
  [ 672/1575] bien_y_más... ✅
  [ 673/1575] bienes_raíces... ✅
  [ 674/1575] bienmesabe... ✅
  [ 675/1575] bienteveo... ✅
  [ 676/1575] bife... ✅
  [ 677/1575] biftec... ✅
  [ 678/1575] big... ✅
  [ 679/1575] big_bang... ✅
  [ 680/1575] big_boy... ✅
  [ 681/1575] big_dealer... ✅
  [ 682/1575] big_leaguer... ✅
  [ 683/1575] big_mouth... ✅
  [ 684/1575] big_shot... ✅
  [ 685/1575] big_size... ✅
  [ 686/1575] bigornia... ✅
  [ 687/1575] bigote... ✅
  [ 688/1575] bigotes... ✅
  [ 689/1575] bigotú... ✅
  [ 690/1575] bihajaca... ✅
  [ 691/1575] bihao... ✅
  [ 692/1575] bija... ✅
  [ 693/1575] bijao... ✅
  [ 694/1575] bijirita... ✅
  [ 695/1575] bike... ✅
  [ 696/1575] bike_friendly... ✅
  [ 697/1575] bikini... ✅
  [ 698/1575] bilania... ✅
  [ 699/1575] bilano... ✅
  [ 700/1575] bilharzia... ✅
  [ 701/1575] bill... ✅
  [ 702/1575] billalba... ✅
  [ 703/1575] billarda... ✅
  [ 704/1575] billboard... ✅
  [ 705/1575] billetaje... ✅
  [ 706/1575] billete... ✅
  [ 707/1575] billetero,_ra... ✅
  [ 708/1575] billón... ✅
  [ 709/1575] bilma... ✅
  [ 710/1575] bilordo,_da... ✅
  [ 711/1575] bilí... ✅
  [ 712/1575] bilí_de_quenepa... ✅
  [ 713/1575] bimba... ✅
  [ 714/1575] bimbazo... ✅
  [ 715/1575] bimbelé... ✅
  [ 716/1575] bimbo,_ba... ✅
  [ 717/1575] bimbo... ✅
  [ 718/1575] bimbolla... ✅
  [ 719/1575] bimbolo... ✅
  [ 720/1575] bimbombó... ✅
  [ 721/1575] binca... ✅
  [ 722/1575] binding... ✅
  [ 723/1575] bingambó... ✅
  [ 724/1575] bingangó... ✅
  [ 725/1575] bingo... ✅
  [ 726/1575] bioco... ✅
  [ 727/1575] biodegradable... ✅
  [ 728/1575] biodiesel... ✅
  [ 729/1575] biombo... ✅
  [ 730/1575] bios... ✅
  [ 731/1575] biotecnología... ✅
  [ 732/1575] bioética... ✅
  [ 733/1575] bipazo... ✅
  [ 734/1575] bipear... ✅
  [ 735/1575] biquini... ✅
  [ 736/1575] birdie... ✅
  [ 737/1575] biribí... ✅
  [ 738/1575] birijí... ✅
  [ 739/1575] biriñaque... ✅
  [ 740/1575] biriñaqui... ✅
  [ 741/1575] birlar... ✅
  [ 742/1575] biroldo,_da... ✅
  [ 743/1575] birrea... ✅
  [ 744/1575] birthing_room... ✅
  [ 745/1575] biruta... ✅
  [ 746/1575] bisagra... ✅
  [ 747/1575] biscorneo,_nea... ✅
  [ 748/1575] biscuit... ✅
  [ 749/1575] biscuí... ✅
  [ 750/1575] biscórneo,_nea... ✅
  [ 751/1575] bishal... ✅
  [ 752/1575] bishat... ✅
  [ 753/1575] bishá... ✅
  [ 754/1575] bisorioco,_ca... ✅
  [ 755/1575] bistec... ✅
  [ 756/1575] bistec_a_caballo... ✅
  [ 757/1575] bisté... ✅
  [ 758/1575] biságara... ✅
  [ 759/1575] bit... ✅
  [ 760/1575] bitará... ✅
  [ 761/1575] bitchy... ✅
  [ 762/1575] bite... ✅
  [ 763/1575] bitnet... ✅
  [ 764/1575] bitters... ✅
  [ 765/1575] bitumul... ✅
  [ 766/1575] bitácora... ✅
  [ 767/1575] bitácora_de_red... ✅
  [ 768/1575] bitácora_electrónica... ✅
  [ 769/1575] biuro,_ra... ✅
  [ 770/1575] biuro... ✅
  [ 771/1575] biuru,_rúa... ✅
  [ 772/1575] biutiparlor... ✅
  [ 773/1575] bividí... ✅
  [ 774/1575] bixa... ✅
  [ 775/1575] bizarro,_rra... ✅
  [ 776/1575] bizco,_ca... ✅
  [ 777/1575] bizco... ✅
  [ 778/1575] bizcocho... ✅
  [ 779/1575] bizcorioco,_ca... ✅
  [ 780/1575] bizcornear... ✅
  [ 781/1575] bizcorneto,_ta... ✅
  [ 782/1575] bizcorniado,_da... ✅
  [ 783/1575] bizcornio,_nia... ✅
  [ 784/1575] bizcórneo,_nea... ✅
  [ 785/1575] bizquera... ✅
  [ 786/1575] biólogo... ✅
  [ 787/1575] biósfera... ✅
  [ 788/1575] black_jack... ✅
  [ 789/1575] black_out... ✅
  [ 790/1575] blackberry... ✅
  [ 791/1575] blackmail... ✅
  [ 792/1575] blackout... ✅
  [ 793/1575] blanca... ✅
  [ 794/1575] blanca_iris... ✅
  [ 795/1575] blanca_nieves... ✅
  [ 796/1575] blancanieve... ✅
  [ 797/1575] blanco... ✅
  [ 798/1575] blandón... ✅
  [ 799/1575] blanqueada... ✅
  [ 800/1575] blanqueado... ✅
  [ 801/1575] blanquear... ✅
  [ 802/1575] blanquilla... ✅
  [ 803/1575] blanquillo... ✅
  [ 804/1575] blanquita... ✅
  [ 805/1575] blanquito,_ta... ✅
  [ 806/1575] blanquizal... ✅
  [ 807/1575] blanquín... ✅
  [ 808/1575] blazer... ✅
  [ 809/1575] bleacher... ✅
  [ 810/1575] bledo... ✅
  [ 811/1575] blend... ✅
  [ 812/1575] blender... ✅
  [ 813/1575] blendor... ✅
  [ 814/1575] blero... ✅
  [ 815/1575] blero_blanco... ✅
  [ 816/1575] blero_de_clavo... ✅
  [ 817/1575] blero_espinoso... ✅
  [ 818/1575] blero_manso... ✅
  [ 819/1575] blero_morisco... ✅
  [ 820/1575] blichear... ✅
  [ 821/1575] blinblineo... ✅
  [ 822/1575] blind_date... ✅
  [ 823/1575] blind_surfing... ✅
  [ 824/1575] blinkear... ✅
  [ 825/1575] blinking_lights... ✅
  [ 826/1575] blinquear... ✅
  [ 827/1575] blister_pack... ✅
  [ 828/1575] bloarse... ✅
  [ 829/1575] bloc... ✅
  [ 830/1575] blof... ✅
  [ 831/1575] blofe... ✅
  [ 832/1575] blofear... ✅
  [ 833/1575] blofero,_ra... ✅
  [ 834/1575] blofista... ✅
  [ 835/1575] blog... ✅
  [ 836/1575] blogfesor,_ra... ✅
  [ 837/1575] blogger... ✅
  [ 838/1575] blogonovela... ✅
  [ 839/1575] blogosfera... ✅
  [ 840/1575] blogroll... ✅
  [ 841/1575] blogueador,_ra... ✅
  [ 842/1575] bloguear... ✅
  [ 843/1575] bloguero,_ra... ✅
  [ 844/1575] blogósfera... ✅
  [ 845/1575] bloody_mary... ✅
  [ 846/1575] bloomers... ✅
  [ 847/1575] blooper... ✅
  [ 848/1575] bloque... ✅
  [ 849/1575] bloque_de_casas... ✅
  [ 850/1575] bloque_de_papel... ✅
  [ 851/1575] bloqueado,_da... ✅
  [ 852/1575] bloqueador_solar... ✅
  [ 853/1575] bloquearse... ✅
  [ 854/1575] bloqueo... ✅
  [ 855/1575] bloqueo_mental... ✅
  [ 856/1575] blow_out... ✅
  [ 857/1575] blower... ✅
  [ 858/1575] blu-ray... ✅
  [ 859/1575] bludemon... ✅
  [ 860/1575] blue_baby... ✅
  [ 861/1575] blue_chip... ✅
  [ 862/1575] blue_jeans... ✅
  [ 863/1575] blueberry... ✅
  [ 864/1575] blueprint... ✅
  [ 865/1575] blues... ✅
  [ 866/1575] bluesman... ✅
  [ 867/1575] bluetooth... ✅
  [ 868/1575] bluff... ✅
  [ 869/1575] blurry... ✅
  [ 870/1575] blush-on... ✅
  [ 871/1575] blush... ✅
  [ 872/1575] blúmer... ✅
  [ 873/1575] boa_puertorriqueña... ✅
  [ 874/1575] board... ✅
  [ 875/1575] boarding... ✅
  [ 876/1575] boarding_pass... ✅
  [ 877/1575] bob... ✅
  [ 878/1575] boba... ✅
  [ 879/1575] boba_prieta... ✅
  [ 880/1575] bobby_pin... ✅
  [ 881/1575] bobby_sock... ✅
  [ 882/1575] bobito... ✅
  [ 883/1575] bobo... ✅
  [ 884/1575] bobo_de_la_yuca... ✅
  [ 885/1575] bobolón,_na... ✅
  [ 886/1575] bobolóngolo,_la... ✅
  [ 887/1575] boca... ✅
  [ 888/1575] boca_chula... ✅
  [ 889/1575] boca_de_chopa... ✅
  [ 890/1575] boca_de_matillo... ✅
  [ 891/1575] boca_floja... ✅
  [ 892/1575] boca_rajada... ✅
  [ 893/1575] bocabajo... ✅
  [ 894/1575] bocabajo_a_dos_manos... ✅
  [ 895/1575] bocabajo_de_chanfles... ✅
  [ 896/1575] bocabajo_de_la_chimba... ✅
  [ 897/1575] bocabajo_de_matillo... ✅
  [ 898/1575] bocabajo_floja... ✅
  [ 899/1575] bocabajo_llevando_cuenta... ✅
  [ 900/1575] bocabajo_rajada... ✅
  [ 901/1575] bocadillo... ✅
  [ 902/1575] bocadito... ✅
  [ 903/1575] bocado... ✅
  [ 904/1575] bocanada... ✅
  [ 905/1575] bochas... ✅
  [ 906/1575] boche... ✅
  [ 907/1575] bocheche... ✅
  [ 908/1575] bochechudo,_da... ✅
  [ 909/1575] bochinchar... ✅
  [ 910/1575] bochinche... ✅
  [ 911/1575] bochinche_de_caserío... ✅
  [ 912/1575] bochinchear... ✅
  [ 913/1575] bochinchero,_ra... ✅
  [ 914/1575] bochincheroso,_sa... ✅
  [ 915/1575] bochinchoso,_sa... ✅
  [ 916/1575] bocina... ✅
  [ 917/1575] bocona... ✅
  [ 918/1575] boconear... ✅
  [ 919/1575] boconeo... ✅
  [ 920/1575] boconería... ✅
  [ 921/1575] bocoy... ✅
  [ 922/1575] bocudo,_da... ✅
  [ 923/1575] bocón,_na... ✅
  [ 924/1575] bocón... ✅
  [ 925/1575] bocú... ✅
  [ 926/1575] bocúa... ✅
  [ 927/1575] bodega... ✅
  [ 928/1575] bodrogo... ✅
  [ 929/1575] body_art... ✅
  [ 930/1575] body_boarding... ✅
  [ 931/1575] body_building... ✅
  [ 932/1575] body_language... ✅
  [ 933/1575] body_painting... ✅
  [ 934/1575] body_piercing... ✅
  [ 935/1575] body_suit... ✅
  [ 936/1575] body_surfing... ✅
  [ 937/1575] bodyboarding... ✅
  [ 938/1575] bodyguard... ✅
  [ 939/1575] bofe... ✅
  [ 940/1575] bofetear... ✅
  [ 941/1575] bofeteo... ✅
  [ 942/1575] bogar... ✅
  [ 943/1575] bogar_al_parel... ✅
  [ 944/1575] bogey... ✅
  [ 945/1575] bogui... ✅
  [ 946/1575] bohiti... ✅
  [ 947/1575] bohito... ✅
  [ 948/1575] bohuti... ✅
  [ 949/1575] bohío... ✅
  [ 950/1575] bohíque... ✅
  [ 951/1575] boicot... ✅
  [ 952/1575] boicotear... ✅
  [ 953/1575] boicoteo... ✅
  [ 954/1575] boicotizar... ✅
  [ 955/1575] boicotín... ✅
  [ 956/1575] boiler... ✅
  [ 957/1575] boití... ✅
  [ 958/1575] boje... ✅
  [ 959/1575] bojote... ✅
  [ 960/1575] bojío... ✅
  [ 961/1575] bol... ✅
  [ 962/1575] bola... ✅
  [ 963/1575] bola_alta... ✅
  [ 964/1575] bola_de_comején... ✅
  [ 965/1575] bola_de_millo... ✅
  [ 966/1575] bola_de_nieve... ✅
  [ 967/1575] bolada... ✅
  [ 968/1575] bolas... ✅
  [ 969/1575] bold... ✅
  [ 970/1575] bolear... ✅
  [ 971/1575] boleo... ✅
  [ 972/1575] bolerista... ✅
  [ 973/1575] bolero... ✅
  [ 974/1575] bolerística... ✅
  [ 975/1575] boleta... ✅
  [ 976/1575] boletería... ✅
  [ 977/1575] boleto... ✅
  [ 978/1575] bolibol... ✅
  [ 979/1575] boliche... ✅
  [ 980/1575] bolihoyo... ✅
  [ 981/1575] bolillo... ✅
  [ 982/1575] bolillo_del_güinche... ✅
  [ 983/1575] bolipool... ✅
  [ 984/1575] bolipul... ✅
  [ 985/1575] bolita... ✅
  [ 986/1575] bolita_man... ✅
  [ 987/1575] bolita_runner... ✅
  [ 988/1575] bolita_y_hoyo... ✅
  [ 989/1575] bolitero,_ra... ✅
  [ 990/1575] bolito... ✅
  [ 991/1575] boliyo... ✅
  [ 992/1575] bolla... ✅
  [ 993/1575] bollera... ✅
  [ 994/1575] bollito... ✅
  [ 995/1575] bollo... ✅
  [ 996/1575] bollo_de_pan... ✅
  [ 997/1575] bollo_de_plátano... ✅
  [ 998/1575] bollo_loco... ✅
  [ 999/1575] bolo,_la... ✅
  [1000/1575] bolo... ✅
  [1001/1575] bolondrón,_na... ✅
  [1002/1575] bolondrón... ✅
  [1003/1575] bolorrabilucho... ✅
  [1004/1575] bolorrabirucho... ✅
  [1005/1575] bolsa... ✅
  [1006/1575] bolsito... ✅
  [1007/1575] bolso... ✅
  [1008/1575] bolón,_na... ✅
  [1009/1575] bolón... ✅
  [1010/1575] bom... ✅
  [1011/1575] bomba... ✅
  [1012/1575] bombazo... ✅
  [1013/1575] bombeado... ✅
  [1014/1575] bombeadora... ✅
  [1015/1575] bombear... ✅
  [1016/1575] bombearse... ✅
  [1017/1575] bombero... ✅
  [1018/1575] bombilla... ✅
  [1019/1575] bombillo... ✅
  [1020/1575] bombita_de_humo... ✅
  [1021/1575] bombito... ✅
  [1022/1575] bombito_al_pítcher... ✅
  [1023/1575] bombo... ✅
  [1024/1575] bombotó... ✅
  [1025/1575] bombotú,_túa... ✅
  [1026/1575] bombín... ✅
  [1027/1575] bombón... ✅
  [1028/1575] bombón_de_caballo... ✅
  [1029/1575] bon... ✅
  [1030/1575] bonanza... ✅
  [1031/1575] bonasí... ✅
  [1032/1575] bonchar... ✅
  [1033/1575] bonche... ✅
  [1034/1575] bonchinchear... ✅
  [1035/1575] bond... ✅
  [1036/1575] bondo... ✅
  [1037/1575] bone_scan... ✅
  [1038/1575] bonete... ✅
  [1039/1575] bongo... ✅
  [1040/1575] bongosero,_ra... ✅
  [1041/1575] bongó... ✅
  [1042/1575] boniama... ✅
  [1043/1575] boniata... ✅
  [1044/1575] boniato... ✅
  [1045/1575] bonita... ✅
  [1046/1575] bonitillo,_lla... ✅
  [1047/1575] bonito... ✅
  [1048/1575] bono... ✅
  [1049/1575] bono_de_navidad... ✅
  [1050/1575] bono_de_renta... ✅
  [1051/1575] book_end... ✅
  [1052/1575] book_rack... ✅
  [1053/1575] bookeeper... ✅
  [1054/1575] bookend... ✅
  [1055/1575] bookkeeper... ✅
  [1056/1575] boom... ✅
  [1057/1575] boomerang... ✅
  [1058/1575] booster... ✅
  [1059/1575] boot_(sector)... ✅
  [1060/1575] booteable... ✅
  [1061/1575] bootear... ✅
  [1062/1575] booting... ✅
  [1063/1575] boquera... ✅
  [1064/1575] boqueronense... ✅
  [1065/1575] boqueroneño,_ña... ✅
  [1066/1575] boquete... ✅
  [1067/1575] boquicolorado... ✅
  [1068/1575] boquicolorao... ✅
  [1069/1575] boquiculebra... ✅
  [1070/1575] boquiduro,_ra... ✅
  [1071/1575] boquiflojo,_ja... ✅
  [1072/1575] boquijano... ✅
  [1073/1575] boquilla... ✅
  [1074/1575] boquillero,_ra... ✅
  [1075/1575] boquisucio,_cia... ✅
  [1076/1575] boquisuelto,_ta... ✅
  [1077/1575] boquita_azucarada... ✅
  [1078/1575] boquita_de_chicharra... ✅
  [1079/1575] borajón... ✅
  [1080/1575] borboja... ✅
  [1081/1575] borbón... ✅
  [1082/1575] borda... ✅
  [1083/1575] bordante... ✅
  [1084/1575] borderline... ✅
  [1085/1575] bordonúa... ✅
  [1086/1575] boria... ✅
  [1087/1575] boricano,_na... ✅
  [1088/1575] borichen... ✅
  [1089/1575] boricua... ✅
  [1090/1575] boricua_de_cora... ✅
  [1091/1575] boriguén... ✅
  [1092/1575] borikén... ✅
  [1093/1575] boril... ✅
  [1094/1575] borincano,_na... ✅
  [1095/1575] borinquen... ✅
  [1096/1575] borinqueña_(la)... ✅
  [1097/1575] borinqueño,_ña... ✅
  [1098/1575] borinquén... ✅
  [1099/1575] boriquense... ✅
  [1100/1575] boriquer... ✅
  [1101/1575] boriqueño,_ña... ✅
  [1102/1575] boriquién... ✅
  [1103/1575] boriquén... ✅
  [1104/1575] borlina... ✅
  [1105/1575] bornear... ✅
  [1106/1575] borococo... ✅
  [1107/1575] borolín... ✅
  [1108/1575] boronía... ✅
  [1109/1575] borra... ✅
  [1110/1575] borra_de_café... ✅
  [1111/1575] borrachón,_na... ✅
  [1112/1575] borrar_cinta... ✅
  [1113/1575] borrarse... ✅
  [1114/1575] borrasca... ✅
  [1115/1575] borrego... ✅
  [1116/1575] borrársele_la_cinta... ✅
  [1117/1575] boruquena... ✅
  [1118/1575] bos... ✅
  [1119/1575] bosborón... ✅
  [1120/1575] bosque... ✅
  [1121/1575] bosque_central... ✅
  [1122/1575] bosque_derecho... ✅
  [1123/1575] bosque_izquierdo... ✅
  [1124/1575] boss... ✅
  [1125/1575] bossing... ✅
  [1126/1575] bostear... ✅
  [1127/1575] bosteo... ✅
  [1128/1575] bosticar... ✅
  [1129/1575] bot... ✅
  [1130/1575] bota... ✅
  [1131/1575] bota_coral... ✅
  [1132/1575] bota_la_riversa... ✅
  [1133/1575] botada... ✅
  [1134/1575] botado,_da... ✅
  [1135/1575] botado... ✅
  [1136/1575] botador,_ra... ✅
  [1137/1575] botafango... ✅
  [1138/1575] botafuego... ✅
  [1139/1575] botafumeiro... ✅
  [1140/1575] botagua... ✅
  [1141/1575] botalodo... ✅
  [1142/1575] botalotodo... ✅
  [1143/1575] botalón... ✅
  [1144/1575] botana... ✅
  [1145/1575] botar... ✅
  [1146/1575] botar_como_bolsa... ✅
  [1147/1575] botar_el_agua_amarilla... ✅
  [1148/1575] botar_el_bofe... ✅
  [1149/1575] botar_el_racimo_de_la_pámpana... ✅
  [1150/1575] botar_el_verde_de_las_tripas... ✅
  [1151/1575] botar_la_bola... ✅
  [1152/1575] botar_la_bola_y_romper_el_bate... ✅
  [1153/1575] botar_la_casa_por_la_ventana... ✅
  [1154/1575] botar_la_llave... ✅
  [1155/1575] botar_la_pelota... ✅
  [1156/1575] botar_la_pámpana... ✅
  [1157/1575] botarata... ✅
  [1158/1575] botarate,_ta... ✅
  [1159/1575] botarse... ✅
  [1160/1575] botavaca... ✅
  [1161/1575] botavara... ✅
  [1162/1575] bote... ✅
  [1163/1575] bote_de_vela... ✅
  [1164/1575] botella... ✅
  [1165/1575] botellero... ✅
  [1166/1575] botellita... ✅
  [1167/1575] botica... ✅
  [1168/1575] boticario... ✅
  [1169/1575] botija... ✅
  [1170/1575] botiquín... ✅
  [1171/1575] botiuela... ✅
  [1172/1575] botiuelo... ✅
  [1173/1575] boto,_ta... ✅
  [1174/1575] boto... ✅
  [1175/1575] botonar... ✅
  [1176/1575] botoncillo... ✅
  [1177/1575] botox... ✅
  [1178/1575] botuto... ✅
  [1179/1575] botánica... ✅
  [1180/1575] botánico,_ca... ✅
  [1181/1575] botín... ✅
  [1182/1575] botón... ✅
  [1183/1575] botón_de_leche... ✅
  [1184/1575] botón_de_oro... ✅
  [1185/1575] boucher... ✅
  [1186/1575] boulevard... ✅
  [1187/1575] bouncer... ✅
  [1188/1575] bounty... ✅
  [1189/1575] bourbon... ✅
  [1190/1575] bow_tie... ✅
  [1191/1575] bowl... ✅
  [1192/1575] bowler... ✅
  [1193/1575] bowling... ✅
  [1194/1575] box... ✅
  [1195/1575] box_score... ✅
  [1196/1575] box_spring... ✅
  [1197/1575] boxeador,_ra... ✅
  [1198/1575] boxear... ✅
  [1199/1575] boxeo... ✅
  [1200/1575] boxer... ✅
  [1201/1575] boy... ✅
  [1202/1575] boy_scout... ✅
  [1203/1575] boyar... ✅
  [1204/1575] boyarse... ✅
  [1205/1575] boyero... ✅
  [1206/1575] boyfriend... ✅
  [1207/1575] bozal... ✅
  [1208/1575] bra... ✅
  [1209/1575] braces... ✅
  [1210/1575] bracket... ✅
  [1211/1575] bragado,_da... ✅
  [1212/1575] bragado... ✅
  [1213/1575] braguetazo... ✅
  [1214/1575] braguetero... ✅
  [1215/1575] brain-storming... ✅
  [1216/1575] brain... ✅
  [1217/1575] brainstorm... ✅
  [1218/1575] brainstorming... ✅
  [1219/1575] bramear... ✅
  [1220/1575] brancal... ✅
  [1221/1575] branding... ✅
  [1222/1575] brandy... ✅
  [1223/1575] braon... ✅
  [1224/1575] braque_y_bachiche... ✅
  [1225/1575] brasa... ✅
  [1226/1575] brasas... ✅
  [1227/1575] brasero... ✅
  [1228/1575] brasier... ✅
  [1229/1575] brasilete... ✅
  [1230/1575] brassiere... ✅
  [1231/1575] brava... ✅
  [1232/1575] bravata... ✅
  [1233/1575] bravera... ✅
  [1234/1575] bravo,_va... ✅
  [1235/1575] braza... ✅
  [1236/1575] brazalete... ✅
  [1237/1575] brazo... ✅
  [1238/1575] brazo_de_la_guitarra... ✅
  [1239/1575] brazo_derecho... ✅
  [1240/1575] brazo_fuerte... ✅
  [1241/1575] brazo_largo... ✅
  [1242/1575] brazos... ✅
  [1243/1575] break... ✅
  [1244/1575] break_dance... ✅
  [1245/1575] breakdance... ✅
  [1246/1575] breakdown... ✅
  [1247/1575] breaker... ✅
  [1248/1575] brecha... ✅
  [1249/1575] brega... ✅
  [1250/1575] bregar... ✅
  [1251/1575] bregar_cajita_de_pollo... ✅
  [1252/1575] bregar_chiqui_star... ✅
  [1253/1575] breiquecito... ✅
  [1254/1575] brejetear... ✅
  [1255/1575] brejeteo... ✅
  [1256/1575] brete... ✅
  [1257/1575] bretear... ✅
  [1258/1575] bretejear... ✅
  [1259/1575] breteo... ✅
  [1260/1575] bretonia... ✅
  [1261/1575] bretón... ✅
  [1262/1575] bretónica... ✅
  [1263/1575] breva... ✅
  [1264/1575] bridao... ✅
  [1265/1575] bridge... ✅
  [1266/1575] brief-case... ✅
  [1267/1575] brief... ✅
  [1268/1575] briefcase... ✅
  [1269/1575] briefing... ✅
  [1270/1575] brigueta... ✅
  [1271/1575] brilla... ✅
  [1272/1575] brillar... ✅
  [1273/1575] brillar_la_hebilla... ✅
  [1274/1575] brillo... ✅
  [1275/1575] brilloso,_sa... ✅
  [1276/1575] brincacharco... ✅
  [1277/1575] brincapozo... ✅
  [1278/1575] brincar... ✅
  [1279/1575] brincar_cuica... ✅
  [1280/1575] brincar_de_lado_y_lado... ✅
  [1281/1575] brincar_el_charco... ✅
  [1282/1575] brincar_encima_con_uñas_y_dientes... ✅
  [1283/1575] brinco... ✅
  [1284/1575] brincotear... ✅
  [1285/1575] brincoteo... ✅
  [1286/1575] brincotón... ✅
  [1287/1575] brindao... ✅
  [1288/1575] briole... ✅
  [1289/1575] brisa... ✅
  [1290/1575] brisa_de_mar... ✅
  [1291/1575] brisa_de_norte... ✅
  [1292/1575] brisa_del_sur... ✅
  [1293/1575] brisar... ✅
  [1294/1575] brisera... ✅
  [1295/1575] brisote... ✅
  [1296/1575] bro... ✅
  [1297/1575] bro_kid... ✅
  [1298/1575] broadcast... ✅
  [1299/1575] broadcasting... ✅
  [1300/1575] brobin... ✅
  [1301/1575] broca... ✅
  [1302/1575] brocas... ✅
  [1303/1575] brochazo... ✅
  [1304/1575] broche... ✅
  [1305/1575] brochure... ✅
  [1306/1575] broco,_ca... ✅
  [1307/1575] broco... ✅
  [1308/1575] broda... ✅
  [1309/1575] broder... ✅
  [1310/1575] broil... ✅
  [1311/1575] broiler... ✅
  [1312/1575] broker... ✅
  [1313/1575] broma... ✅
  [1314/1575] bron... ✅
  [1315/1575] bronchar... ✅
  [1316/1575] bronquero... ✅
  [1317/1575] broquero... ✅
  [1318/1575] broqui... ✅
  [1319/1575] brosa... ✅
  [1320/1575] brotado... ✅
  [1321/1575] brother... ✅
  [1322/1575] brown... ✅
  [1323/1575] brownie... ✅
  [1324/1575] browsear... ✅
  [1325/1575] browser... ✅
  [1326/1575] broza... ✅
  [1327/1575] brucal... ✅
  [1328/1575] brucayo... ✅
  [1329/1575] bruhcal... ✅
  [1330/1575] bruhcayo... ✅
  [1331/1575] bruja... ✅
  [1332/1575] brujería... ✅
  [1333/1575] brujo,_ja... ✅
  [1334/1575] brujo... ✅
  [1335/1575] brujulear... ✅
  [1336/1575] brunch... ✅
  [1337/1575] bruquena... ✅
  [1338/1575] bruqueno,_na... ✅
  [1339/1575] brusca... ✅
  [1340/1575] bruscar... ✅
  [1341/1575] bruscayo... ✅
  [1342/1575] brusquera... ✅
  [1343/1575] brusquero,_ra... ✅
  [1344/1575] brusquero... ✅
  [1345/1575] brutada... ✅
  [1346/1575] brótula... ✅
  [1347/1575] buba... ✅
  [1348/1575] bubarrón... ✅
  [1349/1575] bubas... ✅
  [1350/1575] bubis... ✅
  [1351/1575] buboso,_sa... ✅
  [1352/1575] bubí... ✅
  [1353/1575] bucago... ✅
  [1354/1575] bucal... ✅
  [1355/1575] bucare... ✅
  [1356/1575] bucaré... ✅
  [1357/1575] bucaré_enano... ✅
  [1358/1575] bucaré_gigante... ✅
  [1359/1575] bucayo... ✅
  [1360/1575] bucayo_enano... ✅
  [1361/1575] bucear... ✅
  [1362/1575] bucha... ✅
  [1363/1575] buchacha... ✅
  [1364/1575] buche_de_pavo... ✅
  [1365/1575] buche_de_puerco... ✅
  [1366/1575] buche_y_pluma... ✅
  [1367/1575] buchero... ✅
  [1368/1575] buchipluma... ✅
  [1369/1575] buchito... ✅
  [1370/1575] buchito_de_café_prieto... ✅
  [1371/1575] buchona... ✅
  [1372/1575] buchón,_na... ✅
  [1373/1575] buchón... ✅
  [1374/1575] buchú... ✅
  [1375/1575] buchúa... ✅
  [1376/1575] buda... ✅
  [1377/1575] buddy... ✅
  [1378/1575] budget... ✅
  [1379/1575] buduska... ✅
  [1380/1575] budín... ✅
  [1381/1575] budín_de_esquina... ✅
  [1382/1575] budú... ✅
  [1383/1575] buen_cráneo... ✅
  [1384/1575] buen_fruto... ✅
  [1385/1575] buen_material... ✅
  [1386/1575] buen_taco... ✅
  [1387/1575] buen_tercio... ✅
  [1388/1575] buen_tiempo... ✅
  [1389/1575] buena_compaña... ✅
  [1390/1575] buena_gente... ✅
  [1391/1575] buena_hembra... ✅
  [1392/1575] buena_pieza... ✅
  [1393/1575] buenas_tardes... ✅
  [1394/1575] bueno,_¿y_qué?... ✅
  [1395/1575] bueno_es_el_pan,_que_se_deja_comer... ✅
  [1396/1575] bueno_para_el_blablablá... ✅
  [1397/1575] bueno_para_el_diente... ✅
  [1398/1575] bueno_que_me_pase... ✅
  [1399/1575] buey... ✅
  [1400/1575] buey_broco... ✅
  [1401/1575] buey_corneta... ✅
  [1402/1575] buey_josco... ✅
  [1403/1575] buey_muerto... ✅
  [1404/1575] bueyera... ✅
  [1405/1575] bueyero... ✅
  [1406/1575] bueyá... ✅
  [1407/1575] bueyón... ✅
  [1408/1575] bufeado,_da... ✅
  [1409/1575] bufeador,_ra... ✅
  [1410/1575] bufearse... ✅
  [1411/1575] bufearse_la_movida... ✅
  [1412/1575] bufeo... ✅
  [1413/1575] buffer... ✅
  [1414/1575] buffet... ✅
  [1415/1575] bufiar... ✅
  [1416/1575] bug... ✅
  [1417/1575] bugarrón... ✅
  [1418/1575] buggy... ✅
  [1419/1575] buguere... ✅
  [1420/1575] bugueta... ✅
  [1421/1575] buhiti... ✅
  [1422/1575] buhío... ✅
  [1423/1575] building... ✅
  [1424/1575] buitre... ✅
  [1425/1575] buitre_mercader... ✅
  [1426/1575] bujarda... ✅
  [1427/1575] buje... ✅
  [1428/1575] bujío... ✅
  [1429/1575] bul... ✅
  [1430/1575] buleco,_ca... ✅
  [1431/1575] buleo... ✅
  [1432/1575] bulera... ✅
  [1433/1575] bulla... ✅
  [1434/1575] bullanga... ✅
  [1435/1575] bullanguero,_ra... ✅
  [1436/1575] bulldog... ✅
  [1437/1575] bulldozer... ✅
  [1438/1575] bulletin_board... ✅
  [1439/1575] bullidor... ✅
  [1440/1575] bullpen... ✅
  [1441/1575] bullshit... ✅
  [1442/1575] bullshitear... ✅
  [1443/1575] bullshiteo... ✅
  [1444/1575] bully... ✅
  [1445/1575] bullying... ✅
  [1446/1575] bullén... ✅
  [1447/1575] bullón... ✅
  [1448/1575] bulto... ✅
  [1449/1575] bululú... ✅
  [1450/1575] bulú... ✅
  [1451/1575] bum... ✅
  [1452/1575] bumerán... ✅
  [1453/1575] bumper-to-bumper... ✅
  [1454/1575] bumper... ✅
  [1455/1575] bumper_sticker... ✅
  [1456/1575] bungalow... ✅
  [1457/1575] bungaló... ✅
  [1458/1575] buniato... ✅
  [1459/1575] bunker... ✅
  [1460/1575] buraco... ✅
  [1461/1575] burenquén... ✅
  [1462/1575] bureo... ✅
  [1463/1575] bureteado... ✅
  [1464/1575] burgado... ✅
  [1465/1575] burgao... ✅
  [1466/1575] burger... ✅
  [1467/1575] buriaco... ✅
  [1468/1575] burichena... ✅
  [1469/1575] burileo... ✅
  [1470/1575] buriquena... ✅
  [1471/1575] buriquén... ✅
  [1472/1575] burlón... ✅
  [1473/1575] buroldo,_da... ✅
  [1474/1575] burra... ✅
  [1475/1575] burraco,_ca... ✅
  [1476/1575] burrero... ✅
  [1477/1575] burrillo... ✅
  [1478/1575] burriquete... ✅
  [1479/1575] burrito... ✅
  [1480/1575] burro... ✅
  [1481/1575] burro_mauricio... ✅
  [1482/1575] burro_prieto... ✅
  [1483/1575] burronazo... ✅
  [1484/1575] burrumina... ✅
  [1485/1575] burrunazo... ✅
  [1486/1575] burujina... ✅
  [1487/1575] burujón... ✅
  [1488/1575] burundanga... ✅
  [1489/1575] buruquena... ✅
  [1490/1575] burén... ✅
  [1491/1575] buró... ✅
  [1492/1575] bus... ✅
  [1493/1575] bus_driver... ✅
  [1494/1575] busca... ✅
  [1495/1575] buscabulla... ✅
  [1496/1575] buscabullas... ✅
  [1497/1575] buscador... ✅
  [1498/1575] buscapleitos... ✅
  [1499/1575] buscar... ✅
  [1500/1575] buscar_al_fulano... ✅
  [1501/1575] buscar_como_un_cabrito_que_no_encuentra_a_su_mae... ✅
  [1502/1575] buscar_fuete_para_su_culo... ✅
  [1503/1575] buscar_fuete_para_su_fondillo... ✅
  [1504/1575] buscar_fuete_para_su_fundillo... ✅
  [1505/1575] buscar_julepe... ✅
  [1506/1575] buscar_la_cura... ✅
  [1507/1575] buscar_la_vuelta... ✅
  [1508/1575] buscar_las_patas_a_la_perica... ✅
  [1509/1575] buscar_lo_que_no_se_ha_perdido... ✅
  [1510/1575] buscar_pargo... ✅
  [1511/1575] buscar_queso_pa'l_ratón... ✅
  [1512/1575] buscar_un_barco... ✅
  [1513/1575] buscar_un_billete... ✅
  [1514/1575] buscar_un_cargamento... ✅
  [1515/1575] buscarse_banda... ✅
  [1516/1575] buscarse_el_billete... ✅
  [1517/1575] buscarse_las_habichuelas... ✅
  [1518/1575] buscarse_un_pinche... ✅
  [1519/1575] buscavida... ✅
  [1520/1575] busconear... ✅
  [1521/1575] buscón,_na... ✅
  [1522/1575] buscón... ✅
  [1523/1575] bushing... ✅
  [1524/1575] business... ✅
  [1525/1575] business_class... ✅
  [1526/1575] busquita... ✅
  [1527/1575] butaca... ✅
  [1528/1575] butaque... ✅
  [1529/1575] butear... ✅
  [1530/1575] butearse... ✅
  [1531/1575] buticaco... ✅
  [1532/1575] butifarrón... ✅
  [1533/1575] butnel... ✅
  [1534/1575] buya... ✅
  [1535/1575] buyón... ✅
  [1536/1575] buyú... ✅
  [1537/1575] buzo... ✅
  [1538/1575] buzo_de_agua_dulce... ✅
  [1539/1575] buñato... ✅
  [1540/1575] buñolada... ✅
  [1541/1575] buñuelada... ✅
  [1542/1575] buñuelo... ✅
  [1543/1575] buñuelo_de_ñame... ✅
  [1544/1575] by_choice... ✅
  [1545/1575] by_pass... ✅
  [1546/1575] by_product... ✅
  [1547/1575] by_the_book... ✅
  [1548/1575] by_the_way... ✅
  [1549/1575] bypass... ✅
  [1550/1575] byte... ✅
  [1551/1575] báciga... ✅
  [1552/1575] bácora... ✅
  [1553/1575] báculo... ✅
  [1554/1575] bádula... ✅
  [1555/1575] bálsamo... ✅
  [1556/1575] bálsamo_de_maría... ✅
  [1557/1575] bálsamo_de_santa_maría... ✅
  [1558/1575] bárbaro,_ra... ✅
  [1559/1575] básiga... ✅
  [1560/1575] básquet... ✅
  [1561/1575] básquetbol... ✅
  [1562/1575] béisbol... ✅
  [1563/1575] bíper... ✅
  [1564/1575] bómper... ✅
  [1565/1575] búcar... ✅
  [1566/1575] búcaro... ✅
  [1567/1575] búfalo... ✅
  [1568/1575] búlico,_ca... ✅
  [1569/1575] búlico... ✅
  [1570/1575] búlico_azul... ✅
  [1571/1575] búlico_con_bacalao... ✅
  [1572/1575] búlico_moro... ✅
  [1573/1575] búlico_patesebo... ✅
  [1574/1575] búmper... ✅
  [1575/1575] búster... ✅

================================================================================
CONSOLIDATION COMPLETE
================================================================================
  Letter:        B
  Processed:     1575
  Failed:        0
  Output folder: /Users/andrewcasanova/Documents/data_science_projects/ai_projects/TESORO_BORICUA/webscrape/data/preprocessed_tesoro_v2/b


================================================================================
CONSOLIDATING LETTER 'C' - 3572 words
================================================================================

  [   1/3572] c+... ✅
  [   2/3572] c-... ✅
  [   3/3572] c... ✅
  [   4/3572] cabalgata... ✅
  [   5/3572] caballa_amarilla... ✅
  [   6/3572] caballa_azul... ✅
  [   7/3572] caballada... ✅
  [   8/3572] caballazo... ✅
  [   9/3572] caballero... ✅
  [  10/3572] caballero_cubierto... ✅
  [  11/3572] caballería... ✅
  [  12/3572] caballito... ✅
  [  13/3572] caballito_de_san_pedro... ✅
  [  14/3572] caballo... ✅
  [  15/3572] caballo_anquilla... ✅
  [  16/3572] caballo_blanco... ✅
  [  17/3572] caballo_blanco_de_napoleón... ✅
  [  18/3572] caballo_de_hierro... ✅
  [  19/3572] caballo_de_paso_fino... ✅
  [  20/3572] caballo_de_paso_taconeado... ✅
  [  21/3572] caballo_de_taconeado... ✅
  [  22/3572] caballo_de_volteo... ✅
  [  23/3572] caballo_de_yagua... ✅
  [  24/3572] caballo_indio... ✅
  [  25/3572] caballo_platanero... ✅
  [  26/3572] caballona... ✅
  [  27/3572] caballote,_ta... ✅
  [  28/3572] cabalonga... ✅
  [  29/3572] cabao... ✅
  [  30/3572] cabazorro... ✅
  [  31/3572] cabaña... ✅
  [  32/3572] cabañuelas... ✅
  [  33/3572] cabecear... ✅
  [  34/3572] cabeciduro,_ra... ✅
  [  35/3572] cabecipelado... ✅
  [  36/3572] cabecipuerco... ✅
  [  37/3572] cabello_blandito... ✅
  [  38/3572] cabello_de_ángel... ✅
  [  39/3572] cabello_grifo... ✅
  [  40/3572] cabello_intermedio... ✅
  [  41/3572] cabello_ondeado... ✅
  [  42/3572] cabemba... ✅
  [  43/3572] cabestro... ✅
  [  44/3572] cabete... ✅
  [  45/3572] cabeza... ✅
  [  46/3572] cabeza_de_arado... ✅
  [  47/3572] cabeza_de_comején... ✅
  [  48/3572] cabeza_de_güiro... ✅
  [  49/3572] cabeza_de_higüera... ✅
  [  50/3572] cabeza_de_jigüera... ✅
  [  51/3572] cabeza_de_jícara... ✅
  [  52/3572] cabeza_de_piña... ✅
  [  53/3572] cabeza_de_plátano... ✅
  [  54/3572] cabeza_de_poste... ✅
  [  55/3572] cabeza_de_ñame... ✅
  [  56/3572] cabeza_floja... ✅
  [  57/3572] cabeza_llena_de_pajaros_preñados... ✅
  [  58/3572] cabezada... ✅
  [  59/3572] cabezal... ✅
  [  60/3572] cabezote... ✅
  [  61/3572] cabezón,_na... ✅
  [  62/3572] cabezón... ✅
  [  63/3572] cabiblanco,_ca... ✅
  [  64/3572] cabidrio... ✅
  [  65/3572] cabildio... ✅
  [  66/3572] cabildrio... ✅
  [  67/3572] cabina... ✅
  [  68/3572] cabito... ✅
  [  69/3572] cable_de_jumpear... ✅
  [  70/3572] cable_de_yompear... ✅
  [  71/3572] cableriche... ✅
  [  72/3572] cablería... ✅
  [  73/3572] cablerío... ✅
  [  74/3572] cabo... ✅
  [  75/3572] cabo_de_azada... ✅
  [  76/3572] cabo_de_hacha... ✅
  [  77/3572] cabo_de_pluma... ✅
  [  78/3572] cabo_de_tabaco... ✅
  [  79/3572] caboose... ✅
  [  80/3572] caborrojeño,_ña... ✅
  [  81/3572] cabotaje... ✅
  [  82/3572] cabra... ✅
  [  83/3572] cabra_mora... ✅
  [  84/3572] cabrear... ✅
  [  85/3572] cabrerillo... ✅
  [  86/3572] cabrestazo... ✅
  [  87/3572] cabrestillo... ✅
  [  88/3572] cabresto... ✅
  [  89/3572] cabrestrear... ✅
  [  90/3572] cabriche... ✅
  [  91/3572] cabrilla... ✅
  [  92/3572] cabrillazo... ✅
  [  93/3572] cabrillear... ✅
  [  94/3572] cabrilleo... ✅
  [  95/3572] cabriola... ✅
  [  96/3572] cabrita... ✅
  [  97/3572] cabriyazo... ✅
  [  98/3572] cabro,_bra... ✅
  [  99/3572] cabro... ✅
  [ 100/3572] cabrona... ✅
  [ 101/3572] cabronería... ✅
  [ 102/3572] cabroso,_sa... ✅
  [ 103/3572] cabrón,_na... ✅
  [ 104/3572] cabrón... ✅
  [ 105/3572] cabulero... ✅
  [ 106/3572] cabulista... ✅
  [ 107/3572] cabuloso,_sa... ✅
  [ 108/3572] cabuya... ✅
  [ 109/3572] cabuyera... ✅
  [ 110/3572] cabuyería... ✅
  [ 111/3572] cabuyón... ✅
  [ 112/3572] cacao_amarillo... ✅
  [ 113/3572] cacao_bobo... ✅
  [ 114/3572] cacao_rojo... ✅
  [ 115/3572] cacao_roseta... ✅
  [ 116/3572] cacaotal... ✅
  [ 117/3572] cacaotillo... ✅
  [ 118/3572] cacarañado,_da... ✅
  [ 119/3572] cacarear... ✅
  [ 120/3572] cacatúa... ✅
  [ 121/3572] cacaíllo... ✅
  [ 122/3572] cacha... ✅
  [ 123/3572] cachachear... ✅
  [ 124/3572] cachaco... ✅
  [ 125/3572] cachada... ✅
  [ 126/3572] cachado,_da... ✅
  [ 127/3572] cachanchán,_na... ✅
  [ 128/3572] cachapa... ✅
  [ 129/3572] cachapear... ✅
  [ 130/3572] cachapera... ✅
  [ 131/3572] cachapita_criolla... ✅
  [ 132/3572] cachaputa... ✅
  [ 133/3572] cachar... ✅
  [ 134/3572] cacharra... ✅
  [ 135/3572] cacharrera... ✅
  [ 136/3572] cacharrero... ✅
  [ 137/3572] cacharro... ✅
  [ 138/3572] cachas... ✅
  [ 139/3572] cachaza... ✅
  [ 140/3572] cachazar... ✅
  [ 141/3572] cachazudo,_da... ✅
  [ 142/3572] cacheada... ✅
  [ 143/3572] cachear... ✅
  [ 144/3572] cachenca... ✅
  [ 145/3572] cachendoso,_sa... ✅
  [ 146/3572] cacheo... ✅
  [ 147/3572] cacher... ✅
  [ 148/3572] cachetazo... ✅
  [ 149/3572] cachete... ✅
  [ 150/3572] cachetear... ✅
  [ 151/3572] cacheteo... ✅
  [ 152/3572] cachetero,_ra... ✅
  [ 153/3572] cachetón,_na... ✅
  [ 154/3572] cachetón... ✅
  [ 155/3572] cachibache... ✅
  [ 156/3572] cachicambiado,_da... ✅
  [ 157/3572] cachicata... ✅
  [ 158/3572] cachimba... ✅
  [ 159/3572] cachimbazo... ✅
  [ 160/3572] cachimbero... ✅
  [ 161/3572] cachimbo... ✅
  [ 162/3572] cachipa... ✅
  [ 163/3572] cachiranga... ✅
  [ 164/3572] cachispa... ✅
  [ 165/3572] cachita... ✅
  [ 166/3572] cachito... ✅
  [ 167/3572] cacho... ✅
  [ 168/3572] cacho_de... ✅
  [ 169/3572] cachoco,_ca... ✅
  [ 170/3572] cachola... ✅
  [ 171/3572] cacholeado,da... ✅
  [ 172/3572] cachondeo... ✅
  [ 173/3572] cachondo,_da... ✅
  [ 174/3572] cachorrada... ✅
  [ 175/3572] cachorro,_rra... ✅
  [ 176/3572] cachucha... ✅
  [ 177/3572] cachucho... ✅
  [ 178/3572] cachuco... ✅
  [ 179/3572] cachudo,_da... ✅
  [ 180/3572] cachupín... ✅
  [ 181/3572] caché... ✅
  [ 182/3572] caché_encendido... ✅
  [ 183/3572] caché_encendío... ✅
  [ 184/3572] cachú,_chúa... ✅
  [ 185/3572] cacica... ✅
  [ 186/3572] cacique... ✅
  [ 187/3572] caciquear... ✅
  [ 188/3572] caco,_ca... ✅
  [ 189/3572] caco... ✅
  [ 190/3572] caco_macaco... ✅
  [ 191/3572] cacomacaco... ✅
  [ 192/3572] cacona... ✅
  [ 193/3572] caconeta... ✅
  [ 194/3572] cacriato,_ta... ✅
  [ 195/3572] cacuisa... ✅
  [ 196/3572] cacuisia... ✅
  [ 197/3572] caculear... ✅
  [ 198/3572] caculeo... ✅
  [ 199/3572] caculero,_ra... ✅
  [ 200/3572] caculiar... ✅
  [ 201/3572] caculo... ✅
  [ 202/3572] caculo_social... ✅
  [ 203/3572] cacuse... ✅
  [ 204/3572] cacuy... ✅
  [ 205/3572] cad... ✅
  [ 206/3572] cada_guaraguao_tiene_su_pitirre... ✅
  [ 207/3572] cada_pitirre_tiene_su_zumbador... ✅
  [ 208/3572] caddie... ✅
  [ 209/3572] cadena... ✅
  [ 210/3572] cadena_de_comején... ✅
  [ 211/3572] caderudo,_da... ✅
  [ 212/3572] caderón,_na... ✅
  [ 213/3572] caderúo,_rúa... ✅
  [ 214/3572] cadillo... ✅
  [ 215/3572] cadillo_blanco... ✅
  [ 216/3572] cadillo_de_perro... ✅
  [ 217/3572] caer... ✅
  [ 218/3572] caer_arriba... ✅
  [ 219/3572] caer_atrás_a_alguien... ✅
  [ 220/3572] caer_comején_al_palo... ✅
  [ 221/3572] caer_como_balde_de_agua_fría... ✅
  [ 222/3572] caer_como_guanábana_madura... ✅
  [ 223/3572] caer_como_pana... ✅
  [ 224/3572] caer_como_patada_de_mula... ✅
  [ 225/3572] caer_como_una_patada_en_el_bofe... ✅
  [ 226/3572] caer_de_boca... ✅
  [ 227/3572] caer_de_frente... ✅
  [ 228/3572] caer_de_paracaídas... ✅
  [ 229/3572] caer_de_quinto... ✅
  [ 230/3572] caer_en_el_ajo_de…... ✅
  [ 231/3572] caer_en_el_caldero... ✅
  [ 232/3572] caer_en_el_latón... ✅
  [ 233/3572] caer_en_el_tumulto... ✅
  [ 234/3572] caer_en_la_horizontal... ✅
  [ 235/3572] caer_en_la_olla... ✅
  [ 236/3572] caer_en_la_página_de_cheo... ✅
  [ 237/3572] caer_en_la_redada... ✅
  [ 238/3572] caer_en_picada... ✅
  [ 239/3572] caer_en_tiempo... ✅
  [ 240/3572] caer_encima... ✅
  [ 241/3572] caer_encima_a_alguien... ✅
  [ 242/3572] caer_frito... ✅
  [ 243/3572] caer_la_changa... ✅
  [ 244/3572] caer_la_macacoa... ✅
  [ 245/3572] caer_ligero... ✅
  [ 246/3572] caer_los_chinches... ✅
  [ 247/3572] caer_mala... ✅
  [ 248/3572] caer_mimes... ✅
  [ 249/3572] caer_mimes_en_la_leche... ✅
  [ 250/3572] caer_moscas... ✅
  [ 251/3572] caer_moscas_en_la_leche... ✅
  [ 252/3572] caer_norte... ✅
  [ 253/3572] caer_pajitas_en_la_leche... ✅
  [ 254/3572] caer_parado... ✅
  [ 255/3572] caer_peor_que_un_dolor_de_estómago... ✅
  [ 256/3572] caer_pesada_la_comida... ✅
  [ 257/3572] caer_pesado... ✅
  [ 258/3572] caer_peseta... ✅
  [ 259/3572] caer_un_cometa... ✅
  [ 260/3572] caer_un_teja... ✅
  [ 261/3572] caer_una_chispita... ✅
  [ 262/3572] caerle... ✅
  [ 263/3572] caerle_atrás... ✅
  [ 264/3572] caerle_chinches... ✅
  [ 265/3572] caerle_como_pandereta_aleluya... ✅
  [ 266/3572] caerle_la_changa... ✅
  [ 267/3572] caerle_la_macacoa... ✅
  [ 268/3572] caerle_los_mimes... ✅
  [ 269/3572] caerle_los_veinte... ✅
  [ 270/3572] caerle_moscas... ✅
  [ 271/3572] caerse_como_guanábana_madura... ✅
  [ 272/3572] caerse_como_guanábana_podrida... ✅
  [ 273/3572] caerse_como_una_guanábana_madura... ✅
  [ 274/3572] caerse_de_eslay... ✅
  [ 275/3572] caerse_de_fondillo... ✅
  [ 276/3572] caerse_de_la_guajana... ✅
  [ 277/3572] caerse_de_la_mata... ✅
  [ 278/3572] caerse_del_coy... ✅
  [ 279/3572] caerse_el_niño_del_guilincho... ✅
  [ 280/3572] caerse_la_guajana... ✅
  [ 281/3572] caerse_la_llamada... ✅
  [ 282/3572] caerse_las_alas_del_corazón... ✅
  [ 283/3572] caerse_las_medias... ✅
  [ 284/3572] caerse_para_que_lo_levanten... ✅
  [ 285/3572] cafeses... ✅
  [ 286/3572] cafetalero,_ra... ✅
  [ 287/3572] cafetalista... ✅
  [ 288/3572] cafetería... ✅
  [ 289/3572] cafetillo... ✅
  [ 290/3572] cafetín... ✅
  [ 291/3572] cafeíllo... ✅
  [ 292/3572] caficultura... ✅
  [ 293/3572] cafre... ✅
  [ 294/3572] cafrería... ✅
  [ 295/3572] cafretón,_na... ✅
  [ 296/3572] cafrondo,_da... ✅
  [ 297/3572] cafufia... ✅
  [ 298/3572] café_achocadito... ✅
  [ 299/3572] café_amargo... ✅
  [ 300/3572] café_blanco... ✅
  [ 301/3572] café_brillado... ✅
  [ 302/3572] café_buche_de_puerco... ✅
  [ 303/3572] café_caracolillo... ✅
  [ 304/3572] café_cargado... ✅
  [ 305/3572] café_caritoso... ✅
  [ 306/3572] café_cereza... ✅
  [ 307/3572] café_cimarrón... ✅
  [ 308/3572] café_colao... ✅
  [ 309/3572] café_collor... ✅
  [ 310/3572] café_con_apoyo... ✅
  [ 311/3572] café_cuesco... ✅
  [ 312/3572] café_cáscara_blanca... ✅
  [ 313/3572] café_de_cáscara_blanca... ✅
  [ 314/3572] café_de_la_china... ✅
  [ 315/3572] café_de_la_india... ✅
  [ 316/3572] café_despuntado... ✅
  [ 317/3572] café_expreso... ✅
  [ 318/3572] café_negro... ✅
  [ 319/3572] café_pergamino... ✅
  [ 320/3572] café_pilao... ✅
  [ 321/3572] café_prieto... ✅
  [ 322/3572] café_prieto_y_pulla... ✅
  [ 323/3572] café_prieto_y_puya... ✅
  [ 324/3572] café_puya... ✅
  [ 325/3572] café_ralo... ✅
  [ 326/3572] café_seco_de_agua... ✅
  [ 327/3572] café_tinta... ✅
  [ 328/3572] café_tinto... ✅
  [ 329/3572] café_triache... ✅
  [ 330/3572] café_trilla... ✅
  [ 331/3572] café_trotón... ✅
  [ 332/3572] café_uva... ✅
  [ 333/3572] cagacatre... ✅
  [ 334/3572] cagadera... ✅
  [ 335/3572] cagadero... ✅
  [ 336/3572] cagado,_da... ✅
  [ 337/3572] cagaero... ✅
  [ 338/3572] cagalitroso,_sa... ✅
  [ 339/3572] cagao_a_la_madre... ✅
  [ 340/3572] cagao_al_padre... ✅
  [ 341/3572] cagar... ✅
  [ 342/3572] cagar_más_arriba_del_culo... ✅
  [ 343/3572] cagar_más_arriba_del_joyete... ✅
  [ 344/3572] cagar_más_que_un_pato_amarrao... ✅
  [ 345/3572] cagar_pelo... ✅
  [ 346/3572] cagarreta... ✅
  [ 347/3572] cagarse... ✅
  [ 348/3572] cagarse_en_el_mundo... ✅
  [ 349/3572] cagarse_en_la_hóspera... ✅
  [ 350/3572] cagaverde... ✅
  [ 351/3572] cagona... ✅
  [ 352/3572] caguama... ✅
  [ 353/3572] caguara... ✅
  [ 354/3572] caguarica... ✅
  [ 355/3572] caguará... ✅
  [ 356/3572] caguaya... ✅
  [ 357/3572] cagüeño,_ña... ✅
  [ 358/3572] cagüitas... ✅
  [ 359/3572] caico... ✅
  [ 360/3572] caimital... ✅
  [ 361/3572] caimitillo... ✅
  [ 362/3572] caimitillo_cimarrón... ✅
  [ 363/3572] caimitillo_de_perro... ✅
  [ 364/3572] caimitillo_verde... ✅
  [ 365/3572] caimito... ✅
  [ 366/3572] caimito_verde... ✅
  [ 367/3572] caimonito... ✅
  [ 368/3572] caimán... ✅
  [ 369/3572] cairel... ✅
  [ 370/3572] caja... ✅
  [ 371/3572] caja_de_agua... ✅
  [ 372/3572] caja_de_bateo... ✅
  [ 373/3572] caja_de_bolas... ✅
  [ 374/3572] caja_de_breakers... ✅
  [ 375/3572] caja_de_dientes... ✅
  [ 376/3572] caja_de_muerto... ✅
  [ 377/3572] caja_fuerte... ✅
  [ 378/3572] cajaya... ✅
  [ 379/3572] cajeta... ✅
  [ 380/3572] cajetillo... ✅
  [ 381/3572] cajetón,_na... ✅
  [ 382/3572] cajoba... ✅
  [ 383/3572] cajobanilla... ✅
  [ 384/3572] cajobilla... ✅
  [ 385/3572] cajuela... ✅
  [ 386/3572] cajuelita... ✅
  [ 387/3572] cajuil... ✅
  [ 388/3572] cajuilito... ✅
  [ 389/3572] cajuilito_solimán... ✅
  [ 390/3572] cají... ✅
  [ 391/3572] cajóbana... ✅
  [ 392/3572] cajón... ✅
  [ 393/3572] cake... ✅
  [ 394/3572] cala... ✅
  [ 395/3572] cala_mecánica... ✅
  [ 396/3572] calaba... ✅
  [ 397/3572] calabaza... ✅
  [ 398/3572] calabaza_de_casco... ✅
  [ 399/3572] calabaza_hembra... ✅
  [ 400/3572] calabaza_macho... ✅
  [ 401/3572] calabazo... ✅
  [ 402/3572] caladistroso,_sa... ✅
  [ 403/3572] calador... ✅
  [ 404/3572] caladora... ✅
  [ 405/3572] calafate... ✅
  [ 406/3572] calafatero... ✅
  [ 407/3572] calaguala... ✅
  [ 408/3572] calalú... ✅
  [ 409/3572] calambre... ✅
  [ 410/3572] calambrera... ✅
  [ 411/3572] calambreña... ✅
  [ 412/3572] calambrina... ✅
  [ 413/3572] calancana... ✅
  [ 414/3572] calanchoa... ✅
  [ 415/3572] calanco,_ca... ✅
  [ 416/3572] calanco... ✅
  [ 417/3572] calandria... ✅
  [ 418/3572] calandrio... ✅
  [ 419/3572] calandro... ✅
  [ 420/3572] calar... ✅
  [ 421/3572] calastre... ✅
  [ 422/3572] calce... ✅
  [ 423/3572] calculador,_ra... ✅
  [ 424/3572] caldeado,_da... ✅
  [ 425/3572] caldera_del_diablo... ✅
  [ 426/3572] caldero... ✅
  [ 427/3572] caldo... ✅
  [ 428/3572] caldo_de_oso... ✅
  [ 429/3572] caldo_de_pollo... ✅
  [ 430/3572] caldoepollo... ✅
  [ 431/3572] calefatura... ✅
  [ 432/3572] calendarización... ✅
  [ 433/3572] calendarizar... ✅
  [ 434/3572] calentada... ✅
  [ 435/3572] calentador... ✅
  [ 436/3572] calentarse... ✅
  [ 437/3572] calentoso,_sa... ✅
  [ 438/3572] calentura... ✅
  [ 439/3572] calentura_de_costa... ✅
  [ 440/3572] calentura_de_frío... ✅
  [ 441/3572] calentura_de_pollo... ✅
  [ 442/3572] calentura_malina... ✅
  [ 443/3572] calentón,_na... ✅
  [ 444/3572] calentón... ✅
  [ 445/3572] caleta... ✅
  [ 446/3572] caliche... ✅
  [ 447/3572] calichi... ✅
  [ 448/3572] calidad_de_vida... ✅
  [ 449/3572] caliente... ✅
  [ 450/3572] calientito,_ta... ✅
  [ 451/3572] california... ✅
  [ 452/3572] caligine... ✅
  [ 453/3572] caliginoso,_sa... ✅
  [ 454/3572] calimbar... ✅
  [ 455/3572] calimbo... ✅
  [ 456/3572] calinde... ✅
  [ 457/3572] caliper... ✅
  [ 458/3572] calisantera... ✅
  [ 459/3572] caliña... ✅
  [ 460/3572] call... ✅
  [ 461/3572] call_back... ✅
  [ 462/3572] call_box... ✅
  [ 463/3572] call_girl... ✅
  [ 464/3572] call_sign... ✅
  [ 465/3572] calla... ✅
  [ 466/3572] callajabo... ✅
  [ 467/3572] calle... ✅
  [ 468/3572] callinago... ✅
  [ 469/3572] callituerto... ✅
  [ 470/3572] calluco... ✅
  [ 471/3572] calma... ✅
  [ 472/3572] calmazo... ✅
  [ 473/3572] calmoso,_sa... ✅
  [ 474/3572] calmón... ✅
  [ 475/3572] caloricio... ✅
  [ 476/3572] calsao... ✅
  [ 477/3572] calza_y_ramal... ✅
  [ 478/3572] calzado... ✅
  [ 479/3572] calzonera... ✅
  [ 480/3572] calzoneta... ✅
  [ 481/3572] calzonudo,_da... ✅
  [ 482/3572] cama... ✅
  [ 483/3572] cama_full... ✅
  [ 484/3572] cama_king... ✅
  [ 485/3572] cama_queen... ✅
  [ 486/3572] cama_twin... ✅
  [ 487/3572] camabaleto... ✅
  [ 488/3572] camagüey... ✅
  [ 489/3572] camandulero,_ra... ✅
  [ 490/3572] camarero... ✅
  [ 491/3572] camarilla... ✅
  [ 492/3572] camaroncillo... ✅
  [ 493/3572] camaronear... ✅
  [ 494/3572] camarón,_na... ✅
  [ 495/3572] camarón... ✅
  [ 496/3572] camarón_bocú... ✅
  [ 497/3572] camarón_de_río... ✅
  [ 498/3572] camarón_sin_palancas... ✅
  [ 499/3572] camasey... ✅
  [ 500/3572] camasey_blanco... ✅
  [ 501/3572] camasey_cenizo... ✅
  [ 502/3572] camasey_de_paloma... ✅
  [ 503/3572] camasey_jusillo... ✅
  [ 504/3572] camasey_negro... ✅
  [ 505/3572] camasey_peludo... ✅
  [ 506/3572] camasey_terciopelo... ✅
  [ 507/3572] camasey_verdisco... ✅
  [ 508/3572] cambaleto... ✅
  [ 509/3572] cambiadera... ✅
  [ 510/3572] cambiar... ✅
  [ 511/3572] cambiar_chinas_por_botellas... ✅
  [ 512/3572] cambiar_de_chaqueta... ✅
  [ 513/3572] cambiar_de_comedura... ✅
  [ 514/3572] cambiar_de_compañero... ✅
  [ 515/3572] cambiar_de_look... ✅
  [ 516/3572] cambiar_de_marca... ✅
  [ 517/3572] cambiar_de_marcas... ✅
  [ 518/3572] cambiar_el_agua_al_pajarito... ✅
  [ 519/3572] cambiar_el_catre... ✅
  [ 520/3572] cambiar_el_disco... ✅
  [ 521/3572] cambiar_el_troley... ✅
  [ 522/3572] cambiar_la_yegüita... ✅
  [ 523/3572] cambiar_las_patas... ✅
  [ 524/3572] cambiar_los_muñequitos... ✅
  [ 525/3572] cambiar_los_toletes... ✅
  [ 526/3572] cambiavía... ✅
  [ 527/3572] cambiazo... ✅
  [ 528/3572] cambija... ✅
  [ 529/3572] cambio... ✅
  [ 530/3572] cambio_de_look... ✅
  [ 531/3572] cambio_de_velocidad... ✅
  [ 532/3572] cambrón... ✅
  [ 533/3572] cambuche... ✅
  [ 534/3572] cambuco... ✅
  [ 535/3572] cambur... ✅
  [ 536/3572] cambure... ✅
  [ 537/3572] cambustera... ✅
  [ 538/3572] cambustera_de_costa... ✅
  [ 539/3572] cambute... ✅
  [ 540/3572] cambutera... ✅
  [ 541/3572] cambuto... ✅
  [ 542/3572] cambímbora... ✅
  [ 543/3572] camella... ✅
  [ 544/3572] camellar... ✅
  [ 545/3572] camello... ✅
  [ 546/3572] cameral... ✅
  [ 547/3572] cameraman... ✅
  [ 548/3572] caminar... ✅
  [ 549/3572] caminar_como_chencha... ✅
  [ 550/3572] caminar_como_químico... ✅
  [ 551/3572] caminar_con_los_codos... ✅
  [ 552/3572] caminata... ✅
  [ 553/3572] camino_de_agua... ✅
  [ 554/3572] camino_de_agua_de_herradura... ✅
  [ 555/3572] camino_de_agua_municipal... ✅
  [ 556/3572] camino_de_agua_real... ✅
  [ 557/3572] camino_de_agua_vecinal... ✅
  [ 558/3572] camisa_de_dormir... ✅
  [ 559/3572] camisa_de_guayabera... ✅
  [ 560/3572] camisa_sport... ✅
  [ 561/3572] camisa_sport_guayabera... ✅
  [ 562/3572] camisilla... ✅
  [ 563/3572] camisón... ✅
  [ 564/3572] camona... ✅
  [ 565/3572] camonear... ✅
  [ 566/3572] campana... ✅
  [ 567/3572] campanazo... ✅
  [ 568/3572] campanear... ✅
  [ 569/3572] campanero,_ra... ✅
  [ 570/3572] campanilla... ✅
  [ 571/3572] campanillar... ✅
  [ 572/3572] campano... ✅
  [ 573/3572] campaña_del_terror... ✅
  [ 574/3572] campechanería... ✅
  [ 575/3572] camper... ✅
  [ 576/3572] campestre... ✅
  [ 577/3572] campeón... ✅
  [ 578/3572] campi... ✅
  [ 579/3572] camping... ✅
  [ 580/3572] campisto,_ta... ✅
  [ 581/3572] campo... ✅
  [ 582/3572] campo_corto... ✅
  [ 583/3572] campus... ✅
  [ 584/3572] camuflageado,_da... ✅
  [ 585/3572] camuflagear... ✅
  [ 586/3572] camuflajeado,_da... ✅
  [ 587/3572] camuflajear... ✅
  [ 588/3572] camuyano,_na... ✅
  [ 589/3572] camándula... ✅
  [ 590/3572] camón... ✅
  [ 591/3572] cana... ✅
  [ 592/3572] canacanachuín... ✅
  [ 593/3572] canagüey... ✅
  [ 594/3572] canal... ✅
  [ 595/3572] canallería... ✅
  [ 596/3572] canaria... ✅
  [ 597/3572] canario... ✅
  [ 598/3572] canario_de_manglar... ✅
  [ 599/3572] canario_de_mangle... ✅
  [ 600/3572] canary... ✅
  [ 601/3572] canarí... ✅
  [ 602/3572] canasta... ✅
  [ 603/3572] canasta_básica... ✅
  [ 604/3572] canasta_familiar... ✅
  [ 605/3572] canastero... ✅
  [ 606/3572] canastilla... ✅
  [ 607/3572] canastillo... ✅
  [ 608/3572] canasto... ✅
  [ 609/3572] canasto_de_chivo... ✅
  [ 610/3572] cancanear... ✅
  [ 611/3572] cancaneo... ✅
  [ 612/3572] cancel... ✅
  [ 613/3572] cancha... ✅
  [ 614/3572] canciller... ✅
  [ 615/3572] cancillería... ✅
  [ 616/3572] candado... ✅
  [ 617/3572] candanga... ✅
  [ 618/3572] candela... ✅
  [ 619/3572] candela_pasmá... ✅
  [ 620/3572] candelaria... ✅
  [ 621/3572] candelilla... ✅
  [ 622/3572] candelita... ✅
  [ 623/3572] candelá... ✅
  [ 624/3572] candelón... ✅
  [ 625/3572] candi... ✅
  [ 626/3572] candidato_al_hoyo... ✅
  [ 627/3572] candil... ✅
  [ 628/3572] candilero... ✅
  [ 629/3572] candombe... ✅
  [ 630/3572] candombero,_ra... ✅
  [ 631/3572] candunga... ✅
  [ 632/3572] candungo... ✅
  [ 633/3572] candungo_amargo... ✅
  [ 634/3572] candungo_de_embudo... ✅
  [ 635/3572] candungo_de_pesas... ✅
  [ 636/3572] candungo_de_plato... ✅
  [ 637/3572] candungo_de_sable... ✅
  [ 638/3572] candungué... ✅
  [ 639/3572] candy... ✅
  [ 640/3572] caneca... ✅
  [ 641/3572] canela... ✅
  [ 642/3572] canela_blanca... ✅
  [ 643/3572] canela_de_la_tierra... ✅
  [ 644/3572] canela_del_país... ✅
  [ 645/3572] canela_en_raja... ✅
  [ 646/3572] canelillo... ✅
  [ 647/3572] canelo... ✅
  [ 648/3572] canelón... ✅
  [ 649/3572] canequita... ✅
  [ 650/3572] caney... ✅
  [ 651/3572] cangilón... ✅
  [ 652/3572] cangre... ✅
  [ 653/3572] cangrejal... ✅
  [ 654/3572] cangrejero,_ra... ✅
  [ 655/3572] cangrejo... ✅
  [ 656/3572] cangri... ✅
  [ 657/3572] cangrimán... ✅
  [ 658/3572] canguro... ✅
  [ 659/3572] cangá... ✅
  [ 660/3572] caniaco,_ca... ✅
  [ 661/3572] caniba... ✅
  [ 662/3572] canibalismo... ✅
  [ 663/3572] canilla... ✅
  [ 664/3572] canillazo... ✅
  [ 665/3572] canillera... ✅
  [ 666/3572] canillero... ✅
  [ 667/3572] canjilón... ✅
  [ 668/3572] cano... ✅
  [ 669/3572] canoa... ✅
  [ 670/3572] canocum... ✅
  [ 671/3572] canopy... ✅
  [ 672/3572] canovanense... ✅
  [ 673/3572] canovaneño,_ña... ✅
  [ 674/3572] cansera... ✅
  [ 675/3572] canso,_sa... ✅
  [ 676/3572] cansón,_na... ✅
  [ 677/3572] cantadera... ✅
  [ 678/3572] cantadito... ✅
  [ 679/3572] cantaleta... ✅
  [ 680/3572] cantaletear... ✅
  [ 681/3572] cantaletero,_ra... ✅
  [ 682/3572] cantar_a_lo_divino... ✅
  [ 683/3572] cantar_a_lo_humano... ✅
  [ 684/3572] cantar_alto... ✅
  [ 685/3572] cantar_el_gallo... ✅
  [ 686/3572] cantar_los_turpiales... ✅
  [ 687/3572] cantazo... ✅
  [ 688/3572] cantear... ✅
  [ 689/3572] cantería... ✅
  [ 690/3572] cantina... ✅
  [ 691/3572] cantinero,_ra... ✅
  [ 692/3572] cantinflada... ✅
  [ 693/3572] cantito... ✅
  [ 694/3572] canto... ✅
  [ 695/3572] canto_de…... ✅
  [ 696/3572] cantío... ✅
  [ 697/3572] cantón... ✅
  [ 698/3572] canuco... ✅
  [ 699/3572] canutero... ✅
  [ 700/3572] canuto,_ta... ✅
  [ 701/3572] canuto... ✅
  [ 702/3572] canvas... ✅
  [ 703/3572] caníbal... ✅
  [ 704/3572] caoba... ✅
  [ 705/3572] caoba_del_país... ✅
  [ 706/3572] caobana... ✅
  [ 707/3572] caobilla... ✅
  [ 708/3572] caobo... ✅
  [ 709/3572] caona... ✅
  [ 710/3572] caonao... ✅
  [ 711/3572] capa... ✅
  [ 712/3572] capacete... ✅
  [ 713/3572] capacho... ✅
  [ 714/3572] capacidad... ✅
  [ 715/3572] capacillo... ✅
  [ 716/3572] capar... ✅
  [ 717/3572] capar_un_árbol... ✅
  [ 718/3572] caparacho... ✅
  [ 719/3572] caparazón... ✅
  [ 720/3572] caparrosa... ✅
  [ 721/3572] capataz... ✅
  [ 722/3572] capataz_de_caldera... ✅
  [ 723/3572] capataz_de_clarificación... ✅
  [ 724/3572] capataz_de_filtración... ✅
  [ 725/3572] capataz_de_molino... ✅
  [ 726/3572] capataz_de_puente... ✅
  [ 727/3572] capataz_de_riego... ✅
  [ 728/3572] capaz_que... ✅
  [ 729/3572] capaíllo... ✅
  [ 730/3572] capear... ✅
  [ 731/3572] capeo... ✅
  [ 732/3572] capia... ✅
  [ 733/3572] capicú... ✅
  [ 734/3572] capiler... ✅
  [ 735/3572] capim... ✅
  [ 736/3572] capital_político... ✅
  [ 737/3572] capitaleño,_ña... ✅
  [ 738/3572] capitalino,_na... ✅
  [ 739/3572] capitalizar... ✅
  [ 740/3572] capitana... ✅
  [ 741/3572] capitaneja... ✅
  [ 742/3572] capitán... ✅
  [ 743/3572] capitán_de_piedras... ✅
  [ 744/3572] caponera... ✅
  [ 745/3572] capota... ✅
  [ 746/3572] caprófago,_ga... ✅
  [ 747/3572] caps... ✅
  [ 748/3572] capsulón... ✅
  [ 749/3572] capturar... ✅
  [ 750/3572] capuchina... ✅
  [ 751/3572] capuchino... ✅
  [ 752/3572] capá... ✅
  [ 753/3572] capá_amarillo... ✅
  [ 754/3572] capá_blanco... ✅
  [ 755/3572] capá_cimarrón... ✅
  [ 756/3572] capá_colorado... ✅
  [ 757/3572] capá_de_obispo... ✅
  [ 758/3572] capá_de_sabana... ✅
  [ 759/3572] capá_prieto... ✅
  [ 760/3572] capá_rosa... ✅
  [ 761/3572] capá_rosado... ✅
  [ 762/3572] capá_sabanero... ✅
  [ 763/3572] capín... ✅
  [ 764/3572] capítulo... ✅
  [ 765/3572] caqui... ✅
  [ 766/3572] car_pool... ✅
  [ 767/3572] car_seat... ✅
  [ 768/3572] car_wash... ✅
  [ 769/3572] cara_de_bulldog... ✅
  [ 770/3572] cara_de_caballo... ✅
  [ 771/3572] cara_de_gata... ✅
  [ 772/3572] cara_de_guayo... ✅
  [ 773/3572] cara_de_lata... ✅
  [ 774/3572] cara_de_lechuga... ✅
  [ 775/3572] cara_de_yo_no_sé... ✅
  [ 776/3572] cara_larga... ✅
  [ 777/3572] carabajo... ✅
  [ 778/3572] carabalí... ✅
  [ 779/3572] carabelita... ✅
  [ 780/3572] carabinera... ✅
  [ 781/3572] carabo... ✅
  [ 782/3572] carabuco,_ca... ✅
  [ 783/3572] caracaracoles... ✅
  [ 784/3572] caracará... ✅
  [ 785/3572] caracasana... ✅
  [ 786/3572] caracol... ✅
  [ 787/3572] caracolear... ✅
  [ 788/3572] caracoleo... ✅
  [ 789/3572] caracolillo... ✅
  [ 790/3572] caracolí... ✅
  [ 791/3572] caraib... ✅
  [ 792/3572] caraj... ✅
  [ 793/3572] carajoso,_sa... ✅
  [ 794/3572] carajudo,_da... ✅
  [ 795/3572] caralata... ✅
  [ 796/3572] caramajo... ✅
  [ 797/3572] carambajo... ✅
  [ 798/3572] carambola... ✅
  [ 799/3572] caramelear... ✅
  [ 800/3572] caramelo... ✅
  [ 801/3572] caramoncillo... ✅
  [ 802/3572] carapacho... ✅
  [ 803/3572] caraqueño... ✅
  [ 804/3572] carasita... ✅
  [ 805/3572] caraspuñoso,_sa... ✅
  [ 806/3572] carate... ✅
  [ 807/3572] carato... ✅
  [ 808/3572] carato_de_guanábana... ✅
  [ 809/3572] carau... ✅
  [ 810/3572] caravana_de_cojos... ✅
  [ 811/3572] caravelita... ✅
  [ 812/3572] carbet... ✅
  [ 813/3572] carbonera... ✅
  [ 814/3572] carbonerito... ✅
  [ 815/3572] carbonero... ✅
  [ 816/3572] carbón... ✅
  [ 817/3572] carcacha... ✅
  [ 818/3572] carcamán... ✅
  [ 819/3572] carcasa... ✅
  [ 820/3572] carcasana... ✅
  [ 821/3572] carcasia... ✅
  [ 822/3572] carcoma... ✅
  [ 823/3572] carcomillo... ✅
  [ 824/3572] cardenal... ✅
  [ 825/3572] cardenala... ✅
  [ 826/3572] cardenalito... ✅
  [ 827/3572] cardigan... ✅
  [ 828/3572] cardillo... ✅
  [ 829/3572] cardo... ✅
  [ 830/3572] cardo_bendito... ✅
  [ 831/3572] cardo_santo... ✅
  [ 832/3572] cardosantera... ✅
  [ 833/3572] cardosanto... ✅
  [ 834/3572] cardón... ✅
  [ 835/3572] careador... ✅
  [ 836/3572] carear... ✅
  [ 837/3572] carechocha... ✅
  [ 838/3572] carelata... ✅
  [ 839/3572] carelechuga... ✅
  [ 840/3572] carentón,_na... ✅
  [ 841/3572] careo... ✅
  [ 842/3572] carepalo... ✅
  [ 843/3572] carepana... ✅
  [ 844/3572] carepapa... ✅
  [ 845/3572] careplato... ✅
  [ 846/3572] carero,_ra... ✅
  [ 847/3572] careta... ✅
  [ 848/3572] careto... ✅
  [ 849/3572] caretudo,_da... ✅
  [ 850/3572] caretón,_na... ✅
  [ 851/3572] carey... ✅
  [ 852/3572] carey_blanco... ✅
  [ 853/3572] carey_de_concha... ✅
  [ 854/3572] carey_verde... ✅
  [ 855/3572] carga... ✅
  [ 856/3572] carga_de_bueyes... ✅
  [ 857/3572] carga_en_lazo... ✅
  [ 858/3572] cargabates... ✅
  [ 859/3572] cargado,_da... ✅
  [ 860/3572] cargamento... ✅
  [ 861/3572] cargamundo... ✅
  [ 862/3572] cargar... ✅
  [ 863/3572] cargar_batería... ✅
  [ 864/3572] cargar_con_el_petate... ✅
  [ 865/3572] cargar_en_el_hombro... ✅
  [ 866/3572] cargar_en_hamaca... ✅
  [ 867/3572] cargar_las_baterías... ✅
  [ 868/3572] cargo... ✅
  [ 869/3572] carguero... ✅
  [ 870/3572] cariaca... ✅
  [ 871/3572] cariaco... ✅
  [ 872/3572] cariaquilla... ✅
  [ 873/3572] cariaquillo... ✅
  [ 874/3572] cariaquillo_blanco... ✅
  [ 875/3572] cariaquillo_espinoso... ✅
  [ 876/3572] cariaquillo_santa_maría... ✅
  [ 877/3572] carib... ✅
  [ 878/3572] cariba... ✅
  [ 879/3572] caribe... ✅
  [ 880/3572] caribeño,_ña... ✅
  [ 881/3572] caribo,_ba... ✅
  [ 882/3572] caribo... ✅
  [ 883/3572] caricaturas... ✅
  [ 884/3572] carichata... ✅
  [ 885/3572] caricortado,_da... ✅
  [ 886/3572] caridad_con_uñas... ✅
  [ 887/3572] cariduro,_ra... ✅
  [ 888/3572] carifresco,_ca... ✅
  [ 889/3572] carilimpio... ✅
  [ 890/3572] carimbar... ✅
  [ 891/3572] carimbo... ✅
  [ 892/3572] carioca... ✅
  [ 893/3572] caripelado,_da... ✅
  [ 894/3572] caripelao,_lá... ✅
  [ 895/3572] caripuna... ✅
  [ 896/3572] carita... ✅
  [ 897/3572] carita_tiburona... ✅
  [ 898/3572] carite... ✅
  [ 899/3572] carito... ✅
  [ 900/3572] caritoso... ✅
  [ 901/3572] cariños... ✅
  [ 902/3572] cariñosito,_ta... ✅
  [ 903/3572] carjacking... ✅
  [ 904/3572] carlanco,_ca... ✅
  [ 905/3572] carlinga... ✅
  [ 906/3572] carmín... ✅
  [ 907/3572] carnavalear... ✅
  [ 908/3572] carne_al_pincho... ✅
  [ 909/3572] carne_brava... ✅
  [ 910/3572] carne_de_fanduca... ✅
  [ 911/3572] carne_de_presidio... ✅
  [ 912/3572] carne_de_puerco... ✅
  [ 913/3572] carne_de_res... ✅
  [ 914/3572] carne_fresca... ✅
  [ 915/3572] carne_frita... ✅
  [ 916/3572] carne_molida... ✅
  [ 917/3572] carne_montevideo... ✅
  [ 918/3572] carne_norte... ✅
  [ 919/3572] carne_nueva... ✅
  [ 920/3572] carne_vieja... ✅
  [ 921/3572] carnepuerco,_ca... ✅
  [ 922/3572] carnero... ✅
  [ 923/3572] carniprieto... ✅
  [ 924/3572] caro... ✅
  [ 925/3572] caro_de_tres_hojas... ✅
  [ 926/3572] carolinense,_sa... ✅
  [ 927/3572] carolineño,_ña... ✅
  [ 928/3572] carolo,_la... ✅
  [ 929/3572] carota... ✅
  [ 930/3572] carpa... ✅
  [ 931/3572] carpeta... ✅
  [ 932/3572] carpetear... ✅
  [ 933/3572] carpeteo... ✅
  [ 934/3572] carpidor... ✅
  [ 935/3572] carpintero... ✅
  [ 936/3572] carpintero_de_ribera... ✅
  [ 937/3572] carpir... ✅
  [ 938/3572] carpool... ✅
  [ 939/3572] carrach... ✅
  [ 940/3572] carrache... ✅
  [ 941/3572] carracho... ✅
  [ 942/3572] carrancho... ✅
  [ 943/3572] carranzana... ✅
  [ 944/3572] carrao... ✅
  [ 945/3572] carrascal... ✅
  [ 946/3572] carrasco... ✅
  [ 947/3572] carrasposo,_sa... ✅
  [ 948/3572] carrera... ✅
  [ 949/3572] carrera_anotada... ✅
  [ 950/3572] carrera_de_carros... ✅
  [ 951/3572] carrera_empujada... ✅
  [ 952/3572] carrera_limpia... ✅
  [ 953/3572] carrera_sucia... ✅
  [ 954/3572] carrerita... ✅
  [ 955/3572] carrero... ✅
  [ 956/3572] carreta_de_cajón... ✅
  [ 957/3572] carreta_de_estacas... ✅
  [ 958/3572] carreta_de_gonce... ✅
  [ 959/3572] carreta_de_resorte... ✅
  [ 960/3572] carreta_de_tumba... ✅
  [ 961/3572] carreta_de_tumbarón... ✅
  [ 962/3572] carreta_de_vira... ✅
  [ 963/3572] carreta_pajara... ✅
  [ 964/3572] carreta_pajera... ✅
  [ 965/3572] carrete... ✅
  [ 966/3572] carretear... ✅
  [ 967/3572] carretón... ✅
  [ 968/3572] carrier... ✅
  [ 969/3572] carril... ✅
  [ 970/3572] carrito... ✅
  [ 971/3572] carrizo... ✅
  [ 972/3572] carro... ✅
  [ 973/3572] carro_convertible... ✅
  [ 974/3572] carro_de_cambios... ✅
  [ 975/3572] carro_enterizo... ✅
  [ 976/3572] carro_estándar... ✅
  [ 977/3572] carro_puyero... ✅
  [ 978/3572] carro_público... ✅
  [ 979/3572] carrucho... ✅
  [ 980/3572] carrucillo... ✅
  [ 981/3572] carruzo... ✅
  [ 982/3572] carry_out... ✅
  [ 983/3572] carso... ✅
  [ 984/3572] carta_de_manumisión... ✅
  [ 985/3572] cartas... ✅
  [ 986/3572] cartel... ✅
  [ 987/3572] cartera... ✅
  [ 988/3572] carterazo... ✅
  [ 989/3572] cartoon... ✅
  [ 990/3572] cartridge... ✅
  [ 991/3572] cartuchera... ✅
  [ 992/3572] cartucho... ✅
  [ 993/3572] cartón... ✅
  [ 994/3572] carubio... ✅
  [ 995/3572] carurú... ✅
  [ 996/3572] cará... ✅
  [ 997/3572] casa_abierta... ✅
  [ 998/3572] casa_club... ✅
  [ 999/3572] casa_de_altos... ✅
  [1000/3572] casa_de_avispas... ✅
  [1001/3572] casa_de_campaña... ✅
  [1002/3572] casa_de_comején... ✅
  [1003/3572] casa_de_desventurados... ✅
  [1004/3572] casa_de_gallos... ✅
  [1005/3572] casa_del_rey... ✅
  [1006/3572] casa_grande... ✅
  [1007/3572] casa_inteligente... ✅
  [1008/3572] casa_merenga... ✅
  [1009/3572] casa_móvil... ✅
  [1010/3572] casa_solar... ✅
  [1011/3572] casabe... ✅
  [1012/3572] casabera... ✅
  [1013/3572] casada... ✅
  [1014/3572] casado... ✅
  [1015/3572] casados... ✅
  [1016/3572] casamiento_de_bragueta... ✅
  [1017/3572] casar... ✅
  [1018/3572] casar_la_pelea... ✅
  [1019/3572] casar_las_brujas... ✅
  [1020/3572] casar_las_postas... ✅
  [1021/3572] casar_medias... ✅
  [1022/3572] casarse_con_el_padre_monte... ✅
  [1023/3572] casarse_por_detrás_de_la_iglesia... ✅
  [1024/3572] casarse_una_bruja... ✅
  [1025/3572] casasola... ✅
  [1026/3572] cascabelillo... ✅
  [1027/3572] cascabulla... ✅
  [1028/3572] cascada... ✅
  [1029/3572] cascajo... ✅
  [1030/3572] cascarazo... ✅
  [1031/3572] cascarañado,_da... ✅
  [1032/3572] cascarete... ✅
  [1033/3572] cascarilla... ✅
  [1034/3572] cascarote... ✅
  [1035/3572] cascarroya... ✅
  [1036/3572] cascarudo,_da... ✅
  [1037/3572] cascarón... ✅
  [1038/3572] cascarú,_rua... ✅
  [1039/3572] cascarúa... ✅
  [1040/3572] casco... ✅
  [1041/3572] casco_de_coco... ✅
  [1042/3572] casco_de_guayaba... ✅
  [1043/3572] casco_truck... ✅
  [1044/3572] cascudo,_da... ✅
  [1045/3572] caserío... ✅
  [1046/3572] caseta... ✅
  [1047/3572] caseta_de_campaña... ✅
  [1048/3572] caseta_de_camping... ✅
  [1049/3572] caseta_de_votación... ✅
  [1050/3572] caseta_electoral... ✅
  [1051/3572] casete... ✅
  [1052/3572] cash... ✅
  [1053/3572] cash_and_carry... ✅
  [1054/3572] cash_back... ✅
  [1055/3572] cash_flow... ✅
  [1056/3572] casier... ✅
  [1057/3572] casimba... ✅
  [1058/3572] casimir... ✅
  [1059/3572] casimiro,_ra... ✅
  [1060/3572] casino... ✅
  [1061/3572] casita_de_paja... ✅
  [1062/3572] casorio... ✅
  [1063/3572] casqueo... ✅
  [1064/3572] casqueta... ✅
  [1065/3572] casquete... ✅
  [1066/3572] casquetearse... ✅
  [1067/3572] casquetero... ✅
  [1068/3572] casquiduro,_ra... ✅
  [1069/3572] casquillo... ✅
  [1070/3572] casquirroto... ✅
  [1071/3572] casquito... ✅
  [1072/3572] casquito_de_guayaba... ✅
  [1073/3572] cassette... ✅
  [1074/3572] casta... ✅
  [1075/3572] castadero... ✅
  [1076/3572] castado... ✅
  [1077/3572] castador... ✅
  [1078/3572] castar... ✅
  [1079/3572] castaña... ✅
  [1080/3572] castaño... ✅
  [1081/3572] castillo... ✅
  [1082/3572] castillo_de_la_gente_en_pena... ✅
  [1083/3572] casting... ✅
  [1084/3572] castizar... ✅
  [1085/3572] castizo,_za... ✅
  [1086/3572] castor... ✅
  [1087/3572] castrado... ✅
  [1088/3572] castuzo... ✅
  [1089/3572] casual... ✅
  [1090/3572] casual_day... ✅
  [1091/3572] casuarinda... ✅
  [1092/3572] cat_(scan)... ✅
  [1093/3572] catalineta... ✅
  [1094/3572] catalufa... ✅
  [1095/3572] cataluja... ✅
  [1096/3572] catamarán... ✅
  [1097/3572] catapismo... ✅
  [1098/3572] cataplasma... ✅
  [1099/3572] catarro... ✅
  [1100/3572] catañense... ✅
  [1101/3572] catañés... ✅
  [1102/3572] catch_up... ✅
  [1103/3572] catchar... ✅
  [1104/3572] catchear... ✅
  [1105/3572] catcher... ✅
  [1106/3572] catear... ✅
  [1107/3572] categoría... ✅
  [1108/3572] cateo... ✅
  [1109/3572] catering... ✅
  [1110/3572] caterpila... ✅
  [1111/3572] caterpillar... ✅
  [1112/3572] catey... ✅
  [1113/3572] catibía... ✅
  [1114/3572] catimba... ✅
  [1115/3572] catire... ✅
  [1116/3572] catre_carga... ✅
  [1117/3572] catrueca... ✅
  [1118/3572] catrónico,_ca... ✅
  [1119/3572] catueca... ✅
  [1120/3572] catálogo_en_línea... ✅
  [1121/3572] caucho... ✅
  [1122/3572] caucus... ✅
  [1123/3572] caudillaje... ✅
  [1124/3572] caulking... ✅
  [1125/3572] cauni... ✅
  [1126/3572] causa... ✅
  [1127/3572] causa_espiritual... ✅
  [1128/3572] caverna... ✅
  [1129/3572] cavilosear... ✅
  [1130/3572] cayacoa... ✅
  [1131/3572] cayada... ✅
  [1132/3572] cayajabo... ✅
  [1133/3572] cayaya... ✅
  [1134/3572] cayena... ✅
  [1135/3572] cayes... ✅
  [1136/3572] cayesa... ✅
  [1137/3572] cayeyano,_na... ✅
  [1138/3572] cayo... ✅
  [1139/3572] cayo_de_arena... ✅
  [1140/3572] cayo_de_piedra... ✅
  [1141/3572] cayuca... ✅
  [1142/3572] cayuco,_ca... ✅
  [1143/3572] cayuco... ✅
  [1144/3572] cayur... ✅
  [1145/3572] cayur_cimarrón... ✅
  [1146/3572] cayur_de_río... ✅
  [1147/3572] cayure... ✅
  [1148/3572] cayure_de_río... ✅
  [1149/3572] cayá... ✅
  [1150/3572] cayón... ✅
  [1151/3572] cazabe... ✅
  [1152/3572] cazalote... ✅
  [1153/3572] cazar_la_chiringa... ✅
  [1154/3572] cazatalentos... ✅
  [1155/3572] cazolote... ✅
  [1156/3572] cazuela... ✅
  [1157/3572] cazón... ✅
  [1158/3572] caérsele_las_babas... ✅
  [1159/3572] caída... ✅
  [1160/3572] caída_de_concha... ✅
  [1161/3572] caída_de_pámpana... ✅
  [1162/3572] caíllo... ✅
  [1163/3572] caíyo... ✅
  [1164/3572] caña... ✅
  [1165/3572] caña_bambúa... ✅
  [1166/3572] caña_brava... ✅
  [1167/3572] caña_chica_cultura... ✅
  [1168/3572] caña_cimarrona... ✅
  [1169/3572] caña_de_castilla... ✅
  [1170/3572] caña_de_gran_cultura... ✅
  [1171/3572] caña_de_la_india... ✅
  [1172/3572] caña_en_enero... ✅
  [1173/3572] cañabrava... ✅
  [1174/3572] cañada... ✅
  [1175/3572] cañafístola... ✅
  [1176/3572] cañafístola_cimarrona... ✅
  [1177/3572] cañafístula... ✅
  [1178/3572] cañazo... ✅
  [1179/3572] cañera... ✅
  [1180/3572] cañero,_ra... ✅
  [1181/3572] cañero... ✅
  [1182/3572] cañete... ✅
  [1183/3572] cañicultor... ✅
  [1184/3572] cañita... ✅
  [1185/3572] cañiña... ✅
  [1186/3572] caño... ✅
  [1187/3572] caño_del_orín... ✅
  [1188/3572] cañona... ✅
  [1189/3572] cañona_heavy... ✅
  [1190/3572] cañonazo... ✅
  [1191/3572] cañonear... ✅
  [1192/3572] cañoneras... ✅
  [1193/3572] cañonero,_ra... ✅
  [1194/3572] cañuto... ✅
  [1195/3572] cañón... ✅
  [1196/3572] caóbana... ✅
  [1197/3572] cd-r... ✅
  [1198/3572] cd-rom... ✅
  [1199/3572] cd... ✅
  [1200/3572] cd_player... ✅
  [1201/3572] cebadera... ✅
  [1202/3572] cebado,_da... ✅
  [1203/3572] cebaera... ✅
  [1204/3572] cebiche... ✅
  [1205/3572] cebolla... ✅
  [1206/3572] cebollita... ✅
  [1207/3572] ceboruco... ✅
  [1208/3572] ceboruquillo... ✅
  [1209/3572] cebú... ✅
  [1210/3572] ceciliana... ✅
  [1211/3572] cedazo... ✅
  [1212/3572] cederrón... ✅
  [1213/3572] cedro... ✅
  [1214/3572] cedro_del_país... ✅
  [1215/3572] cedro_hembra... ✅
  [1216/3572] cedro_macho... ✅
  [1217/3572] cedro_oloroso... ✅
  [1218/3572] cedro_prieto... ✅
  [1219/3572] cegato,_ta... ✅
  [1220/3572] ceiba... ✅
  [1221/3572] ceibal... ✅
  [1222/3572] ceibeño,_ña... ✅
  [1223/3572] ceibilla... ✅
  [1224/3572] ceibillo... ✅
  [1225/3572] ceibo... ✅
  [1226/3572] ceibote... ✅
  [1227/3572] cejaivira... ✅
  [1228/3572] cejón,_na... ✅
  [1229/3572] celaje... ✅
  [1230/3572] celebrar_la_octava... ✅
  [1231/3572] celery... ✅
  [1232/3572] celoso,_sa... ✅
  [1233/3572] celote... ✅
  [1234/3572] celu... ✅
  [1235/3572] celular... ✅
  [1236/3572] cementero,_ra... ✅
  [1237/3572] cemento... ✅
  [1238/3572] cemiísmo... ✅
  [1239/3572] cemí... ✅
  [1240/3572] cena... ✅
  [1241/3572] cenacho... ✅
  [1242/3572] cenar... ✅
  [1243/3572] cenestillo... ✅
  [1244/3572] cenicero... ✅
  [1245/3572] cenizo... ✅
  [1246/3572] cenizo_amarillo... ✅
  [1247/3572] cenizo_pinto... ✅
  [1248/3572] cenizo_rubio... ✅
  [1249/3572] cenote... ✅
  [1250/3572] centavería... ✅
  [1251/3572] centavo... ✅
  [1252/3572] centella... ✅
  [1253/3572] centellazo... ✅
  [1254/3572] center_field... ✅
  [1255/3572] central... ✅
  [1256/3572] centralista... ✅
  [1257/3572] centralita... ✅
  [1258/3572] centrifugador... ✅
  [1259/3572] centro... ✅
  [1260/3572] centro_comercial... ✅
  [1261/3572] centro_de_acopio... ✅
  [1262/3572] centro_de_servicios... ✅
  [1263/3572] centrífuga... ✅
  [1264/3572] cenzontle... ✅
  [1265/3572] ceodé... ✅
  [1266/3572] ceodí... ✅
  [1267/3572] cepa... ✅
  [1268/3572] cepillado,_da... ✅
  [1269/3572] cepillar... ✅
  [1270/3572] cepillarse... ✅
  [1271/3572] cepillo... ✅
  [1272/3572] cepo... ✅
  [1273/3572] cepí... ✅
  [1274/3572] cerca_de_lienzos... ✅
  [1275/3572] cerca_de_pie... ✅
  [1276/3572] cerca_viva... ✅
  [1277/3572] cercado_de_espeque... ✅
  [1278/3572] cercado_de_espeques... ✅
  [1279/3572] cercado_de_estaca... ✅
  [1280/3572] cercenar... ✅
  [1281/3572] cerdo... ✅
  [1282/3572] cerebrito... ✅
  [1283/3572] cerebro... ✅
  [1284/3572] cerebrú... ✅
  [1285/3572] cerecillo... ✅
  [1286/3572] cereipo... ✅
  [1287/3572] cereta... ✅
  [1288/3572] cereza... ✅
  [1289/3572] cereza_amarilla... ✅
  [1290/3572] cerezo... ✅
  [1291/3572] cerezo_agrio... ✅
  [1292/3572] cerillo... ✅
  [1293/3572] cernada... ✅
  [1294/3572] cerner... ✅
  [1295/3572] cero_millas... ✅
  [1296/3572] cerote... ✅
  [1297/3572] cerote_electrónico... ✅
  [1298/3572] cerquillo... ✅
  [1299/3572] cerrar_de_negro... ✅
  [1300/3572] cerrar_la_fábrica... ✅
  [1301/3572] cerrarse_de_negro... ✅
  [1302/3572] cerrero,_ra... ✅
  [1303/3572] cerreta... ✅
  [1304/3572] cerro... ✅
  [1305/3572] cerro_de_comida... ✅
  [1306/3572] certificado_de_depósito... ✅
  [1307/3572] cervecerío... ✅
  [1308/3572] cerón... ✅
  [1309/3572] cesante... ✅
  [1310/3572] cesanteado,_da... ✅
  [1311/3572] cesantear... ✅
  [1312/3572] cesantía... ✅
  [1313/3572] cestillo... ✅
  [1314/3572] cetí... ✅
  [1315/3572] ceviche... ✅
  [1316/3572] ceyba... ✅
  [1317/3572] chaba... ✅
  [1318/3572] chabacano... ✅
  [1319/3572] chabeto... ✅
  [1320/3572] chacal... ✅
  [1321/3572] chacalote... ✅
  [1322/3572] chacha... ✅
  [1323/3572] chachareo... ✅
  [1324/3572] chacharero,_ra... ✅
  [1325/3572] chacona... ✅
  [1326/3572] chacuaco,_ca... ✅
  [1327/3572] chacueca... ✅
  [1328/3572] chacueco,_ca... ✅
  [1329/3572] chafiro... ✅
  [1330/3572] chagra... ✅
  [1331/3572] chaguala... ✅
  [1332/3572] chaguarrama... ✅
  [1333/3572] chairman... ✅
  [1334/3572] chalana... ✅
  [1335/3572] chalarse... ✅
  [1336/3572] chalemán... ✅
  [1337/3572] chaleo... ✅
  [1338/3572] chalimán... ✅
  [1339/3572] chalina... ✅
  [1340/3572] chalpa... ✅
  [1341/3572] chalpón... ✅
  [1342/3572] chalungo,_ga... ✅
  [1343/3572] chalungosa... ✅
  [1344/3572] chalungoso,_sa... ✅
  [1345/3572] chalupa... ✅
  [1346/3572] chalí... ✅
  [1347/3572] chamaco,_ca... ✅
  [1348/3572] chamaluco... ✅
  [1349/3572] chamaquita... ✅
  [1350/3572] chamaquito... ✅
  [1351/3572] chamarasca... ✅
  [1352/3572] chamba... ✅
  [1353/3572] chambazo... ✅
  [1354/3572] chambeta... ✅
  [1355/3572] chambonear... ✅
  [1356/3572] chambre... ✅
  [1357/3572] chambón,_na... ✅
  [1358/3572] chambón... ✅
  [1359/3572] chamico... ✅
  [1360/3572] chamita... ✅
  [1361/3572] chamizo,_za... ✅
  [1362/3572] chamo... ✅
  [1363/3572] chamorreo... ✅
  [1364/3572] chamorro... ✅
  [1365/3572] chamorro_bello... ✅
  [1366/3572] chamorro_negro... ✅
  [1367/3572] champio... ✅
  [1368/3572] champion... ✅
  [1369/3572] champola... ✅
  [1370/3572] champurreado... ✅
  [1371/3572] champurrear... ✅
  [1372/3572] champú... ✅
  [1373/3572] chamugra... ✅
  [1374/3572] chamusqueare... ✅
  [1375/3572] chamán... ✅
  [1376/3572] chan... ✅
  [1377/3572] chanarse... ✅
  [1378/3572] chance... ✅
  [1379/3572] chancear... ✅
  [1380/3572] chancho... ✅
  [1381/3572] chanchullo... ✅
  [1382/3572] chanchú... ✅
  [1383/3572] chancleta... ✅
  [1384/3572] chancletazo... ✅
  [1385/3572] chancletear... ✅
  [1386/3572] chancletero,_ra... ✅
  [1387/3572] chancletero... ✅
  [1388/3572] chanclo... ✅
  [1389/3572] chancro,_cra... ✅
  [1390/3572] chancro... ✅
  [1391/3572] chanfeado,_da... ✅
  [1392/3572] chanfle... ✅
  [1393/3572] changa... ✅
  [1394/3572] chango,_ga... ✅
  [1395/3572] chango... ✅
  [1396/3572] chango_prieto... ✅
  [1397/3572] changuariaco,_ca... ✅
  [1398/3572] changuear... ✅
  [1399/3572] changuero,_ra... ✅
  [1400/3572] changuería... ✅
  [1401/3572] changuito,_ta... ✅
  [1402/3572] changó... ✅
  [1403/3572] changüí... ✅
  [1404/3572] chansú,_sua... ✅
  [1405/3572] chanza... ✅
  [1406/3572] chanzón,_na... ✅
  [1407/3572] chao... ✅
  [1408/3572] chapa... ✅
  [1409/3572] chapaleta... ✅
  [1410/3572] chapaletear... ✅
  [1411/3572] chapapote... ✅
  [1412/3572] chaparro,_rra... ✅
  [1413/3572] chaparrón... ✅
  [1414/3572] chapas... ✅
  [1415/3572] chapeador,_ra... ✅
  [1416/3572] chapear... ✅
  [1417/3572] chaperonear... ✅
  [1418/3572] chaperón,_na... ✅
  [1419/3572] chapi... ✅
  [1420/3572] chapita... ✅
  [1421/3572] chapodar... ✅
  [1422/3572] chapodiar... ✅
  [1423/3572] chapodo... ✅
  [1424/3572] chaporra... ✅
  [1425/3572] chapoteo... ✅
  [1426/3572] chapuceada... ✅
  [1427/3572] chapurrado... ✅
  [1428/3572] chapín... ✅
  [1429/3572] chapó... ✅
  [1430/3572] chaqueta... ✅
  [1431/3572] chaquetón... ✅
  [1432/3572] characha... ✅
  [1433/3572] charamusca... ✅
  [1434/3572] charamuscar... ✅
  [1435/3572] charanga... ✅
  [1436/3572] charanguear... ✅
  [1437/3572] charanguero,_ra... ✅
  [1438/3572] charca... ✅
  [1439/3572] charco... ✅
  [1440/3572] charging... ✅
  [1441/3572] chari... ✅
  [1442/3572] charla... ✅
  [1443/3572] charla_que_charla... ✅
  [1444/3572] charlatán,_na... ✅
  [1445/3572] charlear... ✅
  [1446/3572] charleo... ✅
  [1447/3572] charlie... ✅
  [1448/3572] charm... ✅
  [1449/3572] charpa... ✅
  [1450/3572] charquero... ✅
  [1451/3572] charrasca... ✅
  [1452/3572] charrascada... ✅
  [1453/3572] charrascazo... ✅
  [1454/3572] charrería... ✅
  [1455/3572] charretera... ✅
  [1456/3572] charrito,_ta... ✅
  [1457/3572] charro,_rra... ✅
  [1458/3572] chart... ✅
  [1459/3572] charter... ✅
  [1460/3572] chascón,_na... ✅
  [1461/3572] chaspeo... ✅
  [1462/3572] chasquear... ✅
  [1463/3572] chat... ✅
  [1464/3572] chat_room... ✅
  [1465/3572] chata... ✅
  [1466/3572] chatear... ✅
  [1467/3572] chateo... ✅
  [1468/3572] chato,_ta... ✅
  [1469/3572] chau... ✅
  [1470/3572] chauchau_palanqueta... ✅
  [1471/3572] chauchera... ✅
  [1472/3572] chava... ✅
  [1473/3572] chavado,_da... ✅
  [1474/3572] chaval... ✅
  [1475/3572] chavala... ✅
  [1476/3572] chavar... ✅
  [1477/3572] chavar_la_paciencia... ✅
  [1478/3572] chavar_la_pita... ✅
  [1479/3572] chavear... ✅
  [1480/3572] chavero,_ra... ✅
  [1481/3572] chavería... ✅
  [1482/3572] chaveta... ✅
  [1483/3572] chavienda... ✅
  [1484/3572] chavito_prieto... ✅
  [1485/3572] chavo... ✅
  [1486/3572] chavo_de_azada... ✅
  [1487/3572] chavo_prieto... ✅
  [1488/3572] chavonería... ✅
  [1489/3572] chavón,_na... ✅
  [1490/3572] chayonón... ✅
  [1491/3572] chayote... ✅
  [1492/3572] chayote_blanco_con_espinas... ✅
  [1493/3572] chayote_blanco_liso... ✅
  [1494/3572] chayote_verde... ✅
  [1495/3572] chayotera... ✅
  [1496/3572] chayón... ✅
  [1497/3572] chaúcha... ✅
  [1498/3572] cheap... ✅
  [1499/3572] checa... ✅
  [1500/3572] cheche... ✅
  [1501/3572] check-in... ✅
  [1502/3572] check-out... ✅
  [1503/3572] check_box... ✅
  [1504/3572] check_in... ✅
  [1505/3572] check_mark... ✅
  [1506/3572] check_out... ✅
  [1507/3572] checkers... ✅
  [1508/3572] checking_account... ✅
  [1509/3572] checklist... ✅
  [1510/3572] cheerleader... ✅
  [1511/3572] cheerleading... ✅
  [1512/3572] cheese_cake... ✅
  [1513/3572] cheeseburger... ✅
  [1514/3572] cheesecake... ✅
  [1515/3572] chele... ✅
  [1516/3572] chelín... ✅
  [1517/3572] chema... ✅
  [1518/3572] chemí... ✅
  [1519/3572] chemín... ✅
  [1520/3572] chencha... ✅
  [1521/3572] chenche... ✅
  [1522/3572] chenche_por_chenche... ✅
  [1523/3572] chenchito... ✅
  [1524/3572] cheo... ✅
  [1525/3572] cheque... ✅
  [1526/3572] cheque_de_goma... ✅
  [1527/3572] cheque_en_blanco... ✅
  [1528/3572] cheque_sin_fondos... ✅
  [1529/3572] chequear... ✅
  [1530/3572] chequeo... ✅
  [1531/3572] chequera... ✅
  [1532/3572] chequero,_ra... ✅
  [1533/3572] cherear... ✅
  [1534/3572] cherna... ✅
  [1535/3572] chernita... ✅
  [1536/3572] cherpe... ✅
  [1537/3572] cherry... ✅
  [1538/3572] chesna... ✅
  [1539/3572] cheto... ✅
  [1540/3572] cheveretear... ✅
  [1541/3572] cheverípico,_ca... ✅
  [1542/3572] cheverón,_na... ✅
  [1543/3572] chevrón,_na... ✅
  [1544/3572] chibarse... ✅
  [1545/3572] chibí... ✅
  [1546/3572] chic... ✅
  [1547/3572] chica_cultura... ✅
  [1548/3572] chica_del_break... ✅
  [1549/3572] chica_fabú... ✅
  [1550/3572] chica_funky... ✅
  [1551/3572] chica_hanger... ✅
  [1552/3572] chica_plástica... ✅
  [1553/3572] chica_show... ✅
  [1554/3572] chica_superlatin_girl... ✅
  [1555/3572] chica_vale... ✅
  [1556/3572] chica_violenta... ✅
  [1557/3572] chicha... ✅
  [1558/3572] chichadera... ✅
  [1559/3572] chichar... ✅
  [1560/3572] chicharra... ✅
  [1561/3572] chicharrita... ✅
  [1562/3572] chicharro... ✅
  [1563/3572] chicharronero,_ra... ✅
  [1564/3572] chicharrón... ✅
  [1565/3572] chichaíto... ✅
  [1566/3572] chichi_partner... ✅
  [1567/3572] chichigua... ✅
  [1568/3572] chichimpleis... ✅
  [1569/3572] chichin_partner... ✅
  [1570/3572] chichin_place... ✅
  [1571/3572] chicho... ✅
  [1572/3572] chichonear... ✅
  [1573/3572] chichonería... ✅
  [1574/3572] chichón,_na... ✅
  [1575/3572] chichón... ✅
  [1576/3572] chicken_tender... ✅
  [1577/3572] chicloso,_sa... ✅
  [1578/3572] chico_chicle... ✅
  [1579/3572] chico_christian_dior... ✅
  [1580/3572] chico_cosmo... ✅
  [1581/3572] chico_disco... ✅
  [1582/3572] chico_discoteca... ✅
  [1583/3572] chico_groovy... ✅
  [1584/3572] chico_guao... ✅
  [1585/3572] chicoria... ✅
  [1586/3572] chicos_malos... ✅
  [1587/3572] chicotazo... ✅
  [1588/3572] chicote... ✅
  [1589/3572] chiflazo... ✅
  [1590/3572] chifle... ✅
  [1591/3572] chifle_de_vaca... ✅
  [1592/3572] chifleta... ✅
  [1593/3572] chiflo... ✅
  [1594/3572] chiflú... ✅
  [1595/3572] chijí_chijá... ✅
  [1596/3572] chile... ✅
  [1597/3572] chile_y_cuarta... ✅
  [1598/3572] chilear... ✅
  [1599/3572] chililín... ✅
  [1600/3572] chilin... ✅
  [1601/3572] chilindrín... ✅
  [1602/3572] chill_negra... ✅
  [1603/3572] chilla_rubia... ✅
  [1604/3572] chillada... ✅
  [1605/3572] chillada_de_goma... ✅
  [1606/3572] chillar_el_cochino... ✅
  [1607/3572] chillar_goma... ✅
  [1608/3572] chillar_la_goma... ✅
  [1609/3572] chillar_las_gomas... ✅
  [1610/3572] chillarla... ✅
  [1611/3572] chillarse... ✅
  [1612/3572] chillear... ✅
  [1613/3572] chillería... ✅
  [1614/3572] chillin... ✅
  [1615/3572] chilling... ✅
  [1616/3572] chilling_effect... ✅
  [1617/3572] chillo,_lla... ✅
  [1618/3572] chillo... ✅
  [1619/3572] chilín... ✅
  [1620/3572] chimalá... ✅
  [1621/3572] chimba... ✅
  [1622/3572] chimbazo... ✅
  [1623/3572] chimbita... ✅
  [1624/3572] chimbolo... ✅
  [1625/3572] chimenea... ✅
  [1626/3572] chimereje... ✅
  [1627/3572] chin... ✅
  [1628/3572] china... ✅
  [1629/3572] china_dulce... ✅
  [1630/3572] chinal... ✅
  [1631/3572] chinazo... ✅
  [1632/3572] chincha... ✅
  [1633/3572] chincha_harinosa... ✅
  [1634/3572] chinchal... ✅
  [1635/3572] chinchero... ✅
  [1636/3572] chincho... ✅
  [1637/3572] chinchorrazo... ✅
  [1638/3572] chinchorrear... ✅
  [1639/3572] chinchorreo... ✅
  [1640/3572] chinchorro... ✅
  [1641/3572] chinchorro_de_ahorca... ✅
  [1642/3572] chinchorro_de_arrastre... ✅
  [1643/3572] chinchorro_de_carey... ✅
  [1644/3572] chinchorro_mallorquín... ✅
  [1645/3572] chinchoso,_sa... ✅
  [1646/3572] chinchín... ✅
  [1647/3572] chinga... ✅
  [1648/3572] chingada... ✅
  [1649/3572] chingambó... ✅
  [1650/3572] chingar... ✅
  [1651/3572] chingo,_ga... ✅
  [1652/3572] chingoteo... ✅
  [1653/3572] chingón,_na... ✅
  [1654/3572] chinita... ✅
  [1655/3572] chinito... ✅
  [1656/3572] chino,_na... ✅
  [1657/3572] chino... ✅
  [1658/3572] chintz... ✅
  [1659/3572] chip... ✅
  [1660/3572] chipe... ✅
  [1661/3572] chipeador,_ra... ✅
  [1662/3572] chipear... ✅
  [1663/3572] chipi... ✅
  [1664/3572] chipichape... ✅
  [1665/3572] chipichipi... ✅
  [1666/3572] chipirote... ✅
  [1667/3572] chipping_hammer... ✅
  [1668/3572] chiqueado,_da... ✅
  [1669/3572] chiquear... ✅
  [1670/3572] chiqueo... ✅
  [1671/3572] chiquera... ✅
  [1672/3572] chiquero... ✅
  [1673/3572] chiquetear... ✅
  [1674/3572] chiqueteo... ✅
  [1675/3572] chiquimangue... ✅
  [1676/3572] chiquimanque... ✅
  [1677/3572] chiquimboa... ✅
  [1678/3572] chiquiteo... ✅
  [1679/3572] chiribita... ✅
  [1680/3572] chirimbolo... ✅
  [1681/3572] chiringa... ✅
  [1682/3572] chiringo,_ga... ✅
  [1683/3572] chiringo... ✅
  [1684/3572] chirio,_ria... ✅
  [1685/3572] chiripa... ✅
  [1686/3572] chiripazo... ✅
  [1687/3572] chiripear... ✅
  [1688/3572] chiripera... ✅
  [1689/3572] chiripero,_ra... ✅
  [1690/3572] chiripiar... ✅
  [1691/3572] chiripiorca... ✅
  [1692/3572] chiririca... ✅
  [1693/3572] chiriricas... ✅
  [1694/3572] chiriría... ✅
  [1695/3572] chirivita... ✅
  [1696/3572] chiro... ✅
  [1697/3572] chirola... ✅
  [1698/3572] chironja... ✅
  [1699/3572] chirre... ✅
  [1700/3572] chirre_de_altura... ✅
  [1701/3572] chirre_de_pico_colorado... ✅
  [1702/3572] chirrear... ✅
  [1703/3572] chirreo... ✅
  [1704/3572] chirriar... ✅
  [1705/3572] chirrioso,_sa... ✅
  [1706/3572] chirriquitico,_ca... ✅
  [1707/3572] chirría... ✅
  [1708/3572] chischis... ✅
  [1709/3572] chischí... ✅
  [1710/3572] chischín... ✅
  [1711/3572] chischís... ✅
  [1712/3572] chisguetear... ✅
  [1713/3572] chismería... ✅
  [1714/3572] chismosear... ✅
  [1715/3572] chismoso,_sa... ✅
  [1716/3572] chispa... ✅
  [1717/3572] chispeada... ✅
  [1718/3572] chispear... ✅
  [1719/3572] chispita... ✅
  [1720/3572] chispitear... ✅
  [1721/3572] chispito... ✅
  [1722/3572] chispitín... ✅
  [1723/3572] chispo... ✅
  [1724/3572] chispoteante... ✅
  [1725/3572] chispotear... ✅
  [1726/3572] chispotearse... ✅
  [1727/3572] chiste_alemán... ✅
  [1728/3572] chiste_colorado... ✅
  [1729/3572] chiste_flojo... ✅
  [1730/3572] chiste_mongo... ✅
  [1731/3572] chistear... ✅
  [1732/3572] chita... ✅
  [1733/3572] chitar... ✅
  [1734/3572] chiva... ✅
  [1735/3572] chivear... ✅
  [1736/3572] chivero,_ra... ✅
  [1737/3572] chivería... ✅
  [1738/3572] chiveta... ✅
  [1739/3572] chivichanga... ✅
  [1740/3572] chiviriquear... ✅
  [1741/3572] chivita... ✅
  [1742/3572] chivito... ✅
  [1743/3572] chivo... ✅
  [1744/3572] chivo_de_samaná... ✅
  [1745/3572] chivo_florete... ✅
  [1746/3572] chivudo,_da... ✅
  [1747/3572] chivudo... ✅
  [1748/3572] chiví... ✅
  [1749/3572] chivú,_vua... ✅
  [1750/3572] chivú... ✅
  [1751/3572] chiyiar... ✅
  [1752/3572] chocante... ✅
  [1753/3572] chocar... ✅
  [1754/3572] chocha... ✅
  [1755/3572] chocho... ✅
  [1756/3572] chochín... ✅
  [1757/3572] choclá... ✅
  [1758/3572] choco... ✅
  [1759/3572] chocolate... ✅
  [1760/3572] chocolate_chip... ✅
  [1761/3572] chocolatoso,_sa... ✅
  [1762/3572] chofar... ✅
  [1763/3572] chofear... ✅
  [1764/3572] chofer... ✅
  [1765/3572] chofioso,_sa... ✅
  [1766/3572] chofo... ✅
  [1767/3572] chofoso,_sa... ✅
  [1768/3572] choi... ✅
  [1769/3572] choice... ✅
  [1770/3572] cholazo... ✅
  [1771/3572] cholepán... ✅
  [1772/3572] cholera... ✅
  [1773/3572] cholo... ✅
  [1774/3572] chonchi... ✅
  [1775/3572] choncho,_cha... ✅
  [1776/3572] choncho... ✅
  [1777/3572] chonga... ✅
  [1778/3572] chongo,_ga... ✅
  [1779/3572] chongo... ✅
  [1780/3572] chonguita... ✅
  [1781/3572] chonquear... ✅
  [1782/3572] chopa... ✅
  [1783/3572] chopa_caracolera... ✅
  [1784/3572] chopa_de_abdomen_colorado... ✅
  [1785/3572] chopa_negra... ✅
  [1786/3572] chopa_prieta... ✅
  [1787/3572] chopaipa... ✅
  [1788/3572] chopear... ✅
  [1789/3572] chopeo... ✅
  [1790/3572] choper... ✅
  [1791/3572] chopleta... ✅
  [1792/3572] chopper... ✅
  [1793/3572] choque... ✅
  [1794/3572] choreto,_ta... ✅
  [1795/3572] chori... ✅
  [1796/3572] choricera... ✅
  [1797/3572] chorizo... ✅
  [1798/3572] chorlo,_la... ✅
  [1799/3572] chorno,_na... ✅
  [1800/3572] chorote... ✅
  [1801/3572] chorra... ✅
  [1802/3572] chorreado,_da... ✅
  [1803/3572] chorreao... ✅
  [1804/3572] chorrearse... ✅
  [1805/3572] chorrera... ✅
  [1806/3572] chorreras... ✅
  [1807/3572] chorrero... ✅
  [1808/3572] chorrete... ✅
  [1809/3572] chorretear... ✅
  [1810/3572] chorrita... ✅
  [1811/3572] chorro... ✅
  [1812/3572] chota... ✅
  [1813/3572] chotar... ✅
  [1814/3572] choteado,_da... ✅
  [1815/3572] chotear... ✅
  [1816/3572] choto,_ta... ✅
  [1817/3572] choto... ✅
  [1818/3572] chotorro,_ra... ✅
  [1819/3572] chubby... ✅
  [1820/3572] chubs... ✅
  [1821/3572] chucha... ✅
  [1822/3572] chuchar... ✅
  [1823/3572] chuchasma... ✅
  [1824/3572] chuchero... ✅
  [1825/3572] chuchin... ✅
  [1826/3572] chuchinesco,_ca... ✅
  [1827/3572] chucho... ✅
  [1828/3572] chuchumeco,_ca... ✅
  [1829/3572] chuchín... ✅
  [1830/3572] chugi... ✅
  [1831/3572] chuichui... ✅
  [1832/3572] chuingo... ✅
  [1833/3572] chujiar... ✅
  [1834/3572] chulear... ✅
  [1835/3572] chulería... ✅
  [1836/3572] chulería_al_pote... ✅
  [1837/3572] chulería_en_pote... ✅
  [1838/3572] chuleta... ✅
  [1839/3572] chuletón... ✅
  [1840/3572] chuli... ✅
  [1841/3572] chulisnais... ✅
  [1842/3572] chulo,_la... ✅
  [1843/3572] chulo... ✅
  [1844/3572] chulungo,_ga... ✅
  [1845/3572] chulungo... ✅
  [1846/3572] chulín... ✅
  [1847/3572] chumacera... ✅
  [1848/3572] chumbera... ✅
  [1849/3572] chumbo,_ba... ✅
  [1850/3572] chumbo... ✅
  [1851/3572] chumbón,_na... ✅
  [1852/3572] chun... ✅
  [1853/3572] chun_chun_chun... ✅
  [1854/3572] chunche... ✅
  [1855/3572] chunga... ✅
  [1856/3572] chunguero,_ra... ✅
  [1857/3572] chunguería... ✅
  [1858/3572] chunkear... ✅
  [1859/3572] chupa... ✅
  [1860/3572] chupacallos... ✅
  [1861/3572] chupacayos... ✅
  [1862/3572] chupachú... ✅
  [1863/3572] chupaclavos... ✅
  [1864/3572] chupaflor... ✅
  [1865/3572] chupagallos... ✅
  [1866/3572] chupapiedras... ✅
  [1867/3572] chupapinga... ✅
  [1868/3572] chupar_cachimbo... ✅
  [1869/3572] chupar_el_caballo... ✅
  [1870/3572] chupar_el_cigarro_por_el_lado_prendido... ✅
  [1871/3572] chupar_el_rabo_a_la_jutía... ✅
  [1872/3572] chupar_jiguillo... ✅
  [1873/3572] chupar_jilguillo... ✅
  [1874/3572] chupar_la_alegría... ✅
  [1875/3572] chupar_la_bruja... ✅
  [1876/3572] chupar_la_bruja_a_alguien... ✅
  [1877/3572] chuparse... ✅
  [1878/3572] chupazo... ✅
  [1879/3572] chupeta... ✅
  [1880/3572] chupete... ✅
  [1881/3572] chupo... ✅
  [1882/3572] chuponazo... ✅
  [1883/3572] chupón... ✅
  [1884/3572] chuqui... ✅
  [1885/3572] churra... ✅
  [1886/3572] churras... ✅
  [1887/3572] churrearse... ✅
  [1888/3572] churreta... ✅
  [1889/3572] churretada... ✅
  [1890/3572] churreteada... ✅
  [1891/3572] churria... ✅
  [1892/3572] churriento,_ta... ✅
  [1893/3572] churrutá... ✅
  [1894/3572] chusa... ✅
  [1895/3572] chusi... ✅
  [1896/3572] chusma... ✅
  [1897/3572] chusmaje... ✅
  [1898/3572] chusmear... ✅
  [1899/3572] chusmero,_ra... ✅
  [1900/3572] chusmería... ✅
  [1901/3572] chuso... ✅
  [1902/3572] chutazo... ✅
  [1903/3572] chuzmero,_ra... ✅
  [1904/3572] chuzo... ✅
  [1905/3572] chuí... ✅
  [1906/3572] chábara... ✅
  [1907/3572] cháfara... ✅
  [1908/3572] chágara... ✅
  [1909/3572] chángana... ✅
  [1910/3572] chéchere... ✅
  [1911/3572] chévere... ✅
  [1912/3572] chévere_chulo... ✅
  [1913/3572] chévere_groovy... ✅
  [1914/3572] chévere_right_true... ✅
  [1915/3572] chún-chún... ✅
  [1916/3572] chúpate_esa_en_lo_que_te_mondo_otra... ✅
  [1917/3572] ci-di... ✅
  [1918/3572] cia... ✅
  [1919/3572] cialeño,_ña... ✅
  [1920/3572] ciba... ✅
  [1921/3572] cibanco... ✅
  [1922/3572] cibao... ✅
  [1923/3572] cibaobo... ✅
  [1924/3572] ciberacceso... ✅
  [1925/3572] cibercomunidad... ✅
  [1926/3572] ciberespacio... ✅
  [1927/3572] cibernauta... ✅
  [1928/3572] cibernética... ✅
  [1929/3572] cibernético,_ca... ✅
  [1930/3572] ciberperiodista... ✅
  [1931/3572] cibucán... ✅
  [1932/3572] cibí... ✅
  [1933/3572] cibí_amarillo... ✅
  [1934/3572] cica_cica... ✅
  [1935/3572] cici... ✅
  [1936/3572] ciciliana... ✅
  [1937/3572] ciclón... ✅
  [1938/3572] cicote... ✅
  [1939/3572] cidreño,_ña... ✅
  [1940/3572] cidrón... ✅
  [1941/3572] cidí... ✅
  [1942/3572] ciegamachos... ✅
  [1943/3572] ciegayernos... ✅
  [1944/3572] ciego... ✅
  [1945/3572] cielazo... ✅
  [1946/3572] cielo_raso... ✅
  [1947/3572] ciempiés... ✅
  [1948/3572] cienagal... ✅
  [1949/3572] cienchavos... ✅
  [1950/3572] ciencias_empresariales... ✅
  [1951/3572] cieneguillo... ✅
  [1952/3572] cieniguillo... ✅
  [1953/3572] cientifista... ✅
  [1954/3572] cientista... ✅
  [1955/3572] ciento_veinte... ✅
  [1956/3572] cientoemboca... ✅
  [1957/3572] ciertas_yerbas... ✅
  [1958/3572] ciervo_volátil... ✅
  [1959/3572] cigarral... ✅
  [1960/3572] cigarrón... ✅
  [1961/3572] cigua... ✅
  [1962/3572] cigua_palmera... ✅
  [1963/3572] ciguana... ✅
  [1964/3572] ciguatera... ✅
  [1965/3572] ciguatero... ✅
  [1966/3572] ciguato,_ta... ✅
  [1967/3572] cimarronada... ✅
  [1968/3572] cimarrón,_na... ✅
  [1969/3572] cimbriazo... ✅
  [1970/3572] cimi... ✅
  [1971/3572] cimiento... ✅
  [1972/3572] cimú... ✅
  [1973/3572] cinato,_ta... ✅
  [1974/3572] cincha... ✅
  [1975/3572] cinchazo... ✅
  [1976/3572] cincho... ✅
  [1977/3572] cinemascope... ✅
  [1978/3572] cingar... ✅
  [1979/3572] cinqueño,_ña... ✅
  [1980/3572] cinta... ✅
  [1981/3572] cinta_de_siete_nudos... ✅
  [1982/3572] cintarazo... ✅
  [1983/3572] cintillo... ✅
  [1984/3572] ciodí... ✅
  [1985/3572] cipayo,_ya... ✅
  [1986/3572] cipey... ✅
  [1987/3572] cipeyoso... ✅
  [1988/3572] cipote... ✅
  [1989/3572] ciprián... ✅
  [1990/3572] cirabando... ✅
  [1991/3572] ciralillo... ✅
  [1992/3572] circo... ✅
  [1993/3572] circuito_impreso... ✅
  [1994/3572] circuito_virtual... ✅
  [1995/3572] circuloso,_sa... ✅
  [1996/3572] ciruelo... ✅
  [1997/3572] ciruelo_del_país... ✅
  [1998/3572] cirugía_plástica... ✅
  [1999/3572] cirujano... ✅
  [2000/3572] city_hall... ✅
  [2001/3572] civil... ✅
  [2002/3572] ciéguina... ✅
  [2003/3572] ciéniga... ✅
  [2004/3572] clamor... ✅
  [2005/3572] clamp... ✅
  [2006/3572] claque... ✅
  [2007/3572] clara_como_agua_de_yuca... ✅
  [2008/3572] clarificado... ✅
  [2009/3572] clarificador... ✅
  [2010/3572] clarificar... ✅
  [2011/3572] claro... ✅
  [2012/3572] clarín... ✅
  [2013/3572] clase_artesana... ✅
  [2014/3572] clasificado,_da... ✅
  [2015/3572] clasificados... ✅
  [2016/3572] class_day... ✅
  [2017/3572] class_night... ✅
  [2018/3572] clavada... ✅
  [2019/3572] clavadista... ✅
  [2020/3572] clavado,_da... ✅
  [2021/3572] clavar... ✅
  [2022/3572] clavarse... ✅
  [2023/3572] clavel... ✅
  [2024/3572] clavel_de_muerto... ✅
  [2025/3572] clavel_de_perro... ✅
  [2026/3572] clavel_rosón... ✅
  [2027/3572] clavelillo... ✅
  [2028/3572] clavelillo_de_pasto... ✅
  [2029/3572] clavellina... ✅
  [2030/3572] clavera... ✅
  [2031/3572] clavero... ✅
  [2032/3572] clavería... ✅
  [2033/3572] clavetear... ✅
  [2034/3572] clavillo... ✅
  [2035/3572] clavo... ✅
  [2036/3572] clavoteado... ✅
  [2037/3572] claxon... ✅
  [2038/3572] clean... ✅
  [2039/3572] clean_cut... ✅
  [2040/3572] cleaner... ✅
  [2041/3572] clearance... ✅
  [2042/3572] clearing... ✅
  [2043/3572] cleca... ✅
  [2044/3572] cleopatra... ✅
  [2045/3572] clergyman... ✅
  [2046/3572] clerical... ✅
  [2047/3572] clerk... ✅
  [2048/3572] clickear... ✅
  [2049/3572] clikear... ✅
  [2050/3572] climatérico,_ca... ✅
  [2051/3572] clinch... ✅
  [2052/3572] clinche... ✅
  [2053/3572] clineja... ✅
  [2054/3572] clinker... ✅
  [2055/3572] clip... ✅
  [2056/3572] clipeadora... ✅
  [2057/3572] clipear... ✅
  [2058/3572] clipper... ✅
  [2059/3572] clipping... ✅
  [2060/3572] cliquear... ✅
  [2061/3572] clise... ✅
  [2062/3572] cloch... ✅
  [2063/3572] cloche... ✅
  [2064/3572] clon... ✅
  [2065/3572] clonación... ✅
  [2066/3572] clonar... ✅
  [2067/3572] cloroformar... ✅
  [2068/3572] clorótico,_ca... ✅
  [2069/3572] close... ✅
  [2070/3572] close_up... ✅
  [2071/3572] closed... ✅
  [2072/3572] closet... ✅
  [2073/3572] closing... ✅
  [2074/3572] closing_date... ✅
  [2075/3572] clown... ✅
  [2076/3572] club... ✅
  [2077/3572] club_house... ✅
  [2078/3572] club_nocturno... ✅
  [2079/3572] club_sandwich... ✅
  [2080/3572] clueco,_ca... ✅
  [2081/3572] clueless... ✅
  [2082/3572] cluster... ✅
  [2083/3572] clutch... ✅
  [2084/3572] clásico... ✅
  [2085/3572] clérigo... ✅
  [2086/3572] clínica... ✅
  [2087/3572] clíper... ✅
  [2088/3572] clónico,_ca... ✅
  [2089/3572] clórox... ✅
  [2090/3572] clóset... ✅
  [2091/3572] coa... ✅
  [2092/3572] coabey... ✅
  [2093/3572] coabuelo,_la... ✅
  [2094/3572] coabuelos... ✅
  [2095/3572] coach... ✅
  [2096/3572] coachear... ✅
  [2097/3572] coaching... ✅
  [2098/3572] coameño,_ña... ✅
  [2099/3572] coartado,_da... ✅
  [2100/3572] coartarse... ✅
  [2101/3572] coast_guard... ✅
  [2102/3572] coat... ✅
  [2103/3572] coatí... ✅
  [2104/3572] coaí... ✅
  [2105/3572] cobardía... ✅
  [2106/3572] cobaya... ✅
  [2107/3572] cobela... ✅
  [2108/3572] cobey... ✅
  [2109/3572] cobija... ✅
  [2110/3572] cobijar... ✅
  [2111/3572] cobita... ✅
  [2112/3572] cobito... ✅
  [2113/3572] cobo... ✅
  [2114/3572] cobol... ✅
  [2115/3572] cobra... ✅
  [2116/3572] cobrador... ✅
  [2117/3572] cobre... ✅
  [2118/3572] coca... ✅
  [2119/3572] cocal... ✅
  [2120/3572] cocaleca... ✅
  [2121/3572] cocazo... ✅
  [2122/3572] cocaína_falsa... ✅
  [2123/3572] cocedor... ✅
  [2124/3572] cochar... ✅
  [2125/3572] coche... ✅
  [2126/3572] coche_de_brancal... ✅
  [2127/3572] cochi... ✅
  [2128/3572] cochinchina... ✅
  [2129/3572] cochino,_na... ✅
  [2130/3572] cochofle... ✅
  [2131/3572] cocinado... ✅
  [2132/3572] cocinar... ✅
  [2133/3572] cocktail... ✅
  [2134/3572] cocktail_lounge... ✅
  [2135/3572] coclaria... ✅
  [2136/3572] coclillo... ✅
  [2137/3572] coco,_ca... ✅
  [2138/3572] coco... ✅
  [2139/3572] coco_de_agua... ✅
  [2140/3572] coco_domplín... ✅
  [2141/3572] coco_macaco... ✅
  [2142/3572] coco_seco... ✅
  [2143/3572] coco_zarazo... ✅
  [2144/3572] cocodrilear... ✅
  [2145/3572] cocodrilo... ✅
  [2146/3572] cocodrilón... ✅
  [2147/3572] cocoliso,_sa... ✅
  [2148/3572] cocollaco... ✅
  [2149/3572] cocollera... ✅
  [2150/3572] cocolo... ✅
  [2151/3572] cocoloba... ✅
  [2152/3572] cocolobo... ✅
  [2153/3572] cocolía... ✅
  [2154/3572] cocomacaco... ✅
  [2155/3572] coconut... ✅
  [2156/3572] cocopelado,_da... ✅
  [2157/3572] cocopelao,_lá... ✅
  [2158/3572] cocoprieto... ✅
  [2159/3572] cocorino,_na... ✅
  [2160/3572] cocorioco,_ca... ✅
  [2161/3572] cocoroco,_ca... ✅
  [2162/3572] cocorroncito... ✅
  [2163/3572] cocorrón... ✅
  [2164/3572] cocoríoca... ✅
  [2165/3572] cocoríoco... ✅
  [2166/3572] cocotal... ✅
  [2167/3572] cocotazo... ✅
  [2168/3572] cocote,_ta... ✅
  [2169/3572] cocote... ✅
  [2170/3572] cocotear... ✅
  [2171/3572] cocoteo... ✅
  [2172/3572] cocotera... ✅
  [2173/3572] cocotero... ✅
  [2174/3572] cocotudo,_da... ✅
  [2175/3572] cocotú,_tua... ✅
  [2176/3572] cocoyal... ✅
  [2177/3572] coctel... ✅
  [2178/3572] coctelera... ✅
  [2179/3572] cocuisa... ✅
  [2180/3572] cocuy_indio... ✅
  [2181/3572] cocuyo... ✅
  [2182/3572] cod... ✅
  [2183/3572] codito... ✅
  [2184/3572] coffee_break... ✅
  [2185/3572] coffee_cake... ✅
  [2186/3572] coffee_shop... ✅
  [2187/3572] cofi_brei... ✅
  [2188/3572] coge_golpes... ✅
  [2189/3572] cogedero... ✅
  [2190/3572] cogedor... ✅
  [2191/3572] cogegolpes... ✅
  [2192/3572] coger... ✅
  [2193/3572] coger_a_alguien_de_guaitaca... ✅
  [2194/3572] coger_a_alguien_de_mangó_bajito... ✅
  [2195/3572] coger_banda... ✅
  [2196/3572] coger_bola... ✅
  [2197/3572] coger_brisa... ✅
  [2198/3572] coger_cabeza... ✅
  [2199/3572] coger_calichi... ✅
  [2200/3572] coger_camino... ✅
  [2201/3572] coger_capacidad... ✅
  [2202/3572] coger_como_pez_en_nasa... ✅
  [2203/3572] coger_cuerpo... ✅
  [2204/3572] coger_de_chata... ✅
  [2205/3572] coger_de_chochete... ✅
  [2206/3572] coger_de_chocolate... ✅
  [2207/3572] coger_de_chota... ✅
  [2208/3572] coger_de_encargo... ✅
  [2209/3572] coger_de_guaitaca... ✅
  [2210/3572] coger_de_guasa... ✅
  [2211/3572] coger_de_mango_bajito... ✅
  [2212/3572] coger_de_mingo... ✅
  [2213/3572] coger_de_oso... ✅
  [2214/3572] coger_de_palo_de_cagar... ✅
  [2215/3572] coger_de_pendejo... ✅
  [2216/3572] coger_de_picúa... ✅
  [2217/3572] coger_el_buey... ✅
  [2218/3572] coger_el_día... ✅
  [2219/3572] coger_el_golpe... ✅
  [2220/3572] coger_el_holandés... ✅
  [2221/3572] coger_el_monte... ✅
  [2222/3572] coger_el_piso... ✅
  [2223/3572] coger_el_tiro... ✅
  [2224/3572] coger_en_el_pecho... ✅
  [2225/3572] coger_estilo... ✅
  [2226/3572] coger_fiado... ✅
  [2227/3572] coger_fuego... ✅
  [2228/3572] coger_fuera_de_base... ✅
  [2229/3572] coger_fundamento... ✅
  [2230/3572] coger_güiro... ✅
  [2231/3572] coger_la_embocadura... ✅
  [2232/3572] coger_la_horizontal... ✅
  [2233/3572] coger_la_juyilanga... ✅
  [2234/3572] coger_la_manigua... ✅
  [2235/3572] coger_la_noche... ✅
  [2236/3572] coger_la_punta... ✅
  [2237/3572] coger_la_vena_del_gusto... ✅
  [2238/3572] coger_la_verdolaga... ✅
  [2239/3572] coger_larga... ✅
  [2240/3572] coger_las_cosas_por_la_orilla... ✅
  [2241/3572] coger_lo_que_se_le_unta_al_queso... ✅
  [2242/3572] coger_lo_que_se_unta_al_queso... ✅
  [2243/3572] coger_margaritas... ✅
  [2244/3572] coger_paloma_sin_haberla_jugado... ✅
  [2245/3572] coger_pon... ✅
  [2246/3572] coger_por_el_cuello... ✅
  [2247/3572] coger_por_la_punta... ✅
  [2248/3572] coger_por_la_sombrita... ✅
  [2249/3572] coger_querencia... ✅
  [2250/3572] coger_suave... ✅
  [2251/3572] coger_suave_algo... ✅
  [2252/3572] coger_un_break... ✅
  [2253/3572] coger_un_buche... ✅
  [2254/3572] coger_un_calentón... ✅
  [2255/3572] coger_un_parguito... ✅
  [2256/3572] coger_un_pinche... ✅
  [2257/3572] coger_un_siguivete... ✅
  [2258/3572] coger_un_yelo... ✅
  [2259/3572] coger_una_frialdad... ✅
  [2260/3572] coger_una_jalaíta... ✅
  [2261/3572] coger_una_nota... ✅
  [2262/3572] coger_una_pelona... ✅
  [2263/3572] coger_una_turca... ✅
  [2264/3572] coger_vitola... ✅
  [2265/3572] cogerla_larga... ✅
  [2266/3572] cogerse... ✅
  [2267/3572] cogerse_bien... ✅
  [2268/3572] cogerse_un_guayo... ✅
  [2269/3572] cogida... ✅
  [2270/3572] cogida_de_cuello... ✅
  [2271/3572] cogido,_da... ✅
  [2272/3572] cogioca... ✅
  [2273/3572] cogioquero,_ra... ✅
  [2274/3572] cogite... ✅
  [2275/3572] cogitre... ✅
  [2276/3572] cogollo,_lla... ✅
  [2277/3572] cogollo... ✅
  [2278/3572] cogotada... ✅
  [2279/3572] cogío,_ía... ✅
  [2280/3572] cohetazo... ✅
  [2281/3572] cohete_explotado... ✅
  [2282/3572] cohete_quemado... ✅
  [2283/3572] cohibá... ✅
  [2284/3572] cohoba... ✅
  [2285/3572] cohobillo... ✅
  [2286/3572] cohobo... ✅
  [2287/3572] cohoyo... ✅
  [2288/3572] cohítre... ✅
  [2289/3572] cohítre_azul... ✅
  [2290/3572] cohítre_blanco... ✅
  [2291/3572] cohítre_enano... ✅
  [2292/3572] cohítre_morado... ✅
  [2293/3572] coincidentalmente... ✅
  [2294/3572] cointre... ✅
  [2295/3572] cojeo... ✅
  [2296/3572] cojibá... ✅
  [2297/3572] cojinuda... ✅
  [2298/3572] cojinúa... ✅
  [2299/3572] cojioba... ✅
  [2300/3572] cojita... ✅
  [2301/3572] cojitre... ✅
  [2302/3572] cojitre_azul... ✅
  [2303/3572] cojitre_blanco... ✅
  [2304/3572] cojitre_enano... ✅
  [2305/3572] cojitrera... ✅
  [2306/3572] cojo,_ja... ✅
  [2307/3572] cojoba... ✅
  [2308/3572] cojobal... ✅
  [2309/3572] cojobanal... ✅
  [2310/3572] cojobanilla... ✅
  [2311/3572] cojobeo... ✅
  [2312/3572] cojobilla... ✅
  [2313/3572] cojobillo... ✅
  [2314/3572] cojobo... ✅
  [2315/3572] cojollo... ✅
  [2316/3572] cojonudo,_da... ✅
  [2317/3572] cojín... ✅
  [2318/3572] cojóbana... ✅
  [2319/3572] cola... ✅
  [2320/3572] cola_de_escorpión... ✅
  [2321/3572] colada... ✅
  [2322/3572] coladera... ✅
  [2323/3572] coladero... ✅
  [2324/3572] colado,_da... ✅
  [2325/3572] cold... ✅
  [2326/3572] cold_cream... ✅
  [2327/3572] cold_cuts... ✅
  [2328/3572] coldcream... ✅
  [2329/3572] coleador... ✅
  [2330/3572] colear... ✅
  [2331/3572] colegial... ✅
  [2332/3572] colegiatura... ✅
  [2333/3572] colegio... ✅
  [2334/3572] coleo... ✅
  [2335/3572] colesterol... ✅
  [2336/3572] coleta... ✅
  [2337/3572] colgadejo... ✅
  [2338/3572] colgadizo... ✅
  [2339/3572] colgado,_da... ✅
  [2340/3572] colgaleja... ✅
  [2341/3572] colgalejo... ✅
  [2342/3572] colgar... ✅
  [2343/3572] colgar_los_tenis... ✅
  [2344/3572] colgarse... ✅
  [2345/3572] colgarse_los_guantes... ✅
  [2346/3572] colgarse_los_tenis... ✅
  [2347/3572] colgá... ✅
  [2348/3572] coliblanco... ✅
  [2349/3572] colibrí... ✅
  [2350/3572] colifroncido,_da... ✅
  [2351/3572] colilla... ✅
  [2352/3572] colin... ✅
  [2353/3572] colindancia... ✅
  [2354/3572] colindar... ✅
  [2355/3572] colirio... ✅
  [2356/3572] colirrubia... ✅
  [2357/3572] colirrubio... ✅
  [2358/3572] colisibí... ✅
  [2359/3572] colituerto... ✅
  [2360/3572] collaborative_shopping... ✅
  [2361/3572] collar... ✅
  [2362/3572] collar_del_pique... ✅
  [2363/3572] collarejo... ✅
  [2364/3572] collarina... ✅
  [2365/3572] collarín... ✅
  [2366/3572] collect... ✅
  [2367/3572] college... ✅
  [2368/3572] collera... ✅
  [2369/3572] collerazo... ✅
  [2370/3572] collerín... ✅
  [2371/3572] collor... ✅
  [2372/3572] colmado... ✅
  [2373/3572] colmena_de_comején... ✅
  [2374/3572] colmillo... ✅
  [2375/3572] colmilludo,_da... ✅
  [2376/3572] colmillú,_llua... ✅
  [2377/3572] colmiyú,_yua... ✅
  [2378/3572] colmo... ✅
  [2379/3572] colombiano... ✅
  [2380/3572] colonato... ✅
  [2381/3572] colonia... ✅
  [2382/3572] coloniaje... ✅
  [2383/3572] colonial... ✅
  [2384/3572] colono... ✅
  [2385/3572] coloquintilla... ✅
  [2386/3572] color_chinita... ✅
  [2387/3572] color_de_hormiga_brava... ✅
  [2388/3572] colorado,_da... ✅
  [2389/3572] colorado... ✅
  [2390/3572] colorinches... ✅
  [2391/3572] colt... ✅
  [2392/3572] columnaris... ✅
  [2393/3572] columnas_de_carbón... ✅
  [2394/3572] columpio... ✅
  [2395/3572] colín... ✅
  [2396/3572] comadreja... ✅
  [2397/3572] comae... ✅
  [2398/3572] comai... ✅
  [2399/3572] comando... ✅
  [2400/3572] comay... ✅
  [2401/3572] combate... ✅
  [2402/3572] combatir... ✅
  [2403/3572] combinada... ✅
  [2404/3572] combo... ✅
  [2405/3572] comboyar... ✅
  [2406/3572] come_back... ✅
  [2407/3572] come_y_vete... ✅
  [2408/3572] comearepa... ✅
  [2409/3572] comebanco... ✅
  [2410/3572] comeboca... ✅
  [2411/3572] comecable... ✅
  [2412/3572] comecaca... ✅
  [2413/3572] comecandela... ✅
  [2414/3572] comecemento... ✅
  [2415/3572] comecerebro... ✅
  [2416/3572] comecherry... ✅
  [2417/3572] comechicles... ✅
  [2418/3572] comechiclets... ✅
  [2419/3572] comecoco... ✅
  [2420/3572] comecuco... ✅
  [2421/3572] comedura... ✅
  [2422/3572] comefuego... ✅
  [2423/3572] comegandul... ✅
  [2424/3572] comegente... ✅
  [2425/3572] comegofio... ✅
  [2426/3572] comeivete... ✅
  [2427/3572] comejenera... ✅
  [2428/3572] comejobos... ✅
  [2429/3572] comejueyes... ✅
  [2430/3572] comején... ✅
  [2431/3572] comelana... ✅
  [2432/3572] comelata... ✅
  [2433/3572] comelibros... ✅
  [2434/3572] comelona... ✅
  [2435/3572] comelón,_na... ✅
  [2436/3572] comemierda... ✅
  [2437/3572] comemierdería... ✅
  [2438/3572] comenenes... ✅
  [2439/3572] comequeso... ✅
  [2440/3572] comer... ✅
  [2441/3572] comer_a_dos_bocas... ✅
  [2442/3572] comer_a_una_hembra... ✅
  [2443/3572] comer_a_una_mujer... ✅
  [2444/3572] comer_agallas... ✅
  [2445/3572] comer_arroz_con_perico... ✅
  [2446/3572] comer_banco... ✅
  [2447/3572] comer_cable... ✅
  [2448/3572] comer_candela... ✅
  [2449/3572] comer_carne_de_burro... ✅
  [2450/3572] comer_carne_de_guinea... ✅
  [2451/3572] comer_carne_guindá... ✅
  [2452/3572] comer_como_llaga_mala... ✅
  [2453/3572] comer_como_pichón... ✅
  [2454/3572] comer_como_pichón_de_elefante... ✅
  [2455/3572] comer_como_un_cáncer... ✅
  [2456/3572] comer_de_carne_guindá... ✅
  [2457/3572] comer_de_guinea... ✅
  [2458/3572] comer_del_capital... ✅
  [2459/3572] comer_el_bizcocho_antes_de_la_boda... ✅
  [2460/3572] comer_el_cerebro... ✅
  [2461/3572] comer_el_coco... ✅
  [2462/3572] comer_el_seso... ✅
  [2463/3572] comer_en_un_plato_roto... ✅
  [2464/3572] comer_en_vega... ✅
  [2465/3572] comer_gofio... ✅
  [2466/3572] comer_gravilla... ✅
  [2467/3572] comer_jiguillo... ✅
  [2468/3572] comer_jobillos... ✅
  [2469/3572] comer_jobo... ✅
  [2470/3572] comer_jobos... ✅
  [2471/3572] comer_maíz... ✅
  [2472/3572] comer_mierda... ✅
  [2473/3572] comer_niños_crudos... ✅
  [2474/3572] comer_pavo... ✅
  [2475/3572] comer_perico... ✅
  [2476/3572] comer_pichón... ✅
  [2477/3572] comer_queso... ✅
  [2478/3572] comer_un_cable... ✅
  [2479/3572] comer_viandas_a_puras... ✅
  [2480/3572] comercial... ✅
  [2481/3572] comerieño,_ña... ✅
  [2482/3572] comerse_la_chicharra... ✅
  [2483/3572] comerse_la_colorá... ✅
  [2484/3572] comerse_la_luz... ✅
  [2485/3572] comerse_las_cucarachas... ✅
  [2486/3572] comerse_un_caballo_mellao... ✅
  [2487/3572] comerse_un_poste... ✅
  [2488/3572] comerse_una_china_de_chupón... ✅
  [2489/3572] comexén... ✅
  [2490/3572] comezón... ✅
  [2491/3572] comeñame... ✅
  [2492/3572] comforter... ✅
  [2493/3572] comicalla... ✅
  [2494/3572] comics... ✅
  [2495/3572] comida... ✅
  [2496/3572] comida_ligera... ✅
  [2497/3572] comida_rápida... ✅
  [2498/3572] comido,_da... ✅
  [2499/3572] comijén... ✅
  [2500/3572] comiquería... ✅
  [2501/3572] comiquita... ✅
  [2502/3572] comisionado_residente... ✅
  [2503/3572] comité... ✅
  [2504/3572] comivete... ✅
  [2505/3572] commodities... ✅
  [2506/3572] commonwealth... ✅
  [2507/3572] como_a_pillo_de_película... ✅
  [2508/3572] como_agua_para_chocolate... ✅
  [2509/3572] como_amarillo_en_boca_de_vieja... ✅
  [2510/3572] como_anillo_al_dedo... ✅
  [2511/3572] como_anime_en_boca_de_viaje... ✅
  [2512/3572] como_bala_de_cañón... ✅
  [2513/3572] como_boca_de_lobo... ✅
  [2514/3572] como_bochinche_de_caserío... ✅
  [2515/3572] como_campana... ✅
  [2516/3572] como_coco... ✅
  [2517/3572] como_coco_rancio... ✅
  [2518/3572] como_coquito... ✅
  [2519/3572] como_cucaracha_en_baile_de_gallina... ✅
  [2520/3572] como_cuestión_de_hecho... ✅
  [2521/3572] como_dos_jueyes_machos_en_la_misma_cueva... ✅
  [2522/3572] como_el_aceite_y_el_vinagre... ✅
  [2523/3572] como_el_arroz_blanco... ✅
  [2524/3572] como_el_que_no_quiere_la_cosa... ✅
  [2525/3572] como_el_rabo_del_perro... ✅
  [2526/3572] como_el_tiburón... ✅
  [2527/3572] como_en_yagua... ✅
  [2528/3572] como_entierro_de_pobre... ✅
  [2529/3572] como_escoba_de_bruja... ✅
  [2530/3572] como_gallina_mirando_sal... ✅
  [2531/3572] como_gato_fuera_de_borda... ✅
  [2532/3572] como_guineo_en_boca_de_vieja... ✅
  [2533/3572] como_honda... ✅
  [2534/3572] como_juan_por_su_casa... ✅
  [2535/3572] como_la_caña_en_enero... ✅
  [2536/3572] como_la_langosta... ✅
  [2537/3572] como_la_puerca_de_juan_bobo... ✅
  [2538/3572] como_le_dio_gusto_y_gana... ✅
  [2539/3572] como_loco... ✅
  [2540/3572] como_maceta... ✅
  [2541/3572] como_nalga_de_bebé... ✅
  [2542/3572] como_paja... ✅
  [2543/3572] como_pandereta... ✅
  [2544/3572] como_pata_de_múcaro... ✅
  [2545/3572] como_pepa_de_jobo... ✅
  [2546/3572] como_perro_sin_dueño... ✅
  [2547/3572] como_quien_no_quiere_la_cosa... ✅
  [2548/3572] como_refajo_de_loca... ✅
  [2549/3572] como_sapo_de_letrina... ✅
  [2550/3572] como_tecato_rompiendo_vicio... ✅
  [2551/3572] como_telegrama... ✅
  [2552/3572] como_tres_en_un_zapato... ✅
  [2553/3572] como_un_celaje... ✅
  [2554/3572] como_un_chicle... ✅
  [2555/3572] como_un_coquito... ✅
  [2556/3572] como_uva... ✅
  [2557/3572] comodino,_na... ✅
  [2558/3572] comodín... ✅
  [2559/3572] compa... ✅
  [2560/3572] compact_disc... ✅
  [2561/3572] compacto... ✅
  [2562/3572] compae... ✅
  [2563/3572] compai... ✅
  [2564/3572] comparanza... ✅
  [2565/3572] compartidura... ✅
  [2566/3572] compartimento... ✅
  [2567/3572] compartimiento... ✅
  [2568/3572] compay... ✅
  [2569/3572] compaña... ✅
  [2570/3572] compañero... ✅
  [2571/3572] compensación... ✅
  [2572/3572] competencia... ✅
  [2573/3572] compio... ✅
  [2574/3572] complaint... ✅
  [2575/3572] complexión... ✅
  [2576/3572] componente... ✅
  [2577/3572] componer... ✅
  [2578/3572] componer_los_animales... ✅
  [2579/3572] componte... ✅
  [2580/3572] compontear... ✅
  [2581/3572] composta... ✅
  [2582/3572] composte... ✅
  [2583/3572] comprar_a_crédito... ✅
  [2584/3572] comprar_a_dinero... ✅
  [2585/3572] comprar_el_palo... ✅
  [2586/3572] comprar_fiao... ✅
  [2587/3572] comprar_gatos_entre_sacos... ✅
  [2588/3572] compresa... ✅
  [2589/3572] comprometerse... ✅
  [2590/3572] compromiso... ✅
  [2591/3572] comptroller... ✅
  [2592/3572] compuesto,_ta... ✅
  [2593/3572] compulsorio,_ria... ✅
  [2594/3572] computacional... ✅
  [2595/3572] computación... ✅
  [2596/3572] computadora... ✅
  [2597/3572] computadora_personal... ✅
  [2598/3572] computadora_portátil... ✅
  [2599/3572] computar... ✅
  [2600/3572] computer... ✅
  [2601/3572] comunista... ✅
  [2602/3572] comérsela... ✅
  [2603/3572] con_cañiña_de_mono... ✅
  [2604/3572] con_cumblera... ✅
  [2605/3572] con_cumbrera... ✅
  [2606/3572] con_el_cuerpo_cortado... ✅
  [2607/3572] con_el_moco_bajo... ✅
  [2608/3572] con_el_moco_caído... ✅
  [2609/3572] con_el_moño_parao... ✅
  [2610/3572] con_la_boca_es_un_mamey... ✅
  [2611/3572] con_la_cotona_al_aire... ✅
  [2612/3572] con_la_fresca... ✅
  [2613/3572] con_la_mano_en_la_masa... ✅
  [2614/3572] con_la_misma... ✅
  [2615/3572] con_la_pata_alzá... ✅
  [2616/3572] con_la_soga_al_cuello... ✅
  [2617/3572] con_las_patas... ✅
  [2618/3572] con_lo_que_la_madama_hizo_el_dulce... ✅
  [2619/3572] con_permiso... ✅
  [2620/3572] con_su_batatita... ✅
  [2621/3572] con_su_peleíta_monga... ✅
  [2622/3572] con_todos_los_hierros... ✅
  [2623/3572] con_todos_los_power... ✅
  [2624/3572] con_todos_los_powers... ✅
  [2625/3572] con_una_pata_aquí_y_otra_allá... ✅
  [2626/3572] con_ñeca... ✅
  [2627/3572] concentración... ✅
  [2628/3572] concesión... ✅
  [2629/3572] concha... ✅
  [2630/3572] concha_de_coco... ✅
  [2631/3572] conchucharse... ✅
  [2632/3572] conchudo,_da... ✅
  [2633/3572] conchú,_chua... ✅
  [2634/3572] concientización... ✅
  [2635/3572] concientizar... ✅
  [2636/3572] conclusivo,_va... ✅
  [2637/3572] concombro... ✅
  [2638/3572] concretera... ✅
  [2639/3572] concreto... ✅
  [2640/3572] concuño,_ña... ✅
  [2641/3572] condado... ✅
  [2642/3572] condenación_de_centella... ✅
  [2643/3572] condenado... ✅
  [2644/3572] condenao... ✅
  [2645/3572] condición... ✅
  [2646/3572] conditioner... ✅
  [2647/3572] condo-hotel... ✅
  [2648/3572] condo-resort... ✅
  [2649/3572] condo... ✅
  [2650/3572] condo_resort... ✅
  [2651/3572] condominio... ✅
  [2652/3572] condonguearse... ✅
  [2653/3572] conduce... ✅
  [2654/3572] conducir... ✅
  [2655/3572] conductismo... ✅
  [2656/3572] conductor,_ra... ✅
  [2657/3572] conductor... ✅
  [2658/3572] conductual... ✅
  [2659/3572] condómine... ✅
  [2660/3572] condón... ✅
  [2661/3572] conección... ✅
  [2662/3572] conectar... ✅
  [2663/3572] conectista... ✅
  [2664/3572] coneja... ✅
  [2665/3572] conejera... ✅
  [2666/3572] conejo... ✅
  [2667/3572] conexión... ✅
  [2668/3572] conference_call... ✅
  [2669/3572] conferencia_cumbre... ✅
  [2670/3572] conferencista... ✅
  [2671/3572] confidenciante... ✅
  [2672/3572] confiscar... ✅
  [2673/3572] confisión... ✅
  [2674/3572] conflei... ✅
  [2675/3572] confligir... ✅
  [2676/3572] conformar... ✅
  [2677/3572] confort... ✅
  [2678/3572] confraternizar... ✅
  [2679/3572] confrontacional... ✅
  [2680/3572] confrontamiento... ✅
  [2681/3572] confrontar... ✅
  [2682/3572] confundir_la_gimnasia_con_la_magnesia... ✅
  [2683/3572] confundir_la_retreta_con_la_serenata... ✅
  [2684/3572] confundir_retreta_con_serenata... ✅
  [2685/3572] conga... ✅
  [2686/3572] congelar... ✅
  [2687/3572] congestión... ✅
  [2688/3572] congle... ✅
  [2689/3572] congo,_ga... ✅
  [2690/3572] congo... ✅
  [2691/3572] congo_alto... ✅
  [2692/3572] congo_bajito... ✅
  [2693/3572] congo_colorao... ✅
  [2694/3572] congo_dominador... ✅
  [2695/3572] congo_gigante... ✅
  [2696/3572] congo_trescientos... ✅
  [2697/3572] congojar... ✅
  [2698/3572] congojá... ✅
  [2699/3572] congolá... ✅
  [2700/3572] congre... ✅
  [2701/3572] congresal... ✅
  [2702/3572] congresional... ✅
  [2703/3572] congresista... ✅
  [2704/3572] congrio... ✅
  [2705/3572] conguero,_ra... ✅
  [2706/3572] conjugador... ✅
  [2707/3572] conmigo_no_hay_campana... ✅
  [2708/3572] conmigo_no_hay_cráneo... ✅
  [2709/3572] conmigo_no_hay_dalia... ✅
  [2710/3572] connotado,_da... ✅
  [2711/3572] cono... ✅
  [2712/3572] conocencia... ✅
  [2713/3572] conocer_a_los_cojos_sentados... ✅
  [2714/3572] conocer_al_buey_que_faja... ✅
  [2715/3572] conocer_al_pasajero_por_la_maleta... ✅
  [2716/3572] conocer_al_pájaro_por_la_pluma... ✅
  [2717/3572] conocer_de_atrás... ✅
  [2718/3572] conocer_el_buey_que_faja... ✅
  [2719/3572] conocer_el_buey_que_faja_y_a_la_víbora_que_pica... ✅
  [2720/3572] conquiña... ✅
  [2721/3572] conqué... ✅
  [2722/3572] conradia... ✅
  [2723/3572] conscripto... ✅
  [2724/3572] conseguir_un_buey_muerto... ✅
  [2725/3572] conseguir_una_chamba... ✅
  [2726/3572] consistente... ✅
  [2727/3572] consolidación... ✅
  [2728/3572] consorte... ✅
  [2729/3572] constancia... ✅
  [2730/3572] consuelito... ✅
  [2731/3572] consulita... ✅
  [2732/3572] consulting... ✅
  [2733/3572] consumerismo... ✅
  [2734/3572] contactar... ✅
  [2735/3572] contador,_ra... ✅
  [2736/3572] contador_público_autorizado... ✅
  [2737/3572] container... ✅
  [2738/3572] contar... ✅
  [2739/3572] contar_al_gallo... ✅
  [2740/3572] contarle_al_gallo... ✅
  [2741/3572] contención... ✅
  [2742/3572] contendor,_ra... ✅
  [2743/3572] contenedor... ✅
  [2744/3572] contenedor_de_basura... ✅
  [2745/3572] contenido_nutricional... ✅
  [2746/3572] contento,_ta... ✅
  [2747/3572] contentura... ✅
  [2748/3572] conteo... ✅
  [2749/3572] conteo_regresivo... ✅
  [2750/3572] contesta... ✅
  [2751/3572] contimás... ✅
  [2752/3572] continental... ✅
  [2753/3572] continimás... ✅
  [2754/3572] continuismo... ✅
  [2755/3572] contorno... ✅
  [2756/3572] contra... ✅
  [2757/3572] contra_cultura... ✅
  [2758/3572] contrabando... ✅
  [2759/3572] contracandela... ✅
  [2760/3572] contraconceptivo... ✅
  [2761/3572] contrafuego... ✅
  [2762/3572] contralaría... ✅
  [2763/3572] contrallado,_da... ✅
  [2764/3572] contrallamiento... ✅
  [2765/3572] contralor... ✅
  [2766/3572] contraparte... ✅
  [2767/3572] contrapelo... ✅
  [2768/3572] contraprueba... ✅
  [2769/3572] contrapuntear... ✅
  [2770/3572] contrapuntearse... ✅
  [2771/3572] contrapunteo... ✅
  [2772/3572] contrapunto... ✅
  [2773/3572] contraseña... ✅
  [2774/3572] contraviento... ✅
  [2775/3572] contri... ✅
  [2776/3572] control... ✅
  [2777/3572] control_de_molino... ✅
  [2778/3572] control_remoto... ✅
  [2779/3572] controlar... ✅
  [2780/3572] controler... ✅
  [2781/3572] controlero... ✅
  [2782/3572] controller... ✅
  [2783/3572] controversial... ✅
  [2784/3572] controversiar... ✅
  [2785/3572] contumelia... ✅
  [2786/3572] conuco... ✅
  [2787/3572] conucu... ✅
  [2788/3572] conuko... ✅
  [2789/3572] conuquera... ✅
  [2790/3572] conuquero,_ra... ✅
  [2791/3572] convencional... ✅
  [2792/3572] convencionista... ✅
  [2793/3572] convención... ✅
  [2794/3572] conversatorio... ✅
  [2795/3572] converse... ✅
  [2796/3572] convertible... ✅
  [2797/3572] convicción... ✅
  [2798/3572] convicto,_ta... ✅
  [2799/3572] convoy... ✅
  [2800/3572] convoyar... ✅
  [2801/3572] convulsión... ✅
  [2802/3572] conyunto... ✅
  [2803/3572] cooker... ✅
  [2804/3572] cookie... ✅
  [2805/3572] cool... ✅
  [2806/3572] cool_aid... ✅
  [2807/3572] coolant... ✅
  [2808/3572] cooleado... ✅
  [2809/3572] coolear... ✅
  [2810/3572] cooler... ✅
  [2811/3572] coollo... ✅
  [2812/3572] copada... ✅
  [2813/3572] copado,_da... ✅
  [2814/3572] copaiba... ✅
  [2815/3572] copastor... ✅
  [2816/3572] copayment... ✅
  [2817/3572] copei... ✅
  [2818/3572] copeisillo... ✅
  [2819/3572] coperacha... ✅
  [2820/3572] copetón... ✅
  [2821/3572] copey... ✅
  [2822/3572] copia... ✅
  [2823/3572] copiar... ✅
  [2824/3572] copiete... ✅
  [2825/3572] copillo... ✅
  [2826/3572] copos_de_nieve... ✅
  [2827/3572] coprófago,_ga... ✅
  [2828/3572] copyright... ✅
  [2829/3572] copywriter... ✅
  [2830/3572] coquear... ✅
  [2831/3572] coquero,_ra... ✅
  [2832/3572] coquero... ✅
  [2833/3572] coqueta... ✅
  [2834/3572] coquetería... ✅
  [2835/3572] coqui... ✅
  [2836/3572] coquiar... ✅
  [2837/3572] coquiduro,_ra... ✅
  [2838/3572] coquillo... ✅
  [2839/3572] coquipelado,_da... ✅
  [2840/3572] coquiseco,_ca... ✅
  [2841/3572] coquiseco... ✅
  [2842/3572] coquito... ✅
  [2843/3572] coquí... ✅
  [2844/3572] coquí_blanco... ✅
  [2845/3572] coquí_falso... ✅
  [2846/3572] coraje... ✅
  [2847/3572] corajiento,_ta... ✅
  [2848/3572] coral... ✅
  [2849/3572] coralillo... ✅
  [2850/3572] coralina... ✅
  [2851/3572] corasí... ✅
  [2852/3572] corazón... ✅
  [2853/3572] corazón_cimarrón... ✅
  [2854/3572] corazón_de_batata_mameya... ✅
  [2855/3572] corazón_de_hombre... ✅
  [2856/3572] corazón_del_rollo... ✅
  [2857/3572] corbata... ✅
  [2858/3572] corbatera... ✅
  [2859/3572] corbatero... ✅
  [2860/3572] corbeja... ✅
  [2861/3572] corbejo... ✅
  [2862/3572] corcho... ✅
  [2863/3572] corcho_blanco... ✅
  [2864/3572] corcho_bobo... ✅
  [2865/3572] corcor... ✅
  [2866/3572] corcovado... ✅
  [2867/3572] corcovado_de_pluma... ✅
  [2868/3572] corcovear... ✅
  [2869/3572] cordel... ✅
  [2870/3572] cordel_de_mano... ✅
  [2871/3572] cordial_de_guanábana... ✅
  [2872/3572] corduroy... ✅
  [2873/3572] cordón... ✅
  [2874/3572] cordón_de_cerros... ✅
  [2875/3572] cordón_de_mayas... ✅
  [2876/3572] core_currículum... ✅
  [2877/3572] corillo... ✅
  [2878/3572] corino,_na... ✅
  [2879/3572] corita... ✅
  [2880/3572] corito... ✅
  [2881/3572] corito_peña... ✅
  [2882/3572] corned_beef... ✅
  [2883/3572] corner... ✅
  [2884/3572] corneta... ✅
  [2885/3572] corneto... ✅
  [2886/3572] cornflakes... ✅
  [2887/3572] cornigacho,_cha... ✅
  [2888/3572] cornuda... ✅
  [2889/3572] cornúa... ✅
  [2890/3572] coro... ✅
  [2891/3572] corocero,_ra... ✅
  [2892/3572] corocoro... ✅
  [2893/3572] coroj... ✅
  [2894/3572] corojo... ✅
  [2895/3572] corona... ✅
  [2896/3572] corona_de_la_piña... ✅
  [2897/3572] coroná... ✅
  [2898/3572] cororo... ✅
  [2899/3572] corosol... ✅
  [2900/3572] corotazo... ✅
  [2901/3572] corote... ✅
  [2902/3572] corotear... ✅
  [2903/3572] coroto... ✅
  [2904/3572] coroza... ✅
  [2905/3572] corozal... ✅
  [2906/3572] corozaleño,_ña... ✅
  [2907/3572] corozo... ✅
  [2908/3572] corozo_del_ojo... ✅
  [2909/3572] corporación... ✅
  [2910/3572] corporación_azucarera... ✅
  [2911/3572] corral... ✅
  [2912/3572] corre_costa... ✅
  [2913/3572] corre_gofio... ✅
  [2914/3572] correa... ✅
  [2915/3572] correcorre... ✅
  [2916/3572] corredera... ✅
  [2917/3572] corredor... ✅
  [2918/3572] corregir... ✅
  [2919/3572] correncia... ✅
  [2920/3572] correntina... ✅
  [2921/3572] correntino,_na... ✅
  [2922/3572] correntoso,_sa... ✅
  [2923/3572] correntía... ✅
  [2924/3572] correntón,_na... ✅
  [2925/3572] correntón... ✅
  [2926/3572] correo-e... ✅
  [2927/3572] correo... ✅
  [2928/3572] correo_basura... ✅
  [2929/3572] correo_de_voz... ✅
  [2930/3572] correo_electrónico... ✅
  [2931/3572] correo_registrado... ✅
  [2932/3572] correr... ✅
  [2933/3572] correr_como_yegua_esnúa... ✅
  [2934/3572] correr_el_bulto... ✅
  [2935/3572] correr_la_máquina... ✅
  [2936/3572] correr_máquina... ✅
  [2937/3572] correr_por_el_carril_exclusivo... ✅
  [2938/3572] correr_silga... ✅
  [2939/3572] correrse... ✅
  [2940/3572] correrse_el_chance... ✅
  [2941/3572] correrse_un_niquel... ✅
  [2942/3572] correrse_un_níquel... ✅
  [2943/3572] correría... ✅
  [2944/3572] corretear... ✅
  [2945/3572] corricán... ✅
  [2946/3572] corrida... ✅
  [2947/3572] corrida_de_peces... ✅
  [2948/3572] corrido,_da... ✅
  [2949/3572] corriente... ✅
  [2950/3572] corrimiento... ✅
  [2951/3572] corrinche... ✅
  [2952/3572] corromper... ✅
  [2953/3572] corrotoco,_ca... ✅
  [2954/3572] corrotoco... ✅
  [2955/3572] corroñoso,_sa... ✅
  [2956/3572] corsa... ✅
  [2957/3572] corsage... ✅
  [2958/3572] corsear... ✅
  [2959/3572] corso,_sa... ✅
  [2960/3572] corta_rabo... ✅
  [2961/3572] cortada... ✅
  [2962/3572] cortadera... ✅
  [2963/3572] cortado... ✅
  [2964/3572] cortador... ✅
  [2965/3572] cortador_de_caña... ✅
  [2966/3572] cortadora... ✅
  [2967/3572] cortafuegos... ✅
  [2968/3572] cortalambre... ✅
  [2969/3572] cortapapel... ✅
  [2970/3572] cortar... ✅
  [2971/3572] cortar_chaquetas... ✅
  [2972/3572] cortar_clases... ✅
  [2973/3572] cortar_el_bacalao... ✅
  [2974/3572] cortar_el_caldo... ✅
  [2975/3572] cortar_el_pasmo... ✅
  [2976/3572] cortar_el_pasmo_a_tiempo... ✅
  [2977/3572] cortar_grasa... ✅
  [2978/3572] cortar_guajana... ✅
  [2979/3572] cortar_la_baba... ✅
  [2980/3572] cortar_las_patas... ✅
  [2981/3572] cortar_las_uñas... ✅
  [2982/3572] cortar_las_venas... ✅
  [2983/3572] cortar_majagua... ✅
  [2984/3572] cortar_por_la_calle_del_medio... ✅
  [2985/3572] cortar_yagua... ✅
  [2986/3572] cortarse... ✅
  [2987/3572] cortavenas... ✅
  [2988/3572] cortaúña... ✅
  [2989/3572] corte... ✅
  [2990/3572] corte_de_budín... ✅
  [2991/3572] corte_de_izquierda... ✅
  [2992/3572] corte_de_pastelillo... ✅
  [2993/3572] corte_marcial... ✅
  [2994/3572] corte_pastelillo... ✅
  [2995/3572] cortejo... ✅
  [2996/3572] corteza... ✅
  [2997/3572] cortina... ✅
  [2998/3572] cortina_de_hierro... ✅
  [2999/3572] corto... ✅
  [3000/3572] coruja... ✅
  [3001/3572] corva... ✅
  [3002/3572] corvina... ✅
  [3003/3572] corvino... ✅
  [3004/3572] corvo,_va... ✅
  [3005/3572] corí... ✅
  [3006/3572] cosa... ✅
  [3007/3572] cosa_de_gallo_bolo... ✅
  [3008/3572] cosaica... ✅
  [3009/3572] cosas_de_antaño... ✅
  [3010/3572] coscarrón... ✅
  [3011/3572] coscorrón... ✅
  [3012/3572] cosecha... ✅
  [3013/3572] cosechadora... ✅
  [3014/3572] cosecho... ✅
  [3015/3572] cosedora... ✅
  [3016/3572] cosmético,_ca... ✅
  [3017/3572] coso,_sa... ✅
  [3018/3572] coso... ✅
  [3019/3572] cosota... ✅
  [3020/3572] cospe... ✅
  [3021/3572] cosperar... ✅
  [3022/3572] cosquilla... ✅
  [3023/3572] cosquilleo... ✅
  [3024/3572] cosquilludo,_da... ✅
  [3025/3572] costear... ✅
  [3026/3572] costearse... ✅
  [3027/3572] costilla... ✅
  [3028/3572] costillado... ✅
  [3029/3572] costillar... ✅
  [3030/3572] costo-efectivo... ✅
  [3031/3572] costo... ✅
  [3032/3572] costo_de_vida... ✅
  [3033/3572] costo_efectivo... ✅
  [3034/3572] costura... ✅
  [3035/3572] costurera... ✅
  [3036/3572] cosubey... ✅
  [3037/3572] cota... ✅
  [3038/3572] cotarrillo... ✅
  [3039/3572] coti... ✅
  [3040/3572] cotienero,_ra... ✅
  [3041/3572] cotisuelto... ✅
  [3042/3572] cotita... ✅
  [3043/3572] cotizar... ✅
  [3044/3572] coto... ✅
  [3045/3572] cotona... ✅
  [3046/3572] cotonilla... ✅
  [3047/3572] cotorra... ✅
  [3048/3572] cotorrear... ✅
  [3049/3572] cotorrelillo... ✅
  [3050/3572] cotorreo... ✅
  [3051/3572] cotorrera... ✅
  [3052/3572] cotorrerilla... ✅
  [3053/3572] cotorrita_azul... ✅
  [3054/3572] cotorrito... ✅
  [3055/3572] cotorro... ✅
  [3056/3572] cottage_cheese... ✅
  [3057/3572] cotton_knit... ✅
  [3058/3572] cotín... ✅
  [3059/3572] couch... ✅
  [3060/3572] couch_potato... ✅
  [3061/3572] count_down... ✅
  [3062/3572] counter... ✅
  [3063/3572] country_and_western... ✅
  [3064/3572] country_club... ✅
  [3065/3572] country_music... ✅
  [3066/3572] court... ✅
  [3067/3572] covacha... ✅
  [3068/3572] cover... ✅
  [3069/3572] cover_charge... ✅
  [3070/3572] cover_event... ✅
  [3071/3572] cover_girl... ✅
  [3072/3572] cowboy... ✅
  [3073/3572] coxidiosis... ✅
  [3074/3572] coy... ✅
  [3075/3572] coyello... ✅
  [3076/3572] coyenturo... ✅
  [3077/3572] coyor,_ra... ✅
  [3078/3572] coyor... ✅
  [3079/3572] coyora... ✅
  [3080/3572] coyote... ✅
  [3081/3572] coyundo... ✅
  [3082/3572] coyunta... ✅
  [3083/3572] coyuntero... ✅
  [3084/3572] coyunto... ✅
  [3085/3572] coyuntoso,_sa... ✅
  [3086/3572] coyunturo... ✅
  [3087/3572] coyur... ✅
  [3088/3572] coyure... ✅
  [3089/3572] coítre... ✅
  [3090/3572] cpa... ✅
  [3091/3572] crac... ✅
  [3092/3572] crachear... ✅
  [3093/3572] crack... ✅
  [3094/3572] cracker... ✅
  [3095/3572] crakeado,_da... ✅
  [3096/3572] crakearse... ✅
  [3097/3572] crakeo... ✅
  [3098/3572] cranberry... ✅
  [3099/3572] cranear... ✅
  [3100/3572] crank... ✅
  [3101/3572] crao... ✅
  [3102/3572] craqueado,_da... ✅
  [3103/3572] craqueao,_á... ✅
  [3104/3572] craquear... ✅
  [3105/3572] craquearse... ✅
  [3106/3572] craqueo... ✅
  [3107/3572] crash... ✅
  [3108/3572] crash_course... ✅
  [3109/3572] crashear... ✅
  [3110/3572] craudiao,_dá... ✅
  [3111/3572] crayón... ✅
  [3112/3572] crazy... ✅
  [3113/3572] cream_cheese... ✅
  [3114/3572] crebada... ✅
  [3115/3572] crebá... ✅
  [3116/3572] crecedor... ✅
  [3117/3572] credit_score... ✅
  [3118/3572] creer_en_pajaritos_preñados... ✅
  [3119/3572] creer_en_velorios... ✅
  [3120/3572] creer_que_se_tiene_a_dios_agarrado_por_el_rabo... ✅
  [3121/3572] creer_que_tiene_a_dios_cogido_por_el_rabo... ✅
  [3122/3572] creerse... ✅
  [3123/3572] creerse_el_4_de_julio... ✅
  [3124/3572] creerse_el_conde_quirico... ✅
  [3125/3572] creerse_más_mierda_que_nadie... ✅
  [3126/3572] creerse_que_los_pollos_maman... ✅
  [3127/3572] creerse_un_cuatro_de_julio... ✅
  [3128/3572] creerse_una_mierda_en_palito... ✅
  [3129/3572] crema... ✅
  [3130/3572] cremación... ✅
  [3131/3572] cremar... ✅
  [3132/3572] crepa... ✅
  [3133/3572] crepusculario,_ria... ✅
  [3134/3572] crequeté... ✅
  [3135/3572] cresolina... ✅
  [3136/3572] cresota... ✅
  [3137/3572] cresta_de_gallo... ✅
  [3138/3572] cresta_de_pavo... ✅
  [3139/3572] cresta_de_serrucho... ✅
  [3140/3572] cresta_de_tomate... ✅
  [3141/3572] cresta_pava... ✅
  [3142/3572] cresta_rosana... ✅
  [3143/3572] cresta_rosita... ✅
  [3144/3572] cresta_rosona... ✅
  [3145/3572] cresta_serrucho... ✅
  [3146/3572] cresta_tomate... ✅
  [3147/3572] crestialto... ✅
  [3148/3572] crestón... ✅
  [3149/3572] creído,_da... ✅
  [3150/3572] criadero... ✅
  [3151/3572] criadero_de_vagos... ✅
  [3152/3572] criado_con_la_leche_que_pedía... ✅
  [3153/3572] criador,_ra... ✅
  [3154/3572] criandera... ✅
  [3155/3572] criba... ✅
  [3156/3572] cribado,_da... ✅
  [3157/3572] cribora... ✅
  [3158/3572] crica... ✅
  [3159/3572] crical... ✅
  [3160/3572] crimen... ✅
  [3161/3572] criminoso,_sa... ✅
  [3162/3572] criminógeno,_na... ✅
  [3163/3572] crineja... ✅
  [3164/3572] criollo,_lla... ✅
  [3165/3572] criollo... ✅
  [3166/3572] cripe... ✅
  [3167/3572] cripería... ✅
  [3168/3572] crisneja... ✅
  [3169/3572] crispe... ✅
  [3170/3572] crispy... ✅
  [3171/3572] cristal... ✅
  [3172/3572] cristalizadora... ✅
  [3173/3572] cristiano... ✅
  [3174/3572] cristoteama... ✅
  [3175/3572] crizneja... ✅
  [3176/3572] croaba... ✅
  [3177/3572] crocher... ✅
  [3178/3572] cromium... ✅
  [3179/3572] cromósfera... ✅
  [3180/3572] cronometrista... ✅
  [3181/3572] croprófago,_ga... ✅
  [3182/3572] crosandra... ✅
  [3183/3572] crossover... ✅
  [3184/3572] crotal... ✅
  [3185/3572] croto,_ta... ✅
  [3186/3572] croto... ✅
  [3187/3572] crowd... ✅
  [3188/3572] crowdiao... ✅
  [3189/3572] crowdy... ✅
  [3190/3572] cruce... ✅
  [3191/3572] crucero... ✅
  [3192/3572] cruceta... ✅
  [3193/3572] crucetear... ✅
  [3194/3572] cruceteo... ✅
  [3195/3572] crucial... ✅
  [3196/3572] crudo,_da... ✅
  [3197/3572] crueca... ✅
  [3198/3572] cruento,_ta... ✅
  [3199/3572] crujidera... ✅
  [3200/3572] crujía... ✅
  [3201/3572] crunchy... ✅
  [3202/3572] crush... ✅
  [3203/3572] cruz_de_malta... ✅
  [3204/3572] cruz_de_mayo... ✅
  [3205/3572] cruzacalle... ✅
  [3206/3572] cruzado... ✅
  [3207/3572] cruzar... ✅
  [3208/3572] cruzar_las_navajas... ✅
  [3209/3572] cruzarse... ✅
  [3210/3572] cruzarse_las_espuelas_a_alguien... ✅
  [3211/3572] cráneo... ✅
  [3212/3572] cráneo_heavy... ✅
  [3213/3572] cráter... ✅
  [3214/3572] crédito... ✅
  [3215/3572] créditos... ✅
  [3216/3572] cría... ✅
  [3217/3572] crístala... ✅
  [3218/3572] crótalo,_la... ✅
  [3219/3572] ct_scan... ✅
  [3220/3572] cu... ✅
  [3221/3572] cua... ✅
  [3222/3572] cuabilla... ✅
  [3223/3572] cuaderna... ✅
  [3224/3572] cuadra... ✅
  [3225/3572] cuadrado,_da... ✅
  [3226/3572] cuadrangular... ✅
  [3227/3572] cuadrar_caja... ✅
  [3228/3572] cuadrarse... ✅
  [3229/3572] cuadrarse_a_alguien... ✅
  [3230/3572] cuadre... ✅
  [3231/3572] cuadrero,_ra... ✅
  [3232/3572] cuadriculado,_da... ✅
  [3233/3572] cuadricular... ✅
  [3234/3572] cuadril... ✅
  [3235/3572] cuadrilla... ✅
  [3236/3572] cuadrillera... ✅
  [3237/3572] cuadro... ✅
  [3238/3572] cuadruplero... ✅
  [3239/3572] cuadrúpedo... ✅
  [3240/3572] cuajacera... ✅
  [3241/3572] cuajar... ✅
  [3242/3572] cuajar_el_hielo... ✅
  [3243/3572] cuajito... ✅
  [3244/3572] cuajo... ✅
  [3245/3572] cualificar... ✅
  [3246/3572] cuando... ✅
  [3247/3572] cuando_dios_mamaba... ✅
  [3248/3572] cuando_no_estoy_preso_me_andan_buscando... ✅
  [3249/3572] cuantimás... ✅
  [3250/3572] cuaremito... ✅
  [3251/3572] cuaresma_hembra... ✅
  [3252/3572] cuaresma_macho... ✅
  [3253/3572] cuaresmón... ✅
  [3254/3572] cuareto,_ta... ✅
  [3255/3572] cuarta... ✅
  [3256/3572] cuartal... ✅
  [3257/3572] cuartazo... ✅
  [3258/3572] cuartear... ✅
  [3259/3572] cuartearse... ✅
  [3260/3572] cuartel... ✅
  [3261/3572] cuartero... ✅
  [3262/3572] cuarterón,_na... ✅
  [3263/3572] cuartichole... ✅
  [3264/3572] cuartilla... ✅
  [3265/3572] cuartillo... ✅
  [3266/3572] cuarto,_ta... ✅
  [3267/3572] cuarto... ✅
  [3268/3572] cuarto_bate... ✅
  [3269/3572] cuarto_de_reflexiones... ✅
  [3270/3572] cuartón... ✅
  [3271/3572] cuasimonga... ✅
  [3272/3572] cuate... ✅
  [3273/3572] cuatrero... ✅
  [3274/3572] cuatriborlado,_da... ✅
  [3275/3572] cuatriborleado,_da... ✅
  [3276/3572] cuatrista... ✅
  [3277/3572] cuatro... ✅
  [3278/3572] cuatrobemba... ✅
  [3279/3572] cuatrobembe... ✅
  [3280/3572] cuatrofilos... ✅
  [3281/3572] cubera... ✅
  [3282/3572] cubeta... ✅
  [3283/3572] cubicar... ✅
  [3284/3572] cubierta... ✅
  [3285/3572] cubo... ✅
  [3286/3572] cubrecarro... ✅
  [3287/3572] cubrir_(todas)_las_bases... ✅
  [3288/3572] cubujón... ✅
  [3289/3572] cuca... ✅
  [3290/3572] cucalambé... ✅
  [3291/3572] cucar... ✅
  [3292/3572] cucar_las_ganas... ✅
  [3293/3572] cucaracha... ✅
  [3294/3572] cucarachear... ✅
  [3295/3572] cucarachero,_ra... ✅
  [3296/3572] cucarachero... ✅
  [3297/3572] cucarachita_martina... ✅
  [3298/3572] cucasmonas... ✅
  [3299/3572] cucañero,_ra... ✅
  [3300/3572] cuchara... ✅
  [3301/3572] cuchareta... ✅
  [3302/3572] cucharilla... ✅
  [3303/3572] cucharita... ✅
  [3304/3572] cucharón... ✅
  [3305/3572] cuchichear... ✅
  [3306/3572] cuchicientos,_tas... ✅
  [3307/3572] cuchicuchi... ✅
  [3308/3572] cuchifrito... ✅
  [3309/3572] cuchilla... ✅
  [3310/3572] cuchilla_de_cortar_yerba... ✅
  [3311/3572] cuchilla_de_goma... ✅
  [3312/3572] cuchillazo... ✅
  [3313/3572] cuchillo... ✅
  [3314/3572] cuchillo_de_papel... ✅
  [3315/3572] cuchinato... ✅
  [3316/3572] cuchitril... ✅
  [3317/3572] cucho,_cha... ✅
  [3318/3572] cuchucientos,_tas... ✅
  [3319/3572] cuchufleta... ✅
  [3320/3572] cuchumil... ✅
  [3321/3572] cuco,_ca... ✅
  [3322/3572] cuco... ✅
  [3323/3572] cucubanito... ✅
  [3324/3572] cucubano... ✅
  [3325/3572] cucubano_de_mayo... ✅
  [3326/3572] cucubán... ✅
  [3327/3572] cucufato,_ta... ✅
  [3328/3572] cucuisa... ✅
  [3329/3572] cuculambré... ✅
  [3330/3572] cuculambé... ✅
  [3331/3572] cucurucho... ✅
  [3332/3572] cucurucú... ✅
  [3333/3572] cucuyero... ✅
  [3334/3572] cucuyo... ✅
  [3335/3572] cucú... ✅
  [3336/3572] cueca... ✅
  [3337/3572] cuello... ✅
  [3338/3572] cuello_de_tortuga... ✅
  [3339/3572] cuembé... ✅
  [3340/3572] cuenta... ✅
  [3341/3572] cuenta_de_ahorros... ✅
  [3342/3572] cuenta_regresiva... ✅
  [3343/3572] cuentero,_ra... ✅
  [3344/3572] cuento_del_gallo_pelón... ✅
  [3345/3572] cuento_mendés... ✅
  [3346/3572] cuentos_de_camino... ✅
  [3347/3572] cuera... ✅
  [3348/3572] cuerada... ✅
  [3349/3572] cuerazo... ✅
  [3350/3572] cuerda... ✅
  [3351/3572] cuerda_larga... ✅
  [3352/3572] cuerear... ✅
  [3353/3572] cueriduro,_ra... ✅
  [3354/3572] cueriduro... ✅
  [3355/3572] cueriza... ✅
  [3356/3572] cuernecillo... ✅
  [3357/3572] cuernudo,_da... ✅
  [3358/3572] cuernófono... ✅
  [3359/3572] cuernú,_a... ✅
  [3360/3572] cuero... ✅
  [3361/3572] cuero_de_sapo... ✅
  [3362/3572] cuero_flaco... ✅
  [3363/3572] cuero_malo... ✅
  [3364/3572] cuerpo... ✅
  [3365/3572] cuerudo,_da... ✅
  [3366/3572] cuerín... ✅
  [3367/3572] cuerú,_rua... ✅
  [3368/3572] cuerú... ✅
  [3369/3572] cueva... ✅
  [3370/3572] cueva_de_las_golondrinas... ✅
  [3371/3572] cueva_del_indio... ✅
  [3372/3572] cuey... ✅
  [3373/3572] cuica... ✅
  [3374/3572] cuico... ✅
  [3375/3572] cuidado_lo_dejé_en_casa... ✅
  [3376/3572] cuido... ✅
  [3377/3572] cuin... ✅
  [3378/3572] cuisa... ✅
  [3379/3572] cuiscualis... ✅
  [3380/3572] cuje... ✅
  [3381/3572] culantrillo... ✅
  [3382/3572] culantro... ✅
  [3383/3572] culantro_de_españa... ✅
  [3384/3572] culantro_del_monte... ✅
  [3385/3572] culata... ✅
  [3386/3572] culcul... ✅
  [3387/3572] culeado,_da... ✅
  [3388/3572] culear... ✅
  [3389/3572] culearse... ✅
  [3390/3572] culebra... ✅
  [3391/3572] culebra_grande... ✅
  [3392/3572] culebrear... ✅
  [3393/3572] culebrense... ✅
  [3394/3572] culebreo... ✅
  [3395/3572] culebrero,_ra... ✅
  [3396/3572] culebreño,_ña... ✅
  [3397/3572] culebrilla... ✅
  [3398/3572] culebrino,_na... ✅
  [3399/3572] culebrita_ciega... ✅
  [3400/3572] culebrita_de_crin... ✅
  [3401/3572] culebrón... ✅
  [3402/3572] culeca... ✅
  [3403/3572] culeco,_ca... ✅
  [3404/3572] culele... ✅
  [3405/3572] culelé... ✅
  [3406/3572] culequear... ✅
  [3407/3572] culequera... ✅
  [3408/3572] culetazo... ✅
  [3409/3572] culicagado,_da... ✅
  [3410/3572] culichumbo,_ba... ✅
  [3411/3572] culiflaco,_ca... ✅
  [3412/3572] culiflojo,_ja... ✅
  [3413/3572] culillo,_lla... ✅
  [3414/3572] culillo... ✅
  [3415/3572] culimetido,_da... ✅
  [3416/3572] culin... ✅
  [3417/3572] culipandear... ✅
  [3418/3572] culipandearse... ✅
  [3419/3572] culipandeo... ✅
  [3420/3572] culiquemado,_da... ✅
  [3421/3572] culivano,_na... ✅
  [3422/3572] culivicente... ✅
  [3423/3572] culminar... ✅
  [3424/3572] culo_de_araña_boba... ✅
  [3425/3572] culo_de_botella... ✅
  [3426/3572] culo_de_vaca... ✅
  [3427/3572] culo_del_mundo... ✅
  [3428/3572] culot... ✅
  [3429/3572] cultura... ✅
  [3430/3572] culumpio... ✅
  [3431/3572] culín_culán... ✅
  [3432/3572] cumarracha... ✅
  [3433/3572] cumbancha... ✅
  [3434/3572] cumbanchar... ✅
  [3435/3572] cumbanchear... ✅
  [3436/3572] cumbanchero,_ra... ✅
  [3437/3572] cumblera... ✅
  [3438/3572] cumbrera... ✅
  [3439/3572] cumbrón... ✅
  [3440/3572] cumeco,_ca... ✅
  [3441/3572] cumpleaños... ✅
  [3442/3572] cundeamor... ✅
  [3443/3572] cundiamor... ✅
  [3444/3572] cundido,_da... ✅
  [3445/3572] cundir... ✅
  [3446/3572] cundirse... ✅
  [3447/3572] cundío,_día... ✅
  [3448/3572] cunyá... ✅
  [3449/3572] cup_holder... ✅
  [3450/3572] cupacalla... ✅
  [3451/3572] cupcake... ✅
  [3452/3572] cupey... ✅
  [3453/3572] cupey_de_altura... ✅
  [3454/3572] cupey_trepador... ✅
  [3455/3572] cupeíllo... ✅
  [3456/3572] cupo... ✅
  [3457/3572] cuponero,_ra... ✅
  [3458/3572] cupones... ✅
  [3459/3572] cupón... ✅
  [3460/3572] cuque... ✅
  [3461/3572] cuquear... ✅
  [3462/3572] cuqueo... ✅
  [3463/3572] cuquera... ✅
  [3464/3572] cuquero,_ra... ✅
  [3465/3572] cuquito... ✅
  [3466/3572] cura... ✅
  [3467/3572] curacasco... ✅
  [3468/3572] curado,_da... ✅
  [3469/3572] curalotodo... ✅
  [3470/3572] curanderismo... ✅
  [3471/3572] curar... ✅
  [3472/3572] curar_latas... ✅
  [3473/3572] curare... ✅
  [3474/3572] curarse... ✅
  [3475/3572] curb_weight... ✅
  [3476/3572] curcor... ✅
  [3477/3572] curcur... ✅
  [3478/3572] cureña... ✅
  [3479/3572] curia... ✅
  [3480/3572] curiel... ✅
  [3481/3572] curioso... ✅
  [3482/3572] curiquinque... ✅
  [3483/3572] curita... ✅
  [3484/3572] curly... ✅
  [3485/3572] curricán... ✅
  [3486/3572] currimiento... ✅
  [3487/3572] currucata... ✅
  [3488/3572] currucato,_ta... ✅
  [3489/3572] currutaca... ✅
  [3490/3572] currutaco... ✅
  [3491/3572] curry... ✅
  [3492/3572] currículo... ✅
  [3493/3572] cursi... ✅
  [3494/3572] curso_de_sangre... ✅
  [3495/3572] curtido,_da... ✅
  [3496/3572] curtido... ✅
  [3497/3572] curtir... ✅
  [3498/3572] curtirse_la_ropa... ✅
  [3499/3572] curuba... ✅
  [3500/3572] curudo,_da... ✅
  [3501/3572] curundango,_ga... ✅
  [3502/3572] curva... ✅
  [3503/3572] curvaje... ✅
  [3504/3572] curvazón... ✅
  [3505/3572] curvear... ✅
  [3506/3572] curvia... ✅
  [3507/3572] curí... ✅
  [3508/3572] curía... ✅
  [3509/3572] curíe... ✅
  [3510/3572] curío... ✅
  [3511/3572] curúa... ✅
  [3512/3572] cusabarajo... ✅
  [3513/3572] cusibí... ✅
  [3514/3572] cusito,_ta... ✅
  [3515/3572] custom_made... ✅
  [3516/3572] customer... ✅
  [3517/3572] customizar... ✅
  [3518/3572] cusubey... ✅
  [3519/3572] cusubé... ✅
  [3520/3572] cusubí... ✅
  [3521/3572] cusí... ✅
  [3522/3572] cute... ✅
  [3523/3572] cuyaya... ✅
  [3524/3572] cuyo... ✅
  [3525/3572] cuyá... ✅
  [3526/3572] cuádruple... ✅
  [3527/3572] cuáquero,_ra... ✅
  [3528/3572] cuí... ✅
  [3529/3572] cyber-... ✅
  [3530/3572] cyclone_fence... ✅
  [3531/3572] cynato... ✅
  [3532/3572] cábalas... ✅
  [3533/3572] cábula... ✅
  [3534/3572] cáida... ✅
  [3535/3572] cámara... ✅
  [3536/3572] cámara_de_representantes... ✅
  [3537/3572] cámara_de_video... ✅
  [3538/3572] cámara_digital... ✅
  [3539/3572] cámper... ✅
  [3540/3572] cáncamo... ✅
  [3541/3572] cáncano... ✅
  [3542/3572] cáncer... ✅
  [3543/3572] cándido,_da... ✅
  [3544/3572] cárdigan... ✅
  [3545/3572] cársico,_ca... ✅
  [3546/3572] cáscara... ✅
  [3547/3572] cáscara_blanca... ✅
  [3548/3572] cáscara_de_coco... ✅
  [3549/3572] cáscara_de_mabí... ✅
  [3550/3572] cáscara_de_vaca... ✅
  [3551/3572] cáscara_rallada... ✅
  [3552/3572] cáñamo... ✅
  [3553/3572] cédula_de_fuerza... ✅
  [3554/3572] cédula_de_identidad... ✅
  [3555/3572] cínico,_ca... ✅
  [3556/3572] cítara... ✅
  [3557/3572] cívica... ✅
  [3558/3572] cóbana... ✅
  [3559/3572] cóbana_negra... ✅
  [3560/3572] cóbano... ✅
  [3561/3572] cócora... ✅
  [3562/3572] cóctel... ✅
  [3563/3572] código_de_acceso... ✅
  [3564/3572] código_de_región... ✅
  [3565/3572] código_de_área... ✅
  [3566/3572] cóleo... ✅
  [3567/3572] cómeme... ✅
  [3568/3572] cómico... ✅
  [3569/3572] cónsul... ✅
  [3570/3572] córner... ✅
  [3571/3572] cúa... ✅
  [3572/3572] cúrbana... ✅

================================================================================
CONSOLIDATION COMPLETE
================================================================================
  Letter:        C
  Processed:     3572
  Failed:        0
  Output folder: /Users/andrewcasanova/Documents/data_science_projects/ai_projects/TESORO_BORICUA/webscrape/data/preprocessed_tesoro_v2/c


================================================================================
CONSOLIDATING LETTER 'D' - 1256 words
================================================================================

  [   1/1256] d... ✅
  [   2/1256] daca... ✅
  [   3/1256] dacrón... ✅
  [   4/1256] dado,_da... ✅
  [   5/1256] dado... ✅
  [   6/1256] daga... ✅
  [   7/1256] daga_cañera... ✅
  [   8/1256] dagazo... ✅
  [   9/1256] dairy... ✅
  [  10/1256] dajao... ✅
  [  11/1256] dale_que_dale... ✅
  [  12/1256] dale_que_es_tarde... ✅
  [  13/1256] dalequedale... ✅
  [  14/1256] dalia... ✅
  [  15/1256] dama_de_día... ✅
  [  16/1256] dama_de_noche... ✅
  [  17/1256] damaged... ✅
  [  18/1256] damajagua... ✅
  [  19/1256] damas_y_caballeros... ✅
  [  20/1256] dambos... ✅
  [  21/1256] damesana... ✅
  [  22/1256] damisela... ✅
  [  23/1256] damper... ✅
  [  24/1256] danceros... ✅
  [  25/1256] dandismo... ✅
  [  26/1256] dandy... ✅
  [  27/1256] danish... ✅
  [  28/1256] dantía... ✅
  [  29/1256] danza... ✅
  [  30/1256] danzant... ✅
  [  31/1256] danzón... ✅
  [  32/1256] dar_bandazos... ✅
  [  33/1256] dar_barquinazos... ✅
  [  34/1256] dar_bola_negra... ✅
  [  35/1256] dar_cabeza... ✅
  [  36/1256] dar_cabuya... ✅
  [  37/1256] dar_candela... ✅
  [  38/1256] dar_canillera... ✅
  [  39/1256] dar_capote... ✅
  [  40/1256] dar_capú... ✅
  [  41/1256] dar_casco... ✅
  [  42/1256] dar_catey... ✅
  [  43/1256] dar_caña... ✅
  [  44/1256] dar_changüí... ✅
  [  45/1256] dar_chicharrón... ✅
  [  46/1256] dar_chino... ✅
  [  47/1256] dar_chiva... ✅
  [  48/1256] dar_color... ✅
  [  49/1256] dar_color_a_algo... ✅
  [  50/1256] dar_como_a_pillo_de_película... ✅
  [  51/1256] dar_como_a_puerco... ✅
  [  52/1256] dar_como_en_yagua... ✅
  [  53/1256] dar_con_bola... ✅
  [  54/1256] dar_crac... ✅
  [  55/1256] dar_cráneo... ✅
  [  56/1256] dar_culebrilla... ✅
  [  57/1256] dar_culillo... ✅
  [  58/1256] dar_cátedra... ✅
  [  59/1256] dar_de_arroz_y_de_masa... ✅
  [  60/1256] dar_del_cuerpo... ✅
  [  61/1256] dar_delete... ✅
  [  62/1256] dar_duro... ✅
  [  63/1256] dar_el_ala_para_comerse_la_pechuga... ✅
  [  64/1256] dar_el_frente... ✅
  [  65/1256] dar_el_la... ✅
  [  66/1256] dar_el_mameyaso_final... ✅
  [  67/1256] dar_el_mameyazo_fatal... ✅
  [  68/1256] dar_el_mate... ✅
  [  69/1256] dar_el_palo... ✅
  [  70/1256] dar_el_pie_forzado... ✅
  [  71/1256] dar_el_piojo... ✅
  [  72/1256] dar_el_pronto... ✅
  [  73/1256] dar_el_tajo_a_alguien... ✅
  [  74/1256] dar_en_el_coco... ✅
  [  75/1256] dar_en_el_yunque... ✅
  [  76/1256] dar_en_la_cabeza... ✅
  [  77/1256] dar_fiero... ✅
  [  78/1256] dar_fraterna... ✅
  [  79/1256] dar_fuete... ✅
  [  80/1256] dar_gabela... ✅
  [  81/1256] dar_galleta... ✅
  [  82/1256] dar_garganta... ✅
  [  83/1256] dar_guasimilla... ✅
  [  84/1256] dar_hasta_entre_el_pelo... ✅
  [  85/1256] dar_julepe... ✅
  [  86/1256] dar_la_gala... ✅
  [  87/1256] dar_la_música... ✅
  [  88/1256] dar_la_neura... ✅
  [  89/1256] dar_la_noble... ✅
  [  90/1256] dar_lata... ✅
  [  91/1256] dar_leña... ✅
  [  92/1256] dar_lo_mismo_chana_que_feliciana... ✅
  [  93/1256] dar_manigueta... ✅
  [  94/1256] dar_mano_y_muñeca... ✅
  [  95/1256] dar_marrón... ✅
  [  96/1256] dar_media_vuelta_española... ✅
  [  97/1256] dar_mico... ✅
  [  98/1256] dar_mulo... ✅
  [  99/1256] dar_más_palos_que_letras_tiene_un_misal... ✅
  [ 100/1256] dar_pa_abajo... ✅
  [ 101/1256] dar_pachó... ✅
  [ 102/1256] dar_palique... ✅
  [ 103/1256] dar_pam-pam... ✅
  [ 104/1256] dar_pase_de_paloma... ✅
  [ 105/1256] dar_pavera... ✅
  [ 106/1256] dar_pecho... ✅
  [ 107/1256] dar_pensamiento... ✅
  [ 108/1256] dar_pensamiento_a... ✅
  [ 109/1256] dar_perico... ✅
  [ 110/1256] dar_pon... ✅
  [ 111/1256] dar_por_donde_le_gusta... ✅
  [ 112/1256] dar_por_la_cuerda... ✅
  [ 113/1256] dar_por_la_pupila... ✅
  [ 114/1256] dar_por_la_vena_del_gusto... ✅
  [ 115/1256] dar_pupila... ✅
  [ 116/1256] dar_pájara... ✅
  [ 117/1256] dar_queso_al_ratón... ✅
  [ 118/1256] dar_rewind... ✅
  [ 119/1256] dar_riversa... ✅
  [ 120/1256] dar_save... ✅
  [ 121/1256] dar_seguimiento... ✅
  [ 122/1256] dar_terapia... ✅
  [ 123/1256] dar_tijeras... ✅
  [ 124/1256] dar_tiza_directa... ✅
  [ 125/1256] dar_tortor... ✅
  [ 126/1256] dar_tumbo... ✅
  [ 127/1256] dar_un_'la'... ✅
  [ 128/1256] dar_un_aletazo... ✅
  [ 129/1256] dar_un_asalto... ✅
  [ 130/1256] dar_un_break... ✅
  [ 131/1256] dar_un_call... ✅
  [ 132/1256] dar_un_chance... ✅
  [ 133/1256] dar_un_cipi... ✅
  [ 134/1256] dar_un_clear... ✅
  [ 135/1256] dar_un_corte... ✅
  [ 136/1256] dar_un_down... ✅
  [ 137/1256] dar_un_empujón... ✅
  [ 138/1256] dar_un_fajazo... ✅
  [ 139/1256] dar_un_jolope... ✅
  [ 140/1256] dar_un_lap... ✅
  [ 141/1256] dar_un_limazo... ✅
  [ 142/1256] dar_un_page... ✅
  [ 143/1256] dar_un_palo... ✅
  [ 144/1256] dar_un_pase... ✅
  [ 145/1256] dar_un_pele... ✅
  [ 146/1256] dar_un_piquete... ✅
  [ 147/1256] dar_un_sip... ✅
  [ 148/1256] dar_un_sippy... ✅
  [ 149/1256] dar_un_tarjetazo... ✅
  [ 150/1256] dar_un_tarrajazo... ✅
  [ 151/1256] dar_un_toque... ✅
  [ 152/1256] dar_un_tucutucu... ✅
  [ 153/1256] dar_un_tumbe... ✅
  [ 154/1256] dar_un_tute... ✅
  [ 155/1256] dar_un_ñaqui... ✅
  [ 156/1256] dar_una_cachá... ✅
  [ 157/1256] dar_una_cogida... ✅
  [ 158/1256] dar_una_cogida_de_cuello... ✅
  [ 159/1256] dar_una_cogida_de_cuello_a_alguien... ✅
  [ 160/1256] dar_una_cosa_al_pecho... ✅
  [ 161/1256] dar_una_jaladita... ✅
  [ 162/1256] dar_una_jalá... ✅
  [ 163/1256] dar_una_manita... ✅
  [ 164/1256] dar_una_orejita... ✅
  [ 165/1256] dar_una_tirada... ✅
  [ 166/1256] dar_una_tirada_a_alguien... ✅
  [ 167/1256] dar_una_trillita... ✅
  [ 168/1256] dar_una_trulla... ✅
  [ 169/1256] dar_una_uña... ✅
  [ 170/1256] dar_una_uña_y_cogerse_hasta_el_codo... ✅
  [ 171/1256] dar_uso_al_cerebro... ✅
  [ 172/1256] dar_varilla... ✅
  [ 173/1256] dar_vaselina... ✅
  [ 174/1256] dar_vistilla... ✅
  [ 175/1256] darle_a_uno_cachipa... ✅
  [ 176/1256] darle_como_a_pandereta_aleluya... ✅
  [ 177/1256] darle_la_pálida... ✅
  [ 178/1256] darling... ✅
  [ 179/1256] darse... ✅
  [ 180/1256] darse_banquete... ✅
  [ 181/1256] darse_bondo... ✅
  [ 182/1256] darse_coba... ✅
  [ 183/1256] darse_con_la_frente_sobre_la_laja... ✅
  [ 184/1256] darse_con_piedras_en_el_pecho... ✅
  [ 185/1256] darse_de_patada... ✅
  [ 186/1256] darse_derecha... ✅
  [ 187/1256] darse_el_guille... ✅
  [ 188/1256] darse_en_el_huesito_del_gusto... ✅
  [ 189/1256] darse_la_birra... ✅
  [ 190/1256] darse_la_birria... ✅
  [ 191/1256] darse_la_del_perro... ✅
  [ 192/1256] darse_la_fría... ✅
  [ 193/1256] darse_la_inferior... ✅
  [ 194/1256] darse_lija... ✅
  [ 195/1256] darse_puesto... ✅
  [ 196/1256] darse_sangre... ✅
  [ 197/1256] darse_un_calentón... ✅
  [ 198/1256] darse_un_jinquetazo... ✅
  [ 199/1256] darse_un_matracazo... ✅
  [ 200/1256] darse_un_palo... ✅
  [ 201/1256] darse_un_toquecito... ✅
  [ 202/1256] darse_un_viaje... ✅
  [ 203/1256] darse_una_beer... ✅
  [ 204/1256] darse_una_carta... ✅
  [ 205/1256] darse_una_explotada... ✅
  [ 206/1256] darse_una_patada... ✅
  [ 207/1256] darse_una_patá... ✅
  [ 208/1256] darse_una_perdida... ✅
  [ 209/1256] darse_uña... ✅
  [ 210/1256] dasagüe... ✅
  [ 211/1256] dash... ✅
  [ 212/1256] dash_(board)... ✅
  [ 213/1256] dashboard... ✅
  [ 214/1256] data... ✅
  [ 215/1256] date... ✅
  [ 216/1256] datiau... ✅
  [ 217/1256] datihao... ✅
  [ 218/1256] dating... ✅
  [ 219/1256] dawn... ✅
  [ 220/1256] day_care... ✅
  [ 221/1256] day_off... ✅
  [ 222/1256] daycare... ✅
  [ 223/1256] daña_ropa... ✅
  [ 224/1256] dañada... ✅
  [ 225/1256] dañado,_da... ✅
  [ 226/1256] dañar_el_pasodoble... ✅
  [ 227/1256] dañarse... ✅
  [ 228/1256] dañificar... ✅
  [ 229/1256] dañino,_ña... ✅
  [ 230/1256] daño... ✅
  [ 231/1256] dañoso,_sa... ✅
  [ 232/1256] de_a_jugando... ✅
  [ 233/1256] de_a_millón... ✅
  [ 234/1256] de_a_pepe... ✅
  [ 235/1256] de_a_pepe_cojones... ✅
  [ 236/1256] de_a_rajar... ✅
  [ 237/1256] de_abajo... ✅
  [ 238/1256] de_acuerdo_a... ✅
  [ 239/1256] de_adelanto... ✅
  [ 240/1256] de_afuera... ✅
  [ 241/1256] de_afuerita... ✅
  [ 242/1256] de_ahora_en_más... ✅
  [ 243/1256] de_ahora_para_ahora... ✅
  [ 244/1256] de_ahora_para_ahorita... ✅
  [ 245/1256] de_ahora_para_luego... ✅
  [ 246/1256] de_ahí_en_fuera... ✅
  [ 247/1256] de_amarillar... ✅
  [ 248/1256] de_boca... ✅
  [ 249/1256] de_boquilla... ✅
  [ 250/1256] de_brazo... ✅
  [ 251/1256] de_brinco... ✅
  [ 252/1256] de_buena_cría... ✅
  [ 253/1256] de_cabeza... ✅
  [ 254/1256] de_cachete... ✅
  [ 255/1256] de_cachimba... ✅
  [ 256/1256] de_caché... ✅
  [ 257/1256] de_cajón... ✅
  [ 258/1256] de_calidad... ✅
  [ 259/1256] de_calle... ✅
  [ 260/1256] de_callejón... ✅
  [ 261/1256] de_cama... ✅
  [ 262/1256] de_campana... ✅
  [ 263/1256] de_cantazo... ✅
  [ 264/1256] de_carrerita(s)... ✅
  [ 265/1256] de_casa... ✅
  [ 266/1256] de_certidumbre... ✅
  [ 267/1256] de_chamba... ✅
  [ 268/1256] de_chipichape... ✅
  [ 269/1256] de_chiripa... ✅
  [ 270/1256] de_chivo... ✅
  [ 271/1256] de_chupa_y_déjame_el_cabo... ✅
  [ 272/1256] de_chupón... ✅
  [ 273/1256] de_cierto... ✅
  [ 274/1256] de_clase... ✅
  [ 275/1256] de_contado... ✅
  [ 276/1256] de_contra... ✅
  [ 277/1256] de_contrapunto... ✅
  [ 278/1256] de_conuco... ✅
  [ 279/1256] de_cora... ✅
  [ 280/1256] de_corrido... ✅
  [ 281/1256] de_coña... ✅
  [ 282/1256] de_cría... ✅
  [ 283/1256] de_cualquier_maya_sale_un_ratón... ✅
  [ 284/1256] de_cuatro_bolichazos... ✅
  [ 285/1256] de_doble_pespunte... ✅
  [ 286/1256] de_entrada... ✅
  [ 287/1256] de_ese_infierno_no_salen_chispas... ✅
  [ 288/1256] de_eslay... ✅
  [ 289/1256] de_fatiga... ✅
  [ 290/1256] de_flor... ✅
  [ 291/1256] de_ganchete... ✅
  [ 292/1256] de_gratis... ✅
  [ 293/1256] de_guagua... ✅
  [ 294/1256] de_guasa... ✅
  [ 295/1256] de_güija... ✅
  [ 296/1256] de_güirita... ✅
  [ 297/1256] de_hierro... ✅
  [ 298/1256] de_interés_social... ✅
  [ 299/1256] de_jilito... ✅
  [ 300/1256] de_jilo... ✅
  [ 301/1256] de_jinquete... ✅
  [ 302/1256] de_juro... ✅
  [ 303/1256] de_la_high... ✅
  [ 304/1256] de_la_isla... ✅
  [ 305/1256] de_la_yuca_a_la_yuquilla,_¿cuál_te_gusta_más?... ✅
  [ 306/1256] de_lagrimita... ✅
  [ 307/1256] de_lambío,_bía... ✅
  [ 308/1256] de_lejitos... ✅
  [ 309/1256] de_lo_más_aquel... ✅
  [ 310/1256] de_lo_más_bien... ✅
  [ 311/1256] de_los_buenos_quedamos_pocos... ✅
  [ 312/1256] de_los_tiempos_de_españa... ✅
  [ 313/1256] de_línea... ✅
  [ 314/1256] de_madre... ✅
  [ 315/1256] de_mala_cría... ✅
  [ 316/1256] de_material... ✅
  [ 317/1256] de_mayoría... ✅
  [ 318/1256] de_media_aguja... ✅
  [ 319/1256] de_medio_ganchete... ✅
  [ 320/1256] de_medio_sosquín... ✅
  [ 321/1256] de_mejores_sitios_me_han_botado... ✅
  [ 322/1256] de_mi_maíz,_ni_un_grano... ✅
  [ 323/1256] de_mogolla... ✅
  [ 324/1256] de_mogollón... ✅
  [ 325/1256] de_nación... ✅
  [ 326/1256] de_no_te_muevas... ✅
  [ 327/1256] de_ordeño... ✅
  [ 328/1256] de_orilla... ✅
  [ 329/1256] de_pacotilla... ✅
  [ 330/1256] de_palma... ✅
  [ 331/1256] de_paquete... ✅
  [ 332/1256] de_paso... ✅
  [ 333/1256] de_pendejo_no_tiene_ni_un_pelo... ✅
  [ 334/1256] de_piojo_pegado... ✅
  [ 335/1256] de_piquete... ✅
  [ 336/1256] de_por_sí... ✅
  [ 337/1256] de_primera... ✅
  [ 338/1256] de_projimidad... ✅
  [ 339/1256] de_pura_chamba... ✅
  [ 340/1256] de_riñón... ✅
  [ 341/1256] de_rolimpín... ✅
  [ 342/1256] de_rolling_pin... ✅
  [ 343/1256] de_rosquete... ✅
  [ 344/1256] de_ruta... ✅
  [ 345/1256] de_salida... ✅
  [ 346/1256] de_segunda... ✅
  [ 347/1256] de_show... ✅
  [ 348/1256] de_slide... ✅
  [ 349/1256] de_soslayo... ✅
  [ 350/1256] de_sosquín... ✅
  [ 351/1256] de_susquín... ✅
  [ 352/1256] de_tajo... ✅
  [ 353/1256] de_tal_palo_tal_jataca... ✅
  [ 354/1256] de_tala... ✅
  [ 355/1256] de_tiempo... ✅
  [ 356/1256] de_tierra_adentro... ✅
  [ 357/1256] de_tiribitín_con_tin... ✅
  [ 358/1256] de_tres_pares... ✅
  [ 359/1256] de_trinquete... ✅
  [ 360/1256] de_tú_a_tú... ✅
  [ 361/1256] de_un_brinco... ✅
  [ 362/1256] de_un_halón... ✅
  [ 363/1256] de_un_jalón... ✅
  [ 364/1256] de_un_tiro... ✅
  [ 365/1256] de_una_vegada... ✅
  [ 366/1256] de_valdivieso... ✅
  [ 367/1256] de_vicio... ✅
  [ 368/1256] de_zumbido... ✅
  [ 369/1256] de_ñapa... ✅
  [ 370/1256] dea... ✅
  [ 371/1256] dead_ball... ✅
  [ 372/1256] deadline... ✅
  [ 373/1256] dealer... ✅
  [ 374/1256] deam_light... ✅
  [ 375/1256] deambulancia... ✅
  [ 376/1256] deambulante... ✅
  [ 377/1256] deambular... ✅
  [ 378/1256] deber_a_cada_santo_una_vela... ✅
  [ 379/1256] deber_una_misa_a_cada_santo... ✅
  [ 380/1256] debetiempo... ✅
  [ 381/1256] debitado... ✅
  [ 382/1256] debitar... ✅
  [ 383/1256] debris... ✅
  [ 384/1256] debutante... ✅
  [ 385/1256] decadencia... ✅
  [ 386/1256] decentar... ✅
  [ 387/1256] decentón,_na... ✅
  [ 388/1256] decibel... ✅
  [ 389/1256] decimbrar... ✅
  [ 390/1256] decir_hasta_de_lo_que_va_a_morir... ✅
  [ 391/1256] decir_hasta_perro_muerto... ✅
  [ 392/1256] decir_por_aquí_es_camino... ✅
  [ 393/1256] decir_por_aquí_es_el_camino... ✅
  [ 394/1256] decir_tan-tán... ✅
  [ 395/1256] decisional... ✅
  [ 396/1256] deck... ✅
  [ 397/1256] declaratoria... ✅
  [ 398/1256] deconchinflar... ✅
  [ 399/1256] decunchunflar... ✅
  [ 400/1256] decunchunflarse... ✅
  [ 401/1256] dedo_amarrado... ✅
  [ 402/1256] dedo_de_santo... ✅
  [ 403/1256] dedo_grande... ✅
  [ 404/1256] dedo_pisado... ✅
  [ 405/1256] dedocracia... ✅
  [ 406/1256] deducible... ✅
  [ 407/1256] deep_frier... ✅
  [ 408/1256] deep_fryer... ✅
  [ 409/1256] deet... ✅
  [ 410/1256] defenderse... ✅
  [ 411/1256] defensa... ✅
  [ 412/1256] defensiva... ✅
  [ 413/1256] degenerado,_da... ✅
  [ 414/1256] degenere... ✅
  [ 415/1256] degreaser... ✅
  [ 416/1256] deique... ✅
  [ 417/1256] dejación... ✅
  [ 418/1256] dejado,_da... ✅
  [ 419/1256] dejar... ✅
  [ 420/1256] dejar_a_la_cuarta_pregunta... ✅
  [ 421/1256] dejar_a_medio_palo... ✅
  [ 422/1256] dejar_al_gallo_sin_banqueta... ✅
  [ 423/1256] dejar_al_rescoldo... ✅
  [ 424/1256] dejar_arrollado... ✅
  [ 425/1256] dejar_botado... ✅
  [ 426/1256] dejar_como_chupa... ✅
  [ 427/1256] dejar_como_chupete_de_china... ✅
  [ 428/1256] dejar_como_un_ají... ✅
  [ 429/1256] dejar_el_friqueo... ✅
  [ 430/1256] dejar_el_gallo_sin_banqueta... ✅
  [ 431/1256] dejar_el_gufeo... ✅
  [ 432/1256] dejar_el_huevo_en_el_tornillo... ✅
  [ 433/1256] dejar_el_julepe... ✅
  [ 434/1256] dejar_el_mejor_plato_para_lo_último... ✅
  [ 435/1256] dejar_el_pegao... ✅
  [ 436/1256] dejar_el_plato_enganchado... ✅
  [ 437/1256] dejar_el_pugilato... ✅
  [ 438/1256] dejar_el_relajo... ✅
  [ 439/1256] dejar_el_traqueo... ✅
  [ 440/1256] dejar_el_traqueteo... ✅
  [ 441/1256] dejar_el_vacilón... ✅
  [ 442/1256] dejar_embarcado... ✅
  [ 443/1256] dejar_en_el_limbo... ✅
  [ 444/1256] dejar_en_el_petate... ✅
  [ 445/1256] dejar_en_la_mano... ✅
  [ 446/1256] dejar_encampanado... ✅
  [ 447/1256] dejar_esa_chuleta... ✅
  [ 448/1256] dejar_esa_guasa... ✅
  [ 449/1256] dejar_esa_guayaba... ✅
  [ 450/1256] dejar_esa_vaina... ✅
  [ 451/1256] dejar_ese_cráneo... ✅
  [ 452/1256] dejar_guindado... ✅
  [ 453/1256] dejar_la_bachata... ✅
  [ 454/1256] dejar_la_bandeja_esperando... ✅
  [ 455/1256] dejar_la_chusma... ✅
  [ 456/1256] dejar_la_cuchara_enganchada... ✅
  [ 457/1256] dejar_la_jeringa... ✅
  [ 458/1256] dejar_la_movida... ✅
  [ 459/1256] dejar_nuevo... ✅
  [ 460/1256] dejar_pegao... ✅
  [ 461/1256] dejar_pillado... ✅
  [ 462/1256] dejar_puyú... ✅
  [ 463/1256] dejar_que_la_gallina_saque... ✅
  [ 464/1256] dejar_saber_a_alguien... ✅
  [ 465/1256] dejar_sobre_el_tapete... ✅
  [ 466/1256] dejar_tieso... ✅
  [ 467/1256] dejar_vestido_y_alborotado... ✅
  [ 468/1256] dejarme_decir_a_alguien... ✅
  [ 469/1256] dejarse... ✅
  [ 470/1256] dejarse_caer_para_que_lo_carguen... ✅
  [ 471/1256] dejarse_caer_uno_para_que_lo_levanten... ✅
  [ 472/1256] dejarse_comer... ✅
  [ 473/1256] dejarse_de_brincos... ✅
  [ 474/1256] dejarse_de_cosas... ✅
  [ 475/1256] dejarse_de_músicas... ✅
  [ 476/1256] dejarse_de_show... ✅
  [ 477/1256] dejarse_de_vaina... ✅
  [ 478/1256] dejarse_de_vainas... ✅
  [ 479/1256] dejarse_de_ñeñeñé... ✅
  [ 480/1256] dejarse_ver... ✅
  [ 481/1256] deje... ✅
  [ 482/1256] dejuramente... ✅
  [ 483/1256] dejuro... ✅
  [ 484/1256] del_año_de_la_yuca... ✅
  [ 485/1256] del_fanguito... ✅
  [ 486/1256] del_otro_lado... ✅
  [ 487/1256] del_tingo_al_tango... ✅
  [ 488/1256] del_tingo_al_tango_y_del_tango_al_tingo... ✅
  [ 489/1256] del_tiro... ✅
  [ 490/1256] delantero... ✅
  [ 491/1256] deletear... ✅
  [ 492/1256] deli(catessen)... ✅
  [ 493/1256] delincuente... ✅
  [ 494/1256] deliquete... ✅
  [ 495/1256] delito_de_sangre... ✅
  [ 496/1256] delivery... ✅
  [ 497/1256] delivery_room... ✅
  [ 498/1256] demajagua... ✅
  [ 499/1256] demanda... ✅
  [ 500/1256] demandar... ✅
  [ 501/1256] dembow... ✅
  [ 502/1256] demencia... ✅
  [ 503/1256] demeritar... ✅
  [ 504/1256] demo_(tape)... ✅
  [ 505/1256] demorar... ✅
  [ 506/1256] dempués... ✅
  [ 507/1256] demócrata... ✅
  [ 508/1256] denantes... ✅
  [ 509/1256] dende... ✅
  [ 510/1256] dengoso,_sa... ✅
  [ 511/1256] dengue... ✅
  [ 512/1256] denguno,_na... ✅
  [ 513/1256] densificación... ✅
  [ 514/1256] densificar... ✅
  [ 515/1256] dental_floss... ✅
  [ 516/1256] dentellazo... ✅
  [ 517/1256] dentistería... ✅
  [ 518/1256] dentrar... ✅
  [ 519/1256] deodorante... ✅
  [ 520/1256] departamento... ✅
  [ 521/1256] dependiente... ✅
  [ 522/1256] deperiche... ✅
  [ 523/1256] deployment... ✅
  [ 524/1256] deporte_de_caballeros... ✅
  [ 525/1256] depresante... ✅
  [ 526/1256] deprimido,_da... ✅
  [ 527/1256] deprivación... ✅
  [ 528/1256] deprivado,_da... ✅
  [ 529/1256] dept.... ✅
  [ 530/1256] depósito... ✅
  [ 531/1256] deque... ✅
  [ 532/1256] dequer... ✅
  [ 533/1256] derbi... ✅
  [ 534/1256] derby... ✅
  [ 535/1256] derecho,_cha... ✅
  [ 536/1256] derecho_de_coartación... ✅
  [ 537/1256] dermabrasión... ✅
  [ 538/1256] dermobrasión... ✅
  [ 539/1256] derrame... ✅
  [ 540/1256] derrengue... ✅
  [ 541/1256] derretir... ✅
  [ 542/1256] derriscarse... ✅
  [ 543/1256] desactualizado,_da... ✅
  [ 544/1256] desafío... ✅
  [ 545/1256] desafío_de_gallos... ✅
  [ 546/1256] desagüe... ✅
  [ 547/1256] desahogarse... ✅
  [ 548/1256] desahumerio... ✅
  [ 549/1256] desamarrarse... ✅
  [ 550/1256] desamorarse... ✅
  [ 551/1256] desandar... ✅
  [ 552/1256] desapartar... ✅
  [ 553/1256] desaplomar... ✅
  [ 554/1256] desaplomo... ✅
  [ 555/1256] desarbolar... ✅
  [ 556/1256] desarbolarse... ✅
  [ 557/1256] desarrajar... ✅
  [ 558/1256] desarreglos... ✅
  [ 559/1256] desarrollador... ✅
  [ 560/1256] desarrollar... ✅
  [ 561/1256] desarrollarse_la_mar... ✅
  [ 562/1256] desarrollista... ✅
  [ 563/1256] desarrollo... ✅
  [ 564/1256] desarrollo_sostenible... ✅
  [ 565/1256] desarrollo_sustentable... ✅
  [ 566/1256] desasorío... ✅
  [ 567/1256] desasosilío... ✅
  [ 568/1256] desasosirío... ✅
  [ 569/1256] desasío,_sía... ✅
  [ 570/1256] desaterrar... ✅
  [ 571/1256] desatorar... ✅
  [ 572/1256] desbabar... ✅
  [ 573/1256] desbalance... ✅
  [ 574/1256] desbalancear... ✅
  [ 575/1256] desbaratado,_da... ✅
  [ 576/1256] desbarbar... ✅
  [ 577/1256] desbarrancar... ✅
  [ 578/1256] desbarranque... ✅
  [ 579/1256] desbarrar... ✅
  [ 580/1256] desbarrigar... ✅
  [ 581/1256] desbocado,_da... ✅
  [ 582/1256] desbocarse... ✅
  [ 583/1256] desboronado,_da... ✅
  [ 584/1256] desboronamiento... ✅
  [ 585/1256] desboronar... ✅
  [ 586/1256] desboronarse... ✅
  [ 587/1256] desbotonar... ✅
  [ 588/1256] descabezar... ✅
  [ 589/1256] descabronar... ✅
  [ 590/1256] descacharrado,_da... ✅
  [ 591/1256] descacharrar... ✅
  [ 592/1256] descachazar... ✅
  [ 593/1256] descalabrado,_da... ✅
  [ 594/1256] descalabrar... ✅
  [ 595/1256] descamisado,_da... ✅
  [ 596/1256] descanso... ✅
  [ 597/1256] descapullar... ✅
  [ 598/1256] descarchar... ✅
  [ 599/1256] descarga... ✅
  [ 600/1256] descargar... ✅
  [ 601/1256] descargue... ✅
  [ 602/1256] descarranchado,_da... ✅
  [ 603/1256] descarrilado,_da... ✅
  [ 604/1256] descarrilarse... ✅
  [ 605/1256] descartable... ✅
  [ 606/1256] descasar... ✅
  [ 607/1256] descase... ✅
  [ 608/1256] descerezar... ✅
  [ 609/1256] deschapar... ✅
  [ 610/1256] deschuponar... ✅
  [ 611/1256] descobijar... ✅
  [ 612/1256] descochinflar... ✅
  [ 613/1256] descochuflado,_da... ✅
  [ 614/1256] descocotar... ✅
  [ 615/1256] descocotarse... ✅
  [ 616/1256] descojonado,_da... ✅
  [ 617/1256] descojonar... ✅
  [ 618/1256] descojonarse... ✅
  [ 619/1256] descojón... ✅
  [ 620/1256] descompuesto,_ta... ✅
  [ 621/1256] desconchiflado,_da... ✅
  [ 622/1256] desconchiflar... ✅
  [ 623/1256] desconchiflarse... ✅
  [ 624/1256] desconchinflado,_da... ✅
  [ 625/1256] desconchinflar... ✅
  [ 626/1256] desconchinflarse... ✅
  [ 627/1256] desconchuflado,_da... ✅
  [ 628/1256] desconchuflar... ✅
  [ 629/1256] desconchunflado,_da... ✅
  [ 630/1256] desconchunflao,_flá... ✅
  [ 631/1256] desconchunflar... ✅
  [ 632/1256] desconectado,_da... ✅
  [ 633/1256] desconfluflado,_da... ✅
  [ 634/1256] descongelar... ✅
  [ 635/1256] descontinuado,_da... ✅
  [ 636/1256] descontinuar... ✅
  [ 637/1256] descontrol... ✅
  [ 638/1256] descontrolado,_da... ✅
  [ 639/1256] descorche... ✅
  [ 640/1256] descorrotarse... ✅
  [ 641/1256] descoser... ✅
  [ 642/1256] descotado,_da... ✅
  [ 643/1256] descoyuntar... ✅
  [ 644/1256] descoyuntarse... ✅
  [ 645/1256] descoñetado,_da... ✅
  [ 646/1256] descoñetar... ✅
  [ 647/1256] descoñetarse... ✅
  [ 648/1256] descrestar... ✅
  [ 649/1256] descreste... ✅
  [ 650/1256] descuadrar... ✅
  [ 651/1256] descuadrarse... ✅
  [ 652/1256] descuadre... ✅
  [ 653/1256] descualificar... ✅
  [ 654/1256] descubrir_américa... ✅
  [ 655/1256] descubrir_con_los_ojos_lo_que_se_conocía_con_el_corazón... ✅
  [ 656/1256] descuchunflar... ✅
  [ 657/1256] descuchunflarse... ✅
  [ 658/1256] desculturación... ✅
  [ 659/1256] descumbre... ✅
  [ 660/1256] descunchunflado,_da... ✅
  [ 661/1256] desdejado,_da... ✅
  [ 662/1256] desdentado,_da... ✅
  [ 663/1256] desecho... ✅
  [ 664/1256] deseguío... ✅
  [ 665/1256] desembarazar... ✅
  [ 666/1256] desembolsillar... ✅
  [ 667/1256] desemburujar... ✅
  [ 668/1256] desempacar... ✅
  [ 669/1256] desempaquetarse... ✅
  [ 670/1256] desempatar... ✅
  [ 671/1256] desempatarse... ✅
  [ 672/1256] desempercudido,_da... ✅
  [ 673/1256] desempeñado,_da... ✅
  [ 674/1256] desempeñarse... ✅
  [ 675/1256] desencabado,_da... ✅
  [ 676/1256] desencabar... ✅
  [ 677/1256] desencajo... ✅
  [ 678/1256] desencasquillar... ✅
  [ 679/1256] desencetar... ✅
  [ 680/1256] desenchuflar... ✅
  [ 681/1256] desengavetar... ✅
  [ 682/1256] desenliar... ✅
  [ 683/1256] desenvolvimiento... ✅
  [ 684/1256] desenyugar... ✅
  [ 685/1256] desenyugarse... ✅
  [ 686/1256] desenyuntar... ✅
  [ 687/1256] desespero... ✅
  [ 688/1256] desflecar... ✅
  [ 689/1256] desgalillarse... ✅
  [ 690/1256] desganchar... ✅
  [ 691/1256] desganche... ✅
  [ 692/1256] desgano... ✅
  [ 693/1256] desganoso,_sa... ✅
  [ 694/1256] desgargantarse... ✅
  [ 695/1256] desgaritado,_da... ✅
  [ 696/1256] desgaritarse... ✅
  [ 697/1256] desgarnatarse... ✅
  [ 698/1256] desgarrar... ✅
  [ 699/1256] desgarre... ✅
  [ 700/1256] desgarretar... ✅
  [ 701/1256] desgarro... ✅
  [ 702/1256] desgarronar... ✅
  [ 703/1256] desgaznatarse... ✅
  [ 704/1256] desgaznatarse_llorando... ✅
  [ 705/1256] desgañotar... ✅
  [ 706/1256] desgolillado... ✅
  [ 707/1256] desgolillar... ✅
  [ 708/1256] desgolizarse... ✅
  [ 709/1256] desgomarse... ✅
  [ 710/1256] desgonzado,_da... ✅
  [ 711/1256] desgonzarse... ✅
  [ 712/1256] desgorrumbar... ✅
  [ 713/1256] desgraciado,_da... ✅
  [ 714/1256] desgraciar... ✅
  [ 715/1256] desgranarse... ✅
  [ 716/1256] desgrapadora... ✅
  [ 717/1256] desgrapar... ✅
  [ 718/1256] desguabinación... ✅
  [ 719/1256] desguabinado,_da... ✅
  [ 720/1256] desguabinamiento... ✅
  [ 721/1256] desguabinar... ✅
  [ 722/1256] desguabinarse... ✅
  [ 723/1256] desguaje... ✅
  [ 724/1256] desguarrancharse... ✅
  [ 725/1256] desguasar... ✅
  [ 726/1256] desguazar... ✅
  [ 727/1256] desguañangado,_da... ✅
  [ 728/1256] desguañangar... ✅
  [ 729/1256] desguañangarse... ✅
  [ 730/1256] desguañingado,_da... ✅
  [ 731/1256] desguañingar... ✅
  [ 732/1256] desgurrumbarse... ✅
  [ 733/1256] deshijar... ✅
  [ 734/1256] deshoje... ✅
  [ 735/1256] deshonesto,_ta... ✅
  [ 736/1256] deshuesar... ✅
  [ 737/1256] desillar... ✅
  [ 738/1256] desinquieto,_ta... ✅
  [ 739/1256] desktop... ✅
  [ 740/1256] deslechado,_da... ✅
  [ 741/1256] deslechar... ✅
  [ 742/1256] deslecharse... ✅
  [ 743/1256] deslembado,_da... ✅
  [ 744/1256] deslembarse... ✅
  [ 745/1256] desligar... ✅
  [ 746/1256] deslizarse... ✅
  [ 747/1256] deslomado,_da... ✅
  [ 748/1256] desmachar... ✅
  [ 749/1256] desmache... ✅
  [ 750/1256] desmalezar... ✅
  [ 751/1256] desmalotado,_da... ✅
  [ 752/1256] desmameyar... ✅
  [ 753/1256] desmameyarse... ✅
  [ 754/1256] desmamonar... ✅
  [ 755/1256] desmamonarse... ✅
  [ 756/1256] desmamoneado,_da... ✅
  [ 757/1256] desmandar... ✅
  [ 758/1256] desmandarse... ✅
  [ 759/1256] desmandigar... ✅
  [ 760/1256] desmandingar... ✅
  [ 761/1256] desmanguillarse... ✅
  [ 762/1256] desmanto... ✅
  [ 763/1256] desmayado,_da... ✅
  [ 764/1256] desmayamiento... ✅
  [ 765/1256] desmelenarse_llorando... ✅
  [ 766/1256] desmeritar... ✅
  [ 767/1256] desmerito... ✅
  [ 768/1256] desmochado,_da... ✅
  [ 769/1256] desmochar... ✅
  [ 770/1256] desmonetizar... ✅
  [ 771/1256] desmongar... ✅
  [ 772/1256] desmongarse... ✅
  [ 773/1256] desmonguillamiento... ✅
  [ 774/1256] desmonguillarse... ✅
  [ 775/1256] desmonte_arriba... ✅
  [ 776/1256] desmorcillado,_da... ✅
  [ 777/1256] desmorcillarse... ✅
  [ 778/1256] desmorecido,_da... ✅
  [ 779/1256] desmorono... ✅
  [ 780/1256] desmorusar... ✅
  [ 781/1256] desmorusarse... ✅
  [ 782/1256] desmotar... ✅
  [ 783/1256] desmoñingarse... ✅
  [ 784/1256] desmuñecado,_da... ✅
  [ 785/1256] desmérito... ✅
  [ 786/1256] desnarizado,_da... ✅
  [ 787/1256] desnudar... ✅
  [ 788/1256] desodorante... ✅
  [ 789/1256] desodorante_de_roll-on... ✅
  [ 790/1256] desojado,_da... ✅
  [ 791/1256] desorden... ✅
  [ 792/1256] desordenar... ✅
  [ 793/1256] desorejar... ✅
  [ 794/1256] desorillar... ✅
  [ 795/1256] desosillo... ✅
  [ 796/1256] desosirío... ✅
  [ 797/1256] despachar... ✅
  [ 798/1256] despacharrado,_da... ✅
  [ 799/1256] despacharse... ✅
  [ 800/1256] despacharse_con_el_cucharón... ✅
  [ 801/1256] despacharse_con_la_cuchara_grande... ✅
  [ 802/1256] despachurrador... ✅
  [ 803/1256] despachurrarse... ✅
  [ 804/1256] despalillar... ✅
  [ 805/1256] despalmar... ✅
  [ 806/1256] despalotar... ✅
  [ 807/1256] despampanar... ✅
  [ 808/1256] despampanillar... ✅
  [ 809/1256] despampanillarse... ✅
  [ 810/1256] desparasitar... ✅
  [ 811/1256] desparpajarse... ✅
  [ 812/1256] desparramar... ✅
  [ 813/1256] despasar... ✅
  [ 814/1256] despasear... ✅
  [ 815/1256] despatarrado,_da... ✅
  [ 816/1256] despatarrarse... ✅
  [ 817/1256] despatillado,_da... ✅
  [ 818/1256] despatillar... ✅
  [ 819/1256] despatillarse... ✅
  [ 820/1256] despatriar... ✅
  [ 821/1256] despaturrar... ✅
  [ 822/1256] despaturrarse... ✅
  [ 823/1256] despear... ✅
  [ 824/1256] despechar... ✅
  [ 825/1256] despecho... ✅
  [ 826/1256] despecotar... ✅
  [ 827/1256] despedida_de_año... ✅
  [ 828/1256] despeinar... ✅
  [ 829/1256] despelucar... ✅
  [ 830/1256] despelucarse... ✅
  [ 831/1256] despeluzar... ✅
  [ 832/1256] despeluzarse... ✅
  [ 833/1256] despendejarse... ✅
  [ 834/1256] despepitar... ✅
  [ 835/1256] despercatarse... ✅
  [ 836/1256] despercudido,_da... ✅
  [ 837/1256] desperdicio... ✅
  [ 838/1256] desperdicios_sólidos... ✅
  [ 839/1256] despernancarse... ✅
  [ 840/1256] despertar_conciencia... ✅
  [ 841/1256] despescuezar... ✅
  [ 842/1256] despescuezarse... ✅
  [ 843/1256] despezoñar... ✅
  [ 844/1256] despezuñarse... ✅
  [ 845/1256] despicarse... ✅
  [ 846/1256] despichar... ✅
  [ 847/1256] despingue... ✅
  [ 848/1256] despintar... ✅
  [ 849/1256] desplacado,_da... ✅
  [ 850/1256] desplacar... ✅
  [ 851/1256] desplayado,_da... ✅
  [ 852/1256] despojar... ✅
  [ 853/1256] despojo... ✅
  [ 854/1256] despostillar... ✅
  [ 855/1256] desprender... ✅
  [ 856/1256] desprive... ✅
  [ 857/1256] despuesito... ✅
  [ 858/1256] despulpadora... ✅
  [ 859/1256] despulpar... ✅
  [ 860/1256] despulpe... ✅
  [ 861/1256] despuntado... ✅
  [ 862/1256] despurgador... ✅
  [ 863/1256] desrabadillar... ✅
  [ 864/1256] desrabadillarse... ✅
  [ 865/1256] desrancharse... ✅
  [ 866/1256] desriscar... ✅
  [ 867/1256] destapador... ✅
  [ 868/1256] destapar... ✅
  [ 869/1256] destarabillado,_da... ✅
  [ 870/1256] destarabillar... ✅
  [ 871/1256] destarabillarse... ✅
  [ 872/1256] destartabillado,_da... ✅
  [ 873/1256] destartalar... ✅
  [ 874/1256] destartalarse... ✅
  [ 875/1256] destartalo... ✅
  [ 876/1256] destasajar... ✅
  [ 877/1256] desternerar... ✅
  [ 878/1256] desternillarse... ✅
  [ 879/1256] destetunarse... ✅
  [ 880/1256] destinación... ✅
  [ 881/1256] destinterarse... ✅
  [ 882/1256] destoconar... ✅
  [ 883/1256] destontillado,_da... ✅
  [ 884/1256] destontillarse... ✅
  [ 885/1256] destornillado,_da... ✅
  [ 886/1256] destornillarse... ✅
  [ 887/1256] destornudar... ✅
  [ 888/1256] destornudo... ✅
  [ 889/1256] destortillado,_da... ✅
  [ 890/1256] destortillar... ✅
  [ 891/1256] destortillarse... ✅
  [ 892/1256] destortolado,_da... ✅
  [ 893/1256] destostusar... ✅
  [ 894/1256] destostuzar... ✅
  [ 895/1256] destostuzarse... ✅
  [ 896/1256] destrancar... ✅
  [ 897/1256] destratar... ✅
  [ 898/1256] destreza... ✅
  [ 899/1256] destroncarse... ✅
  [ 900/1256] destruir_evidencia... ✅
  [ 901/1256] destucar... ✅
  [ 902/1256] destusar... ✅
  [ 903/1256] destusarse... ✅
  [ 904/1256] destutanarse... ✅
  [ 905/1256] desurtido,_da... ✅
  [ 906/1256] desurtir... ✅
  [ 907/1256] desvanecerse... ✅
  [ 908/1256] desvanecido,_da... ✅
  [ 909/1256] desvaneo... ✅
  [ 910/1256] desvasar... ✅
  [ 911/1256] desvaído,_da... ✅
  [ 912/1256] desvielado,_da... ✅
  [ 913/1256] desvío... ✅
  [ 914/1256] desyemado,_da... ✅
  [ 915/1256] desyemarse... ✅
  [ 916/1256] desyerba... ✅
  [ 917/1256] desyerbado,_da... ✅
  [ 918/1256] desyerbo... ✅
  [ 919/1256] desyerbo_de_cara... ✅
  [ 920/1256] detectar... ✅
  [ 921/1256] detective... ✅
  [ 922/1256] detectivesco,_ca... ✅
  [ 923/1256] detrimental... ✅
  [ 924/1256] detrás... ✅
  [ 925/1256] devanado,_da... ✅
  [ 926/1256] devanador... ✅
  [ 927/1256] devanadora... ✅
  [ 928/1256] devanar_el_hilo_de_la_conversación... ✅
  [ 929/1256] devanarse_los_sesos... ✅
  [ 930/1256] development_fee... ✅
  [ 931/1256] devolver_la_llamada... ✅
  [ 932/1256] devolverse... ✅
  [ 933/1256] diabla... ✅
  [ 934/1256] diablillo... ✅
  [ 935/1256] diablito... ✅
  [ 936/1256] diablo... ✅
  [ 937/1256] diablo_montado_en_bicicleta... ✅
  [ 938/1256] diablotín... ✅
  [ 939/1256] diacanán... ✅
  [ 940/1256] diahaca... ✅
  [ 941/1256] diahutía... ✅
  [ 942/1256] dial-up... ✅
  [ 943/1256] dial... ✅
  [ 944/1256] dial_up... ✅
  [ 945/1256] diamante... ✅
  [ 946/1256] diamela... ✅
  [ 947/1256] diapana... ✅
  [ 948/1256] diario... ✅
  [ 949/1256] diarismo... ✅
  [ 950/1256] diarrea... ✅
  [ 951/1256] dibidibi... ✅
  [ 952/1256] dibujar... ✅
  [ 953/1256] dictado... ✅
  [ 954/1256] dictáfono... ✅
  [ 955/1256] dida... ✅
  [ 956/1256] diente_de_león... ✅
  [ 957/1256] diente_de_perro... ✅
  [ 958/1256] diente_perro... ✅
  [ 959/1256] dientes_cómeme... ✅
  [ 960/1256] dientón... ✅
  [ 961/1256] diesel... ✅
  [ 962/1256] dieta_balanceada... ✅
  [ 963/1256] dietario,_ria... ✅
  [ 964/1256] dietista... ✅
  [ 965/1256] dificultoso,_sa... ✅
  [ 966/1256] digero... ✅
  [ 967/1256] digger... ✅
  [ 968/1256] digital... ✅
  [ 969/1256] digitalización... ✅
  [ 970/1256] digitalizado,_da... ✅
  [ 971/1256] digitalizar... ✅
  [ 972/1256] digo... ✅
  [ 973/1256] dihaca... ✅
  [ 974/1256] dilatarse... ✅
  [ 975/1256] dildo... ✅
  [ 976/1256] diligencia... ✅
  [ 977/1256] diligenciar... ✅
  [ 978/1256] diloriar... ✅
  [ 979/1256] dime... ✅
  [ 980/1256] dimmer... ✅
  [ 981/1256] dinner_jacket... ✅
  [ 982/1256] dintel... ✅
  [ 983/1256] dinámica... ✅
  [ 984/1256] dinámica_de_grupo... ✅
  [ 985/1256] dip... ✅
  [ 986/1256] dipear... ✅
  [ 987/1256] diquivoque... ✅
  [ 988/1256] dir... ✅
  [ 989/1256] dirección... ✅
  [ 990/1256] directiva... ✅
  [ 991/1256] dirigente... ✅
  [ 992/1256] dirty... ✅
  [ 993/1256] disbarment... ✅
  [ 994/1256] disc_jockey... ✅
  [ 995/1256] discado... ✅
  [ 996/1256] discado_directo... ✅
  [ 997/1256] discapacitado,_da... ✅
  [ 998/1256] discar... ✅
  [ 999/1256] dischar... ✅
  [1000/1256] discharge... ✅
  [1001/1256] disco... ✅
  [1002/1256] disco_boy... ✅
  [1003/1256] disco_compacto... ✅
  [1004/1256] disco_de_larga_duración... ✅
  [1005/1256] disco_duro... ✅
  [1006/1256] disco_party... ✅
  [1007/1256] disco_rayado... ✅
  [1008/1256] disco_removible... ✅
  [1009/1256] discos... ✅
  [1010/1256] discotequear... ✅
  [1011/1256] discount... ✅
  [1012/1256] discount_coupon... ✅
  [1013/1256] discreto,_ta... ✅
  [1014/1256] discrimen... ✅
  [1015/1256] disecador... ✅
  [1016/1256] disectar... ✅
  [1017/1256] disentería_de_sangre... ✅
  [1018/1256] disertación... ✅
  [1019/1256] disgusto_de_matrimonio... ✅
  [1020/1256] dishwasher... ✅
  [1021/1256] disipela... ✅
  [1022/1256] disk_jockey... ✅
  [1023/1256] disk_jokey... ✅
  [1024/1256] diskette... ✅
  [1025/1256] disparar... ✅
  [1026/1256] dispararse... ✅
  [1027/1256] dispararse_de_la_vaqueta... ✅
  [1028/1256] dispararse_una_maroma... ✅
  [1029/1256] disparatear... ✅
  [1030/1256] disparatero,_ra... ✅
  [1031/1256] disparo... ✅
  [1032/1256] display... ✅
  [1033/1256] disponer... ✅
  [1034/1256] distemperoso,_sa... ✅
  [1035/1256] distintivo... ✅
  [1036/1256] distress... ✅
  [1037/1256] distrital... ✅
  [1038/1256] distrito... ✅
  [1039/1256] dita... ✅
  [1040/1256] ditaíno... ✅
  [1041/1256] ditero,_ra... ✅
  [1042/1256] ditero... ✅
  [1043/1256] divariar... ✅
  [1044/1256] dividive... ✅
  [1045/1256] dividivi... ✅
  [1046/1256] dividí... ✅
  [1047/1256] dividí_(dvd)... ✅
  [1048/1256] divisionismo... ✅
  [1049/1256] división... ✅
  [1050/1256] dixieland... ✅
  [1051/1256] dizque... ✅
  [1052/1256] diácono... ✅
  [1053/1256] diésel... ✅
  [1054/1256] dmz... ✅
  [1055/1256] dna... ✅
  [1056/1256] doblado,_da... ✅
  [1057/1256] doblar_el_moco... ✅
  [1058/1256] doblar_el_paquete... ✅
  [1059/1256] doble... ✅
  [1060/1256] doble_click... ✅
  [1061/1256] doble_juego... ✅
  [1062/1256] doble_jugada... ✅
  [1063/1256] doble_matanza... ✅
  [1064/1256] doble_play... ✅
  [1065/1256] doble_u... ✅
  [1066/1256] doblefilo... ✅
  [1067/1256] doblete... ✅
  [1068/1256] dog_leg... ✅
  [1069/1256] dogao... ✅
  [1070/1256] doggie_bag... ✅
  [1071/1256] doggy_bag... ✅
  [1072/1256] doggybag... ✅
  [1073/1256] dogout... ✅
  [1074/1256] dolama... ✅
  [1075/1256] dolarización... ✅
  [1076/1256] dolfín... ✅
  [1077/1256] dolly... ✅
  [1078/1256] dolor_correlativo... ✅
  [1079/1256] dolorosa... ✅
  [1080/1256] domain... ✅
  [1081/1256] domi... ✅
  [1082/1256] domingo... ✅
  [1083/1256] domingo_de_pascua... ✅
  [1084/1256] dominicano... ✅
  [1085/1256] dominico... ✅
  [1086/1256] dominio... ✅
  [1087/1256] dompedro... ✅
  [1088/1256] domplín... ✅
  [1089/1256] doméstico,_ca... ✅
  [1090/1256] doméstico... ✅
  [1091/1256] don... ✅
  [1092/1256] don_pedro... ✅
  [1093/1256] don_q... ✅
  [1094/1256] don_tomás... ✅
  [1095/1256] dona... ✅
  [1096/1256] donaca... ✅
  [1097/1256] doncella... ✅
  [1098/1256] doncellía... ✅
  [1099/1256] doncú... ✅
  [1100/1256] donde_el_diablo_tiró_tres_gritos... ✅
  [1101/1256] dondiego... ✅
  [1102/1256] dondiego_de_noche... ✅
  [1103/1256] donguey... ✅
  [1104/1256] dongüey... ✅
  [1105/1256] donquear... ✅
  [1106/1256] donqueo... ✅
  [1107/1256] donquiar... ✅
  [1108/1256] dontomás... ✅
  [1109/1256] don’t_push_it... ✅
  [1110/1256] dopado,_da... ✅
  [1111/1256] dopaje... ✅
  [1112/1256] dopar... ✅
  [1113/1256] doping... ✅
  [1114/1256] doppler... ✅
  [1115/1256] doradeño,_ña... ✅
  [1116/1256] doradilla... ✅
  [1117/1256] dorado... ✅
  [1118/1256] doraíto... ✅
  [1119/1256] dorm... ✅
  [1120/1256] dormidera... ✅
  [1121/1256] dormidero... ✅
  [1122/1256] dormilón... ✅
  [1123/1256] dormir... ✅
  [1124/1256] dormir_como_yuca... ✅
  [1125/1256] dormir_con_un_ojo_abierto... ✅
  [1126/1256] dormir_la_mona... ✅
  [1127/1256] dos... ✅
  [1128/1256] double_cross... ✅
  [1129/1256] double_enrollment... ✅
  [1130/1256] double_interest... ✅
  [1131/1256] double_play... ✅
  [1132/1256] down... ✅
  [1133/1256] down_jacket... ✅
  [1134/1256] down_payment... ✅
  [1135/1256] download... ✅
  [1136/1256] download_to_own... ✅
  [1137/1256] downloading... ✅
  [1138/1256] downtown... ✅
  [1139/1256] doña... ✅
  [1140/1256] doña_blanca... ✅
  [1141/1256] doña_pancha... ✅
  [1142/1256] doña_tecla... ✅
  [1143/1256] doñita... ✅
  [1144/1256] draft... ✅
  [1145/1256] draga... ✅
  [1146/1256] dragueo... ✅
  [1147/1256] dragón... ✅
  [1148/1256] drain_conveyor... ✅
  [1149/1256] dramático,_ca... ✅
  [1150/1256] drapa... ✅
  [1151/1256] dream_team... ✅
  [1152/1256] dressing... ✅
  [1153/1256] dressing_room... ✅
  [1154/1256] dressy... ✅
  [1155/1256] dribble... ✅
  [1156/1256] driblar... ✅
  [1157/1256] driblear... ✅
  [1158/1256] dribleo... ✅
  [1159/1256] dril... ✅
  [1160/1256] drill... ✅
  [1161/1256] drill_(and_practice)... ✅
  [1162/1256] drill_(team)... ✅
  [1163/1256] drink... ✅
  [1164/1256] drinque... ✅
  [1165/1256] drive... ✅
  [1166/1256] drive_in... ✅
  [1167/1256] drive_through... ✅
  [1168/1256] driver... ✅
  [1169/1256] driveway... ✅
  [1170/1256] driving_range... ✅
  [1171/1256] driving_school... ✅
  [1172/1256] droga... ✅
  [1173/1256] droga_blanda... ✅
  [1174/1256] droga_dura... ✅
  [1175/1256] drogadicción... ✅
  [1176/1256] drogadicto,_ta... ✅
  [1177/1256] drogas_sociales... ✅
  [1178/1256] drogo,_ga... ✅
  [1179/1256] drogo_malo... ✅
  [1180/1256] drogodependencia... ✅
  [1181/1256] drogodependiente... ✅
  [1182/1256] droguería... ✅
  [1183/1256] droguita... ✅
  [1184/1256] drogón... ✅
  [1185/1256] dron... ✅
  [1186/1256] drop_out... ✅
  [1187/1256] dropeado,_da... ✅
  [1188/1256] dropear... ✅
  [1189/1256] dropearse... ✅
  [1190/1256] dropiar... ✅
  [1191/1256] dropiarse... ✅
  [1192/1256] drug_dealer... ✅
  [1193/1256] drug_store... ✅
  [1194/1256] drugstore... ✅
  [1195/1256] drum... ✅
  [1196/1256] drum_(and_bass)... ✅
  [1197/1256] dry_clean... ✅
  [1198/1256] dry_cleaner... ✅
  [1199/1256] dry_cleaning... ✅
  [1200/1256] dsl... ✅
  [1201/1256] dubi... ✅
  [1202/1256] dubidubi... ✅
  [1203/1256] duchazo... ✅
  [1204/1256] ducho,_cha... ✅
  [1205/1256] ducto... ✅
  [1206/1256] duende... ✅
  [1207/1256] dueto... ✅
  [1208/1256] dugout... ✅
  [1209/1256] duho... ✅
  [1210/1256] dujo... ✅
  [1211/1256] dulce... ✅
  [1212/1256] dulce_de_batea... ✅
  [1213/1256] dulce_de_coco... ✅
  [1214/1256] dulce_de_lechosa... ✅
  [1215/1256] dulce_de_naranja_prieta... ✅
  [1216/1256] dulce_de_palito... ✅
  [1217/1256] dulce_en_palito... ✅
  [1218/1256] dulce_podrido... ✅
  [1219/1256] dulzón,_na... ✅
  [1220/1256] dumbbell... ✅
  [1221/1256] dummy... ✅
  [1222/1256] dumping... ✅
  [1223/1256] dumpling... ✅
  [1224/1256] dundún... ✅
  [1225/1256] dunguey... ✅
  [1226/1256] dunguey_blanco... ✅
  [1227/1256] dunkear... ✅
  [1228/1256] duplex... ✅
  [1229/1256] duraco,_ca... ✅
  [1230/1256] durante_largo_tiempo... ✅
  [1231/1256] duranza... ✅
  [1232/1256] durmiente... ✅
  [1233/1256] duro,_ra... ✅
  [1234/1256] duro... ✅
  [1235/1256] duro_como_el_ausubo... ✅
  [1236/1256] duro_como_el_cemento... ✅
  [1237/1256] duro_como_el_coyor... ✅
  [1238/1256] duro_como_el_guayacán... ✅
  [1239/1256] duro_como_un_ausubo... ✅
  [1240/1256] duro_de_vicio... ✅
  [1241/1256] durísimo,_ma... ✅
  [1242/1256] duscunchuflado,_da... ✅
  [1243/1256] duty_free_shop... ✅
  [1244/1256] dvd-rom... ✅
  [1245/1256] dvd... ✅
  [1246/1256] dátil... ✅
  [1247/1256] dátile... ✅
  [1248/1256] déficit_de_atención... ✅
  [1249/1256] déficit_estructural... ✅
  [1250/1256] día_de_año_viejo... ✅
  [1251/1256] día_de_fuga... ✅
  [1252/1256] día_de_los_muertos... ✅
  [1253/1256] día_foguero... ✅
  [1254/1256] día_por_medio... ✅
  [1255/1256] dígrafo... ✅
  [1256/1256] dólar... ✅

================================================================================
CONSOLIDATION COMPLETE
================================================================================
  Letter:        D
  Processed:     1256
  Failed:        0
  Output folder: /Users/andrewcasanova/Documents/data_science_projects/ai_projects/TESORO_BORICUA/webscrape/data/preprocessed_tesoro_v2/d


================================================================================
CONSOLIDATING LETTER 'E' - 1895 words
================================================================================

  [   1/1895] e-book... ✅
  [   2/1895] e-learning... ✅
  [   3/1895] e-mail... ✅
  [   4/1895] easy... ✅
  [   5/1895] easy_open... ✅
  [   6/1895] easy_payment... ✅
  [   7/1895] ebonificación... ✅
  [   8/1895] echado,_da... ✅
  [   9/1895] echar... ✅
  [  10/1895] echar_a_jurta... ✅
  [  11/1895] echar_al_perro... ✅
  [  12/1895] echar_caldo... ✅
  [  13/1895] echar_el_caqui... ✅
  [  14/1895] echar_el_guante_de_repente... ✅
  [  15/1895] echar_en_boche... ✅
  [  16/1895] echar_humo_por_las_orejas... ✅
  [  17/1895] echar_la_comida_en_la_boca_y_mover_la_quijada... ✅
  [  18/1895] echar_la_soga_al_cuello... ✅
  [  19/1895] echar_las_cacas... ✅
  [  20/1895] echar_lonjas... ✅
  [  21/1895] echar_los_perros... ✅
  [  22/1895] echar_los_veinte... ✅
  [  23/1895] echar_manos_al_bulto... ✅
  [  24/1895] echar_maíz_a_la_pava... ✅
  [  25/1895] echar_para_acá... ✅
  [  26/1895] echar_para_adelante... ✅
  [  27/1895] echar_para_allá... ✅
  [  28/1895] echar_para_atrás... ✅
  [  29/1895] echar_pichón... ✅
  [  30/1895] echar_polvo... ✅
  [  31/1895] echar_por_copas... ✅
  [  32/1895] echar_sesos... ✅
  [  33/1895] echar_sombras... ✅
  [  34/1895] echar_un_boche... ✅
  [  35/1895] echar_un_boche_a_alguien... ✅
  [  36/1895] echar_un_boche_a_otra_persona... ✅
  [  37/1895] echar_un_brujo... ✅
  [  38/1895] echar_un_canelo... ✅
  [  39/1895] echar_un_evidente... ✅
  [  40/1895] echar_un_fufú... ✅
  [  41/1895] echar_un_guarapo... ✅
  [  42/1895] echar_un_palo... ✅
  [  43/1895] echar_un_pie... ✅
  [  44/1895] echar_un_polvo... ✅
  [  45/1895] echar_un_vellón... ✅
  [  46/1895] echar_un_yacó_a_alguien... ✅
  [  47/1895] echar_una_carta_al_correo... ✅
  [  48/1895] echar_una_cocinita... ✅
  [  49/1895] echar_una_criolla... ✅
  [  50/1895] echar_una_pachangá... ✅
  [  51/1895] echar_una_tala... ✅
  [  52/1895] echar_vellón... ✅
  [  53/1895] echarle_la_comida_en_la_boca_y_moverle_la_quijada... ✅
  [  54/1895] echarse... ✅
  [  55/1895] echarse_una_jurta... ✅
  [  56/1895] echonería... ✅
  [  57/1895] echárselas... ✅
  [  58/1895] echárselas_de... ✅
  [  59/1895] echárselas_de_café_con_leche... ✅
  [  60/1895] echárselas_de_chivo_aventao... ✅
  [  61/1895] echárselas_de_martínez_campos... ✅
  [  62/1895] echárselas_de_taco... ✅
  [  63/1895] echón,_na... ✅
  [  64/1895] economía_de_mercado... ✅
  [  65/1895] economía_subterránea... ✅
  [  66/1895] economía_sumergida... ✅
  [  67/1895] ecualizar... ✅
  [  68/1895] ecónomo... ✅
  [  69/1895] edificio_enfermo... ✅
  [  70/1895] editar... ✅
  [  71/1895] editor,_ra... ✅
  [  72/1895] editor_(de_texto)... ✅
  [  73/1895] edublog... ✅
  [  74/1895] educación_física... ✅
  [  75/1895] efectivamente... ✅
  [  76/1895] efectividad... ✅
  [  77/1895] efectivo,_va... ✅
  [  78/1895] eflecar... ✅
  [  79/1895] efleta... ✅
  [  80/1895] egg_roll... ✅
  [  81/1895] egipcio... ✅
  [  82/1895] egoísta... ✅
  [  83/1895] egresado,_da... ✅
  [  84/1895] eierí... ✅
  [  85/1895] eja... ✅
  [  86/1895] ejecutivo,_va... ✅
  [  87/1895] ejecutoria... ✅
  [  88/1895] el_bofe_hincha... ✅
  [  89/1895] el_moño_virado... ✅
  [  90/1895] el_que_esculca_yagua_viejas,_suele_encontrar_cucarachas... ✅
  [  91/1895] el_que_no_tiene_dinga_tiene_mandinga... ✅
  [  92/1895] el_que_no_tiene_tinga_tiene_mandinga... ✅
  [  93/1895] ela... ✅
  [  94/1895] elbi... ✅
  [  95/1895] elebepé... ✅
  [  96/1895] eleccionario,_ria... ✅
  [  97/1895] electrical_tape... ✅
  [  98/1895] electroshock... ✅
  [  99/1895] elegua... ✅
  [ 100/1895] eleguá... ✅
  [ 101/1895] elemental... ✅
  [ 102/1895] elementary_school... ✅
  [ 103/1895] elemento... ✅
  [ 104/1895] elepé... ✅
  [ 105/1895] eleto,_ta... ✅
  [ 106/1895] elevadis... ✅
  [ 107/1895] elevado,_da... ✅
  [ 108/1895] elevado... ✅
  [ 109/1895] elevador... ✅
  [ 110/1895] elevating... ✅
  [ 111/1895] elicitar... ✅
  [ 112/1895] ello_no... ✅
  [ 113/1895] ello_sí... ✅
  [ 114/1895] eléctrico,_ca... ✅
  [ 115/1895] email... ✅
  [ 116/1895] emajagua... ✅
  [ 117/1895] emajagual... ✅
  [ 118/1895] emajagüilla... ✅
  [ 119/1895] emanar... ✅
  [ 120/1895] embabacharse... ✅
  [ 121/1895] embachar... ✅
  [ 122/1895] embacharse... ✅
  [ 123/1895] embalado,_da... ✅
  [ 124/1895] embaladura... ✅
  [ 125/1895] embalar... ✅
  [ 126/1895] embalarse... ✅
  [ 127/1895] embarcar... ✅
  [ 128/1895] embarcarse... ✅
  [ 129/1895] embargue... ✅
  [ 130/1895] embarillarse... ✅
  [ 131/1895] embarnecer... ✅
  [ 132/1895] embarque... ✅
  [ 133/1895] embarrada... ✅
  [ 134/1895] embarrado,_da... ✅
  [ 135/1895] embarrar... ✅
  [ 136/1895] embarrarla... ✅
  [ 137/1895] embarrarse... ✅
  [ 138/1895] embarre... ✅
  [ 139/1895] embarrilarse... ✅
  [ 140/1895] embasadura... ✅
  [ 141/1895] embasar... ✅
  [ 142/1895] embasarse... ✅
  [ 143/1895] embejucado,_da... ✅
  [ 144/1895] embejucado... ✅
  [ 145/1895] embejucar... ✅
  [ 146/1895] embeleco... ✅
  [ 147/1895] embelequear... ✅
  [ 148/1895] embelequero,_ra... ✅
  [ 149/1895] embelequería... ✅
  [ 150/1895] embellacar... ✅
  [ 151/1895] embellacarse... ✅
  [ 152/1895] embellonarse... ✅
  [ 153/1895] emberrenchinarse... ✅
  [ 154/1895] embetunado,_da... ✅
  [ 155/1895] embetunar... ✅
  [ 156/1895] embetunarse... ✅
  [ 157/1895] embicar... ✅
  [ 158/1895] embichar... ✅
  [ 159/1895] embicharse... ✅
  [ 160/1895] embijar... ✅
  [ 161/1895] embique... ✅
  [ 162/1895] embobar... ✅
  [ 163/1895] embobinar... ✅
  [ 164/1895] embobinarse... ✅
  [ 165/1895] embolar... ✅
  [ 166/1895] embolazar... ✅
  [ 167/1895] embolichar... ✅
  [ 168/1895] embolicharse... ✅
  [ 169/1895] embolinado,_da... ✅
  [ 170/1895] emboliscarse... ✅
  [ 171/1895] embolismo... ✅
  [ 172/1895] embollado,_da... ✅
  [ 173/1895] embollar... ✅
  [ 174/1895] embollarse... ✅
  [ 175/1895] embolle... ✅
  [ 176/1895] embolsar... ✅
  [ 177/1895] embolsicar... ✅
  [ 178/1895] embolsillarse... ✅
  [ 179/1895] embono... ✅
  [ 180/1895] emboquetar... ✅
  [ 181/1895] emboquillar... ✅
  [ 182/1895] emborrachar... ✅
  [ 183/1895] emborregado... ✅
  [ 184/1895] emborujado,_da... ✅
  [ 185/1895] emborujador,_ra... ✅
  [ 186/1895] emborujar... ✅
  [ 187/1895] emborujarse... ✅
  [ 188/1895] emborujo... ✅
  [ 189/1895] embotar... ✅
  [ 190/1895] embotellarse... ✅
  [ 191/1895] embragado,_da... ✅
  [ 192/1895] embretarse... ✅
  [ 193/1895] embriague... ✅
  [ 194/1895] embriscamiento... ✅
  [ 195/1895] embriscar... ✅
  [ 196/1895] embriscarse... ✅
  [ 197/1895] embrisque... ✅
  [ 198/1895] embrolla... ✅
  [ 199/1895] embrollado,_da... ✅
  [ 200/1895] embrollarse... ✅
  [ 201/1895] embrollón,_na... ✅
  [ 202/1895] embromar... ✅
  [ 203/1895] embromarse... ✅
  [ 204/1895] embromón,_na... ✅
  [ 205/1895] embruscar... ✅
  [ 206/1895] embruscarse... ✅
  [ 207/1895] embuchado,_da... ✅
  [ 208/1895] embuchado... ✅
  [ 209/1895] embuchamiento... ✅
  [ 210/1895] embucharse... ✅
  [ 211/1895] embuche... ✅
  [ 212/1895] embudo... ✅
  [ 213/1895] embullo... ✅
  [ 214/1895] emburrar... ✅
  [ 215/1895] emburrar_pasto... ✅
  [ 216/1895] emburujado,_da... ✅
  [ 217/1895] emburujador,_ra... ✅
  [ 218/1895] emburujar... ✅
  [ 219/1895] emburujo... ✅
  [ 220/1895] embustería... ✅
  [ 221/1895] emergencia... ✅
  [ 222/1895] emergente... ✅
  [ 223/1895] emoticon... ✅
  [ 224/1895] emoticono... ✅
  [ 225/1895] emoticón... ✅
  [ 226/1895] empacar... ✅
  [ 227/1895] empache... ✅
  [ 228/1895] empacho... ✅
  [ 229/1895] empacinarse... ✅
  [ 230/1895] empadronador... ✅
  [ 231/1895] empadronamiento... ✅
  [ 232/1895] empadronar... ✅
  [ 233/1895] empajada... ✅
  [ 234/1895] empajarse... ✅
  [ 235/1895] empalabrar... ✅
  [ 236/1895] empalabrarse... ✅
  [ 237/1895] empanada... ✅
  [ 238/1895] empancinado,_da... ✅
  [ 239/1895] empancinamiento... ✅
  [ 240/1895] empancinarse... ✅
  [ 241/1895] empandillarse... ✅
  [ 242/1895] empanjarse... ✅
  [ 243/1895] empantalonarse... ✅
  [ 244/1895] empapar... ✅
  [ 245/1895] empaque... ✅
  [ 246/1895] empaquetador,_ra... ✅
  [ 247/1895] empaquetadura... ✅
  [ 248/1895] empaquetar... ✅
  [ 249/1895] emparejar... ✅
  [ 250/1895] emparrillar... ✅
  [ 251/1895] empatadura... ✅
  [ 252/1895] empatar... ✅
  [ 253/1895] empatarse... ✅
  [ 254/1895] empate... ✅
  [ 255/1895] empavonar... ✅
  [ 256/1895] empañetado,_da... ✅
  [ 257/1895] empañetado... ✅
  [ 258/1895] empañetar... ✅
  [ 259/1895] empañetarse... ✅
  [ 260/1895] empedernirse... ✅
  [ 261/1895] empella... ✅
  [ 262/1895] empellar... ✅
  [ 263/1895] empelotarse... ✅
  [ 264/1895] empepado,_da... ✅
  [ 265/1895] empepe... ✅
  [ 266/1895] emperatriz_de_la_selva... ✅
  [ 267/1895] emperchado... ✅
  [ 268/1895] emperchador,_ra... ✅
  [ 269/1895] emperchar... ✅
  [ 270/1895] empercharse... ✅
  [ 271/1895] empericado,_da... ✅
  [ 272/1895] empericar... ✅
  [ 273/1895] empericarse... ✅
  [ 274/1895] emperifollado,_da... ✅
  [ 275/1895] emperramiento... ✅
  [ 276/1895] empeñosidad... ✅
  [ 277/1895] empilonar... ✅
  [ 278/1895] empinar... ✅
  [ 279/1895] empipada... ✅
  [ 280/1895] empiparse... ✅
  [ 281/1895] emplantillar... ✅
  [ 282/1895] emplaste... ✅
  [ 283/1895] emplastes... ✅
  [ 284/1895] emplasto... ✅
  [ 285/1895] empleado_de_cuello_blanco... ✅
  [ 286/1895] empleado_de_mantenimiento... ✅
  [ 287/1895] empleado_público... ✅
  [ 288/1895] empleador... ✅
  [ 289/1895] emplegostarse... ✅
  [ 290/1895] emplegoste... ✅
  [ 291/1895] empleita... ✅
  [ 292/1895] empleomanía... ✅
  [ 293/1895] emplumado... ✅
  [ 294/1895] emplumar... ✅
  [ 295/1895] emplumarse... ✅
  [ 296/1895] empoderamiento... ✅
  [ 297/1895] empoderar... ✅
  [ 298/1895] empolleta... ✅
  [ 299/1895] empollón,_na... ✅
  [ 300/1895] empoltronarse... ✅
  [ 301/1895] emponzoñamiento... ✅
  [ 302/1895] emponzoñar... ✅
  [ 303/1895] emponzoñarse... ✅
  [ 304/1895] empotricarse... ✅
  [ 305/1895] empotrillarse... ✅
  [ 306/1895] empowerment... ✅
  [ 307/1895] empozarse... ✅
  [ 308/1895] emprendado,_da... ✅
  [ 309/1895] empresarismo... ✅
  [ 310/1895] emprestar... ✅
  [ 311/1895] emprimar... ✅
  [ 312/1895] emprincipiar... ✅
  [ 313/1895] emprincipio... ✅
  [ 314/1895] emproar... ✅
  [ 315/1895] empropio,_pia... ✅
  [ 316/1895] empropuesta... ✅
  [ 317/1895] empréstamo... ✅
  [ 318/1895] empty... ✅
  [ 319/1895] empujador... ✅
  [ 320/1895] empujar... ✅
  [ 321/1895] empuntar... ✅
  [ 322/1895] empuñadura... ✅
  [ 323/1895] empuñar... ✅
  [ 324/1895] emulsificar... ✅
  [ 325/1895] emígrafe... ✅
  [ 326/1895] en_abonos... ✅
  [ 327/1895] en_adición_a... ✅
  [ 328/1895] en_baja... ✅
  [ 329/1895] en_base_a... ✅
  [ 330/1895] en_blanco_y_negro... ✅
  [ 331/1895] en_bold... ✅
  [ 332/1895] en_bruto... ✅
  [ 333/1895] en_buen_criollo... ✅
  [ 334/1895] en_cantidad... ✅
  [ 335/1895] en_cantidad_industrial... ✅
  [ 336/1895] en_casa_del_carajo... ✅
  [ 337/1895] en_casa_del_demonio... ✅
  [ 338/1895] en_compaña_de... ✅
  [ 339/1895] en_cospe... ✅
  [ 340/1895] en_cualquier_liga... ✅
  [ 341/1895] en_cuantito_que... ✅
  [ 342/1895] en_derechura... ✅
  [ 343/1895] en_dos... ✅
  [ 344/1895] en_dos_patadas... ✅
  [ 345/1895] en_dos_por_tres... ✅
  [ 346/1895] en_el_año_de_las_guácaras... ✅
  [ 347/1895] en_el_erizo... ✅
  [ 348/1895] en_el_field... ✅
  [ 349/1895] en_el_tiempo_de_las_guácaras... ✅
  [ 350/1895] en_exceso_de... ✅
  [ 351/1895] en_hold... ✅
  [ 352/1895] en_jamás... ✅
  [ 353/1895] en_la_línea... ✅
  [ 354/1895] en_la_mañana... ✅
  [ 355/1895] en_la_tarde... ✅
  [ 356/1895] en_las_cabañuelas... ✅
  [ 357/1895] en_las_latas... ✅
  [ 358/1895] en_las_rocas... ✅
  [ 359/1895] en_lo_absoluto... ✅
  [ 360/1895] en_línea... ✅
  [ 361/1895] en_mancuerna... ✅
  [ 362/1895] en_mengua_de... ✅
  [ 363/1895] en_mi_opinión_personal... ✅
  [ 364/1895] en_orden_a... ✅
  [ 365/1895] en_pacotilla... ✅
  [ 366/1895] en_pantaleta... ✅
  [ 367/1895] en_picada... ✅
  [ 368/1895] en_principio... ✅
  [ 369/1895] en_real_time... ✅
  [ 370/1895] en_relación_a... ✅
  [ 371/1895] en_slide... ✅
  [ 372/1895] en_tiempo_real... ✅
  [ 373/1895] en_tocante_a... ✅
  [ 374/1895] en_tres_patadas... ✅
  [ 375/1895] en_tránsito... ✅
  [ 376/1895] en_términos_de... ✅
  [ 377/1895] en_un_bendito... ✅
  [ 378/1895] en_un_bendito_alabao... ✅
  [ 379/1895] en_un_brinco... ✅
  [ 380/1895] en_un_credo... ✅
  [ 381/1895] en_un_descuido... ✅
  [ 382/1895] en_un_hilito... ✅
  [ 383/1895] en_un_tris... ✅
  [ 384/1895] en_un_trisito... ✅
  [ 385/1895] en_verbigracia... ✅
  [ 386/1895] en_vivo... ✅
  [ 387/1895] enagua... ✅
  [ 388/1895] enaltar... ✅
  [ 389/1895] enamorado... ✅
  [ 390/1895] enamorar... ✅
  [ 391/1895] enamorar_a_lo_divino... ✅
  [ 392/1895] enamorarse_a_lo_adivino... ✅
  [ 393/1895] enamorarse_a_lo_divino... ✅
  [ 394/1895] enamorisquearse... ✅
  [ 395/1895] enano,_na... ✅
  [ 396/1895] enano... ✅
  [ 397/1895] enano_americano... ✅
  [ 398/1895] enano_grande... ✅
  [ 399/1895] enano_pequeño... ✅
  [ 400/1895] enante... ✅
  [ 401/1895] enantes... ✅
  [ 402/1895] encabador,_ra... ✅
  [ 403/1895] encabar... ✅
  [ 404/1895] encabarse... ✅
  [ 405/1895] encabestrarse... ✅
  [ 406/1895] encabezado... ✅
  [ 407/1895] encabrestarse... ✅
  [ 408/1895] encabrillado,_da... ✅
  [ 409/1895] encabrillarse... ✅
  [ 410/1895] encabuya_y_vuelve_y_tira... ✅
  [ 411/1895] encabuyar... ✅
  [ 412/1895] encachado... ✅
  [ 413/1895] encachar... ✅
  [ 414/1895] encacharrar... ✅
  [ 415/1895] encachorrado,_da... ✅
  [ 416/1895] encachorrarse... ✅
  [ 417/1895] encadenarse... ✅
  [ 418/1895] encajar... ✅
  [ 419/1895] encaje... ✅
  [ 420/1895] encajonar... ✅
  [ 421/1895] encajonarse... ✅
  [ 422/1895] encajuelar... ✅
  [ 423/1895] encaladora... ✅
  [ 424/1895] encalambrar... ✅
  [ 425/1895] encalambrarse... ✅
  [ 426/1895] encalambrarse_a_uno... ✅
  [ 427/1895] encalambrinado,_da... ✅
  [ 428/1895] encalambucado,_da... ✅
  [ 429/1895] encalar... ✅
  [ 430/1895] encamado,_da... ✅
  [ 431/1895] encamar... ✅
  [ 432/1895] encampanamiento... ✅
  [ 433/1895] encampanar... ✅
  [ 434/1895] encampanar_la_chiringa... ✅
  [ 435/1895] encampanarse... ✅
  [ 436/1895] encanastar... ✅
  [ 437/1895] encandilar... ✅
  [ 438/1895] encandilar_cangrejos... ✅
  [ 439/1895] encandilar_jueyes... ✅
  [ 440/1895] encandilarse... ✅
  [ 441/1895] encangrinado,_da... ✅
  [ 442/1895] encanijado,_da... ✅
  [ 443/1895] encapillar... ✅
  [ 444/1895] encapotado,_da... ✅
  [ 445/1895] encapotarse... ✅
  [ 446/1895] encaracolar... ✅
  [ 447/1895] encaracolarse... ✅
  [ 448/1895] encarado,_da... ✅
  [ 449/1895] encaranublado... ✅
  [ 450/1895] encarcelación_emocional... ✅
  [ 451/1895] encargar... ✅
  [ 452/1895] encargo... ✅
  [ 453/1895] encarnar... ✅
  [ 454/1895] encarpetar... ✅
  [ 455/1895] encarruchar... ✅
  [ 456/1895] encartonado,_da... ✅
  [ 457/1895] encartonarse... ✅
  [ 458/1895] encartuchar... ✅
  [ 459/1895] encasillado,_da... ✅
  [ 460/1895] encasquillar... ✅
  [ 461/1895] encastador... ✅
  [ 462/1895] encastillar... ✅
  [ 463/1895] encañado,_da... ✅
  [ 464/1895] encañarse... ✅
  [ 465/1895] encañizado... ✅
  [ 466/1895] encañonado... ✅
  [ 467/1895] encañonarse... ✅
  [ 468/1895] encentrado,_da... ✅
  [ 469/1895] encerrada... ✅
  [ 470/1895] encetar... ✅
  [ 471/1895] enchalecado... ✅
  [ 472/1895] enchambrar... ✅
  [ 473/1895] enchapado,_da... ✅
  [ 474/1895] enchaquetarse... ✅
  [ 475/1895] enchaquetonarse... ✅
  [ 476/1895] encharcarse... ✅
  [ 477/1895] enchilarse... ✅
  [ 478/1895] enchilorar... ✅
  [ 479/1895] enchinar... ✅
  [ 480/1895] enchincharse... ✅
  [ 481/1895] enchiquerar... ✅
  [ 482/1895] enchiringado,_da... ✅
  [ 483/1895] enchismado,_da... ✅
  [ 484/1895] enchismar... ✅
  [ 485/1895] enchismarse... ✅
  [ 486/1895] enchivar... ✅
  [ 487/1895] enchivarse... ✅
  [ 488/1895] enchuchar... ✅
  [ 489/1895] enchucharse... ✅
  [ 490/1895] enchufarse... ✅
  [ 491/1895] enchufe... ✅
  [ 492/1895] enchufle... ✅
  [ 493/1895] enchulado,_da... ✅
  [ 494/1895] enchulamiento... ✅
  [ 495/1895] enchularse... ✅
  [ 496/1895] enchule... ✅
  [ 497/1895] enchumbada... ✅
  [ 498/1895] enchumbadero... ✅
  [ 499/1895] enchumbao... ✅
  [ 500/1895] enchumbar... ✅
  [ 501/1895] enchumbarse... ✅
  [ 502/1895] enciguatarse... ✅
  [ 503/1895] encimona... ✅
  [ 504/1895] encinilla... ✅
  [ 505/1895] enclenco,_ca... ✅
  [ 506/1895] encobarse... ✅
  [ 507/1895] encocorado,_da... ✅
  [ 508/1895] encocoramiento... ✅
  [ 509/1895] encojonado,_da... ✅
  [ 510/1895] encojonarse... ✅
  [ 511/1895] encolerarse... ✅
  [ 512/1895] encomenzar... ✅
  [ 513/1895] enconado,_da... ✅
  [ 514/1895] enconchabarse... ✅
  [ 515/1895] enconchado,_da... ✅
  [ 516/1895] enconchado... ✅
  [ 517/1895] enconcharse... ✅
  [ 518/1895] encontrado,_da... ✅
  [ 519/1895] encontronazo... ✅
  [ 520/1895] encontrón... ✅
  [ 521/1895] encorajado,_da... ✅
  [ 522/1895] encorajamiento... ✅
  [ 523/1895] encorchadura... ✅
  [ 524/1895] encorcovado,_da... ✅
  [ 525/1895] encorcovar... ✅
  [ 526/1895] encorselar... ✅
  [ 527/1895] encorselarse... ✅
  [ 528/1895] encrestar... ✅
  [ 529/1895] encuartelar... ✅
  [ 530/1895] encuentro... ✅
  [ 531/1895] encuevado,_da... ✅
  [ 532/1895] encuevarse... ✅
  [ 533/1895] encujado... ✅
  [ 534/1895] encujar... ✅
  [ 535/1895] enculecar... ✅
  [ 536/1895] enculecarse... ✅
  [ 537/1895] enculillarse... ✅
  [ 538/1895] encumbrío... ✅
  [ 539/1895] encurrucarse... ✅
  [ 540/1895] encurtido... ✅
  [ 541/1895] ende... ✅
  [ 542/1895] endecar... ✅
  [ 543/1895] endenantes... ✅
  [ 544/1895] endentro... ✅
  [ 545/1895] endespués... ✅
  [ 546/1895] endetrás... ✅
  [ 547/1895] endeveras... ✅
  [ 548/1895] endija... ✅
  [ 549/1895] endilgar... ✅
  [ 550/1895] endispués... ✅
  [ 551/1895] endonar... ✅
  [ 552/1895] endosar... ✅
  [ 553/1895] endoso... ✅
  [ 554/1895] endrogarse... ✅
  [ 555/1895] endulzante... ✅
  [ 556/1895] enemado,_da... ✅
  [ 557/1895] enemoscado... ✅
  [ 558/1895] enemosco... ✅
  [ 559/1895] energizar... ✅
  [ 560/1895] energy_saver... ✅
  [ 561/1895] enfadar... ✅
  [ 562/1895] enfaltricar... ✅
  [ 563/1895] enfaltricarse... ✅
  [ 564/1895] enfatizar... ✅
  [ 565/1895] enfermo,_ma... ✅
  [ 566/1895] enfermuno,_na... ✅
  [ 567/1895] enfiebrarse... ✅
  [ 568/1895] enfiestarse... ✅
  [ 569/1895] enflechar... ✅
  [ 570/1895] enfocado,_da... ✅
  [ 571/1895] enfogonado,_da... ✅
  [ 572/1895] enfogonao,_ná... ✅
  [ 573/1895] enfogonarse... ✅
  [ 574/1895] enfollinarse... ✅
  [ 575/1895] enfollonarse... ✅
  [ 576/1895] enforzar... ✅
  [ 577/1895] enfrascar... ✅
  [ 578/1895] enfrenado,_da... ✅
  [ 579/1895] enfrenar... ✅
  [ 580/1895] enfriar... ✅
  [ 581/1895] enfriarse... ✅
  [ 582/1895] enfunchao,_chá... ✅
  [ 583/1895] enfuncharse... ✅
  [ 584/1895] enfundio... ✅
  [ 585/1895] enfurgonar... ✅
  [ 586/1895] enfuscado,_da... ✅
  [ 587/1895] enfuscarse... ✅
  [ 588/1895] enfusque... ✅
  [ 589/1895] enfuñarse... ✅
  [ 590/1895] engabinar... ✅
  [ 591/1895] engafarse... ✅
  [ 592/1895] enganchador_de_cadena... ✅
  [ 593/1895] enganchar... ✅
  [ 594/1895] enganche... ✅
  [ 595/1895] engarabitar... ✅
  [ 596/1895] engarabitarse... ✅
  [ 597/1895] engarce... ✅
  [ 598/1895] engarfar... ✅
  [ 599/1895] engarrafador,_ra... ✅
  [ 600/1895] engarrafarse... ✅
  [ 601/1895] engarrotarse... ✅
  [ 602/1895] engarruñado,_da... ✅
  [ 603/1895] engarruñarse... ✅
  [ 604/1895] engavetar... ✅
  [ 605/1895] engavillar... ✅
  [ 606/1895] engañe... ✅
  [ 607/1895] engibrío,_bría... ✅
  [ 608/1895] engliñol... ✅
  [ 609/1895] engoar... ✅
  [ 610/1895] engodo... ✅
  [ 611/1895] engoe... ✅
  [ 612/1895] engomado,_da... ✅
  [ 613/1895] engomar... ✅
  [ 614/1895] engorrar... ✅
  [ 615/1895] engorre... ✅
  [ 616/1895] engorruñado,_da... ✅
  [ 617/1895] engoruñado,_da... ✅
  [ 618/1895] engramar... ✅
  [ 619/1895] engrampamiento... ✅
  [ 620/1895] engrampar... ✅
  [ 621/1895] engrasar... ✅
  [ 622/1895] engrasia... ✅
  [ 623/1895] engreído,_da... ✅
  [ 624/1895] engreír... ✅
  [ 625/1895] engreírse... ✅
  [ 626/1895] engribrío,_bría... ✅
  [ 627/1895] engrillar... ✅
  [ 628/1895] engrillarse... ✅
  [ 629/1895] engringolarse... ✅
  [ 630/1895] enguachinarse... ✅
  [ 631/1895] enguapetarse... ✅
  [ 632/1895] enguapetonarse... ✅
  [ 633/1895] enguaraparse... ✅
  [ 634/1895] enguarapetarse... ✅
  [ 635/1895] enguaretado,_da... ✅
  [ 636/1895] enguaretar... ✅
  [ 637/1895] enguaretarse... ✅
  [ 638/1895] enguayabarse... ✅
  [ 639/1895] enguayaberado,_da... ✅
  [ 640/1895] enguayaberarse... ✅
  [ 641/1895] enguayacado,_da... ✅
  [ 642/1895] enguayucado,_da... ✅
  [ 643/1895] enguañangado,_da... ✅
  [ 644/1895] enguir... ✅
  [ 645/1895] engullir... ✅
  [ 646/1895] engurruñarse... ✅
  [ 647/1895] engó... ✅
  [ 648/1895] engüerarse... ✅
  [ 649/1895] engüinchar... ✅
  [ 650/1895] enhicar... ✅
  [ 651/1895] enhorquetado,_da... ✅
  [ 652/1895] enhorquetar... ✅
  [ 653/1895] enhorquetarse... ✅
  [ 654/1895] enjabonada... ✅
  [ 655/1895] enjabonadura... ✅
  [ 656/1895] enjamás... ✅
  [ 657/1895] enjaranarse... ✅
  [ 658/1895] enjeretado,_da... ✅
  [ 659/1895] enjeretarse... ✅
  [ 660/1895] enjergado,_da... ✅
  [ 661/1895] enjergarse... ✅
  [ 662/1895] enjero... ✅
  [ 663/1895] enjicar... ✅
  [ 664/1895] enjillado,_da... ✅
  [ 665/1895] enjilladura... ✅
  [ 666/1895] enjillamiento... ✅
  [ 667/1895] enjillarse... ✅
  [ 668/1895] enjillido,_da... ✅
  [ 669/1895] enjillimiento... ✅
  [ 670/1895] enjillirse... ✅
  [ 671/1895] enjollinarse... ✅
  [ 672/1895] enjorcicado,_da... ✅
  [ 673/1895] enjorcijar... ✅
  [ 674/1895] enjorquetado,_da... ✅
  [ 675/1895] enjorquetar... ✅
  [ 676/1895] enjutado,_da... ✅
  [ 677/1895] enjutar... ✅
  [ 678/1895] enjuto,_ta... ✅
  [ 679/1895] enlajar... ✅
  [ 680/1895] enlamar... ✅
  [ 681/1895] enlapado,_da... ✅
  [ 682/1895] enlatado... ✅
  [ 683/1895] enliado,_da... ✅
  [ 684/1895] enliar... ✅
  [ 685/1895] enliarlas... ✅
  [ 686/1895] enlistar... ✅
  [ 687/1895] enlistarse... ✅
  [ 688/1895] enmadejar... ✅
  [ 689/1895] enmalezarse... ✅
  [ 690/1895] enmaniguado,_da... ✅
  [ 691/1895] enmaniguarse... ✅
  [ 692/1895] enmanillar... ✅
  [ 693/1895] enmezcolarse... ✅
  [ 694/1895] enmogotarse... ✅
  [ 695/1895] enmongarse... ✅
  [ 696/1895] enmongotado,_da... ✅
  [ 697/1895] enmonguillado,_da... ✅
  [ 698/1895] enmontunarse... ✅
  [ 699/1895] enmugrar... ✅
  [ 700/1895] ennotado,_da... ✅
  [ 701/1895] enqueriarse... ✅
  [ 702/1895] enquinado,_da... ✅
  [ 703/1895] enquiñar... ✅
  [ 704/1895] enquiñarse... ✅
  [ 705/1895] enramada... ✅
  [ 706/1895] enramar... ✅
  [ 707/1895] enrasado... ✅
  [ 708/1895] enrase... ✅
  [ 709/1895] enrayado... ✅
  [ 710/1895] enredar_la_pita... ✅
  [ 711/1895] enrejado... ✅
  [ 712/1895] enrejadura... ✅
  [ 713/1895] enrejillado... ✅
  [ 714/1895] enripiado... ✅
  [ 715/1895] enripiar... ✅
  [ 716/1895] enripio... ✅
  [ 717/1895] enriscadero... ✅
  [ 718/1895] enriscado,_da... ✅
  [ 719/1895] enriscarse... ✅
  [ 720/1895] enritar... ✅
  [ 721/1895] enrizo,_za... ✅
  [ 722/1895] enrolar... ✅
  [ 723/1895] enrollarse... ✅
  [ 724/1895] enroscarse... ✅
  [ 725/1895] enroña... ✅
  [ 726/1895] enroñado,_da... ✅
  [ 727/1895] enroñamiento... ✅
  [ 728/1895] enroñarse... ✅
  [ 729/1895] enrubio... ✅
  [ 730/1895] enrutador... ✅
  [ 731/1895] ensacado... ✅
  [ 732/1895] ensalchichar... ✅
  [ 733/1895] ensamblador... ✅
  [ 734/1895] ensanduichar... ✅
  [ 735/1895] ensardinado,_da... ✅
  [ 736/1895] ensarta... ✅
  [ 737/1895] ensarta_de_jueyes... ✅
  [ 738/1895] ensartar... ✅
  [ 739/1895] ensartarse... ✅
  [ 740/1895] ensatar... ✅
  [ 741/1895] ensenada... ✅
  [ 742/1895] enser_de_pesca... ✅
  [ 743/1895] enseriarse... ✅
  [ 744/1895] ensetar... ✅
  [ 745/1895] enseñar_los_dientes... ✅
  [ 746/1895] ensillos... ✅
  [ 747/1895] ensopada... ✅
  [ 748/1895] ensopado,_da... ✅
  [ 749/1895] ensoparse... ✅
  [ 750/1895] ensote... ✅
  [ 751/1895] ensuciar_el_batey... ✅
  [ 752/1895] ensurucarse... ✅
  [ 753/1895] ent... ✅
  [ 754/1895] entabicar... ✅
  [ 755/1895] entablar... ✅
  [ 756/1895] entablar_la_pelea... ✅
  [ 757/1895] entablar_los_gallos... ✅
  [ 758/1895] entacada... ✅
  [ 759/1895] entallado,_da... ✅
  [ 760/1895] entallador... ✅
  [ 761/1895] entalladura... ✅
  [ 762/1895] entallamiento... ✅
  [ 763/1895] entallar... ✅
  [ 764/1895] entapetado,_da... ✅
  [ 765/1895] entecatado,_da... ✅
  [ 766/1895] entendido... ✅
  [ 767/1895] enteque,_ca... ✅
  [ 768/1895] enterciar... ✅
  [ 769/1895] enterito,_ta... ✅
  [ 770/1895] enterprise... ✅
  [ 771/1895] enterrar... ✅
  [ 772/1895] entertainer... ✅
  [ 773/1895] entertaining_center... ✅
  [ 774/1895] entizar... ✅
  [ 775/1895] entodavía... ✅
  [ 776/1895] entonado,_da... ✅
  [ 777/1895] entorchado,_da... ✅
  [ 778/1895] entorchar... ✅
  [ 779/1895] entorchar_la_puerca_el_rabo... ✅
  [ 780/1895] entorcharse... ✅
  [ 781/1895] entortijarse... ✅
  [ 782/1895] entorunado,_da... ✅
  [ 783/1895] entorunarse... ✅
  [ 784/1895] entrada... ✅
  [ 785/1895] entramoyar... ✅
  [ 786/1895] entrar_a_los_cajones... ✅
  [ 787/1895] entrar_arrimao_y_querer_salir_como_dueño... ✅
  [ 788/1895] entrar_como_criado_y_querer_salir_como_amo... ✅
  [ 789/1895] entrar_y_salir_como_juan_por_su_casa... ✅
  [ 790/1895] entrarle... ✅
  [ 791/1895] entrarle_a_alguien... ✅
  [ 792/1895] entre_menos... ✅
  [ 793/1895] entre_más... ✅
  [ 794/1895] entre_nos... ✅
  [ 795/1895] entrega_especial... ✅
  [ 796/1895] entregado,_da... ✅
  [ 797/1895] entregado... ✅
  [ 798/1895] entrelínea... ✅
  [ 799/1895] entremetido,_da... ✅
  [ 800/1895] entrenar... ✅
  [ 801/1895] entresemana... ✅
  [ 802/1895] entresijos... ✅
  [ 803/1895] entretención... ✅
  [ 804/1895] entretensión... ✅
  [ 805/1895] entrevales... ✅
  [ 806/1895] entrevejido,_da... ✅
  [ 807/1895] entripada... ✅
  [ 808/1895] entripado,_da... ✅
  [ 809/1895] entripar... ✅
  [ 810/1895] entriparse... ✅
  [ 811/1895] entripá... ✅
  [ 812/1895] entrompado,_da... ✅
  [ 813/1895] entromparse... ✅
  [ 814/1895] entrona... ✅
  [ 815/1895] entroncar... ✅
  [ 816/1895] entronque... ✅
  [ 817/1895] entufarse... ✅
  [ 818/1895] entumimiento... ✅
  [ 819/1895] entura... ✅
  [ 820/1895] enturunado,_da... ✅
  [ 821/1895] enturunarse... ✅
  [ 822/1895] entusarse... ✅
  [ 823/1895] envagonar... ✅
  [ 824/1895] envanearse... ✅
  [ 825/1895] envanecido,_da... ✅
  [ 826/1895] envarar... ✅
  [ 827/1895] envarillar... ✅
  [ 828/1895] envasijar... ✅
  [ 829/1895] envejeciente... ✅
  [ 830/1895] envenenado,_da... ✅
  [ 831/1895] envenenarse... ✅
  [ 832/1895] envervecido,_da... ✅
  [ 833/1895] enviar_un_page... ✅
  [ 834/1895] environment... ✅
  [ 835/1895] envirotado... ✅
  [ 836/1895] envirotar... ✅
  [ 837/1895] envite... ✅
  [ 838/1895] envolverse... ✅
  [ 839/1895] envuelto,_ta... ✅
  [ 840/1895] enyaguao_de_macarela... ✅
  [ 841/1895] enyemado,_da... ✅
  [ 842/1895] enyemao,_má... ✅
  [ 843/1895] enyerbarse... ✅
  [ 844/1895] enyoyado,_da... ✅
  [ 845/1895] enyugado,_da... ✅
  [ 846/1895] enyugado... ✅
  [ 847/1895] enyugadura... ✅
  [ 848/1895] enyuntar... ✅
  [ 849/1895] enzanjonarse... ✅
  [ 850/1895] enzapatados... ✅
  [ 851/1895] enzapatarse... ✅
  [ 852/1895] enzocar... ✅
  [ 853/1895] enzoque... ✅
  [ 854/1895] enzorramiento... ✅
  [ 855/1895] enzorrar... ✅
  [ 856/1895] enzorrarse... ✅
  [ 857/1895] enzorroso,_sa... ✅
  [ 858/1895] enémico,_ca... ✅
  [ 859/1895] epatar... ✅
  [ 860/1895] epidermal... ✅
  [ 861/1895] episodio... ✅
  [ 862/1895] epitomal... ✅
  [ 863/1895] eps... ✅
  [ 864/1895] epíteto... ✅
  [ 865/1895] equilibrista... ✅
  [ 866/1895] equilicuá... ✅
  [ 867/1895] equipación... ✅
  [ 868/1895] equipo_de_ensueño... ✅
  [ 869/1895] eracra... ✅
  [ 870/1895] erizado... ✅
  [ 871/1895] erizarse... ✅
  [ 872/1895] erizo... ✅
  [ 873/1895] erizón... ✅
  [ 874/1895] erraizar... ✅
  [ 875/1895] errancharse... ✅
  [ 876/1895] errengado,_da... ✅
  [ 877/1895] erriñonado,_da... ✅
  [ 878/1895] error... ✅
  [ 879/1895] errático,_ca... ✅
  [ 880/1895] es_capaz_que... ✅
  [ 881/1895] es_de_ahí... ✅
  [ 882/1895] es_tarde_para_ablandar_granos... ✅
  [ 883/1895] es_tarde_para_ablandar_habichuelas... ✅
  [ 884/1895] es_un_muchacho_excelente... ✅
  [ 885/1895] esaborío,_ría... ✅
  [ 886/1895] esabrío,_bría... ✅
  [ 887/1895] esambrío,_bría... ✅
  [ 888/1895] esarbolar... ✅
  [ 889/1895] esarbolarse... ✅
  [ 890/1895] esarrajado,_da... ✅
  [ 891/1895] esasío,_sía... ✅
  [ 892/1895] esatracar... ✅
  [ 893/1895] esaudio,_dia... ✅
  [ 894/1895] esbaldado,_da... ✅
  [ 895/1895] esbaldarse... ✅
  [ 896/1895] esbanecío,_cía... ✅
  [ 897/1895] esbaratado,_da... ✅
  [ 898/1895] esbaratao,_tá... ✅
  [ 899/1895] esbarbar... ✅
  [ 900/1895] esbarrigarse... ✅
  [ 901/1895] esbembarse... ✅
  [ 902/1895] esbirro... ✅
  [ 903/1895] esbloarse... ✅
  [ 904/1895] esbocado,_da... ✅
  [ 905/1895] esbocao,_cá... ✅
  [ 906/1895] esbocarse... ✅
  [ 907/1895] esboquillado... ✅
  [ 908/1895] esboquillao... ✅
  [ 909/1895] esboronado,_da... ✅
  [ 910/1895] esboronamiento... ✅
  [ 911/1895] esboronao,_na... ✅
  [ 912/1895] esboronar... ✅
  [ 913/1895] esboronarse... ✅
  [ 914/1895] escabullarse... ✅
  [ 915/1895] escabuyarse... ✅
  [ 916/1895] escacharrado,_da... ✅
  [ 917/1895] escaerado,_da... ✅
  [ 918/1895] escairado,_da... ✅
  [ 919/1895] escalador... ✅
  [ 920/1895] escalar... ✅
  [ 921/1895] escalastrófico,_ca... ✅
  [ 922/1895] escalmenarse... ✅
  [ 923/1895] escalpisa... ✅
  [ 924/1895] escamado,_da... ✅
  [ 925/1895] escamarse... ✅
  [ 926/1895] escambray... ✅
  [ 927/1895] escambrón... ✅
  [ 928/1895] escame... ✅
  [ 929/1895] escamisado,_da... ✅
  [ 930/1895] escamoso,_sa... ✅
  [ 931/1895] escampar... ✅
  [ 932/1895] escampar_del_aguacero... ✅
  [ 933/1895] escamparse... ✅
  [ 934/1895] escandray... ✅
  [ 935/1895] escaneado... ✅
  [ 936/1895] escanear... ✅
  [ 937/1895] escante... ✅
  [ 938/1895] escantillar... ✅
  [ 939/1895] escantillón... ✅
  [ 940/1895] escapear... ✅
  [ 941/1895] escarabajo... ✅
  [ 942/1895] escarbadero... ✅
  [ 943/1895] escarceo... ✅
  [ 944/1895] escarchar... ✅
  [ 945/1895] escarpar... ✅
  [ 946/1895] escarpiza... ✅
  [ 947/1895] escarpín... ✅
  [ 948/1895] escarrajuzado,_da... ✅
  [ 949/1895] escarranchado,_da... ✅
  [ 950/1895] escarranchao,_chá... ✅
  [ 951/1895] escasitud... ✅
  [ 952/1895] escastrar... ✅
  [ 953/1895] escelebrado,_da... ✅
  [ 954/1895] escholar... ✅
  [ 955/1895] esclavitud... ✅
  [ 956/1895] esclocharse... ✅
  [ 957/1895] escoba... ✅
  [ 958/1895] escoba_blanca... ✅
  [ 959/1895] escobilla... ✅
  [ 960/1895] escobillón... ✅
  [ 961/1895] escoch... ✅
  [ 962/1895] escocotar... ✅
  [ 963/1895] escocotarse... ✅
  [ 964/1895] escocotarse_de_la_risa... ✅
  [ 965/1895] escofieta... ✅
  [ 966/1895] escofina... ✅
  [ 967/1895] escogencia... ✅
  [ 968/1895] escogida... ✅
  [ 969/1895] escolar... ✅
  [ 970/1895] escolmenar... ✅
  [ 971/1895] escomenzar... ✅
  [ 972/1895] escondido,_da... ✅
  [ 973/1895] escondido... ✅
  [ 974/1895] escondijo... ✅
  [ 975/1895] escopeta... ✅
  [ 976/1895] escopetón... ✅
  [ 977/1895] escopiar... ✅
  [ 978/1895] escorcionera... ✅
  [ 979/1895] escorfina... ✅
  [ 980/1895] escorpión... ✅
  [ 981/1895] escorromper... ✅
  [ 982/1895] escorromperse... ✅
  [ 983/1895] escorrotarse... ✅
  [ 984/1895] escorzonera... ✅
  [ 985/1895] escotar... ✅
  [ 986/1895] escotero,_ra... ✅
  [ 987/1895] escoyuntarse... ✅
  [ 988/1895] escoñetado,_da... ✅
  [ 989/1895] escoñetar... ✅
  [ 990/1895] escoñetarse... ✅
  [ 991/1895] escrachado,_da... ✅
  [ 992/1895] escrachar... ✅
  [ 993/1895] escracharse... ✅
  [ 994/1895] escrambear... ✅
  [ 995/1895] escrambiar... ✅
  [ 996/1895] escraneado,_da... ✅
  [ 997/1895] escrestar... ✅
  [ 998/1895] escribano... ✅
  [ 999/1895] escrin... ✅
  [1000/1895] escriquillarse... ✅
  [1001/1895] escrituración... ✅
  [1002/1895] escrow_account... ✅
  [1003/1895] escuadrón... ✅
  [1004/1895] escucha... ✅
  [1005/1895] escuela... ✅
  [1006/1895] escuela_charter... ✅
  [1007/1895] escuela_elemental... ✅
  [1008/1895] escuela_elemental_secundaria... ✅
  [1009/1895] escuela_graduada... ✅
  [1010/1895] escuela_superior... ✅
  [1011/1895] esculcar... ✅
  [1012/1895] esculcar_yaguas_viejas... ✅
  [1013/1895] esculco... ✅
  [1014/1895] esculsoplái... ✅
  [1015/1895] escumbrar... ✅
  [1016/1895] escupidera... ✅
  [1017/1895] escupidero... ✅
  [1018/1895] escupidor... ✅
  [1019/1895] escupirse... ✅
  [1020/1895] escupitina... ✅
  [1021/1895] escurana... ✅
  [1022/1895] escurecer... ✅
  [1023/1895] escurrido,_da... ✅
  [1024/1895] escurridá... ✅
  [1025/1895] escuter... ✅
  [1026/1895] escutismo... ✅
  [1027/1895] escutista... ✅
  [1028/1895] escáner... ✅
  [1029/1895] esdejado,_da... ✅
  [1030/1895] ese_huevo_quiere_sal... ✅
  [1031/1895] esencetar... ✅
  [1032/1895] esflecar... ✅
  [1033/1895] esgalgado,_da... ✅
  [1034/1895] esgalgao,_gá... ✅
  [1035/1895] esgalichado,_da... ✅
  [1036/1895] esgalillarse... ✅
  [1037/1895] esgarbado,_da... ✅
  [1038/1895] esgargantar... ✅
  [1039/1895] esgaritarse... ✅
  [1040/1895] esgarre... ✅
  [1041/1895] esgarro... ✅
  [1042/1895] esgarrón... ✅
  [1043/1895] esgaznatarse... ✅
  [1044/1895] esgañamotearse... ✅
  [1045/1895] esgañitarse... ✅
  [1046/1895] esgañotar... ✅
  [1047/1895] esgolillar... ✅
  [1048/1895] esgolillarse... ✅
  [1049/1895] esgolizarse... ✅
  [1050/1895] esgolizarse_como_guanábana_madura... ✅
  [1051/1895] esgomarse... ✅
  [1052/1895] esgonzado,_da... ✅
  [1053/1895] esgonzarse... ✅
  [1054/1895] esgorrumbar... ✅
  [1055/1895] esgorrumbarse... ✅
  [1056/1895] esgranarse... ✅
  [1057/1895] esgreñado,_da... ✅
  [1058/1895] esgreñao,_ñá... ✅
  [1059/1895] esguabinación... ✅
  [1060/1895] esguabinado,_da... ✅
  [1061/1895] esguabinamiento... ✅
  [1062/1895] esguabinar... ✅
  [1063/1895] esguabinarse... ✅
  [1064/1895] esguarrancharse... ✅
  [1065/1895] esguañangado,_da... ✅
  [1066/1895] esguañangao,_gá... ✅
  [1067/1895] esguañangar... ✅
  [1068/1895] esguañangarse... ✅
  [1069/1895] esguañingado,_da... ✅
  [1070/1895] esguañingao,_gá... ✅
  [1071/1895] esguañingar... ✅
  [1072/1895] esguañingarse... ✅
  [1073/1895] esgurrumbarse... ✅
  [1074/1895] esgüellado,_da... ✅
  [1075/1895] esgüellao,_llá... ✅
  [1076/1895] esjuañangado,_da... ✅
  [1077/1895] eslacs... ✅
  [1078/1895] eslay... ✅
  [1079/1895] eslechado,_da... ✅
  [1080/1895] eslechao,_chá... ✅
  [1081/1895] eslechar... ✅
  [1082/1895] eslecharse... ✅
  [1083/1895] eslembado,_da... ✅
  [1084/1895] eslembarse... ✅
  [1085/1895] esleto,_ta... ✅
  [1086/1895] esleñado,_da... ✅
  [1087/1895] esleñao,_ñá... ✅
  [1088/1895] eslimar... ✅
  [1089/1895] eslogan... ✅
  [1090/1895] eslomao,_má... ✅
  [1091/1895] esloquillado,_da... ✅
  [1092/1895] esloquillarse... ✅
  [1093/1895] esmajagua... ✅
  [1094/1895] esmajagual... ✅
  [1095/1895] esmajagüilla... ✅
  [1096/1895] esmalotado,_da... ✅
  [1097/1895] esmamonar... ✅
  [1098/1895] esmamoneado,_da... ✅
  [1099/1895] esmandado,_da... ✅
  [1100/1895] esmandarse... ✅
  [1101/1895] esmandigar... ✅
  [1102/1895] esmandingar... ✅
  [1103/1895] esmanguillarse... ✅
  [1104/1895] esmayado,_da... ✅
  [1105/1895] esmayamiento... ✅
  [1106/1895] esmayao,_yá... ✅
  [1107/1895] esmelenarse... ✅
  [1108/1895] esmeralda... ✅
  [1109/1895] esmeril... ✅
  [1110/1895] esmillo... ✅
  [1111/1895] esmirlarse... ✅
  [1112/1895] esmochar... ✅
  [1113/1895] esmog... ✅
  [1114/1895] esmoler... ✅
  [1115/1895] esmolido,_da... ✅
  [1116/1895] esmongar... ✅
  [1117/1895] esmonguillamiento... ✅
  [1118/1895] esmonguillao,_llá... ✅
  [1119/1895] esmonguillarse... ✅
  [1120/1895] esmoquin... ✅
  [1121/1895] esmorcillado,_da... ✅
  [1122/1895] esmorcillarse... ✅
  [1123/1895] esmorecido,_da... ✅
  [1124/1895] esmoresío,_sía... ✅
  [1125/1895] esmorusado,_da... ✅
  [1126/1895] esmorusao,_sá... ✅
  [1127/1895] esmorusar... ✅
  [1128/1895] esmorusarse... ✅
  [1129/1895] esmuñecado,_da... ✅
  [1130/1895] esmuñecao,_cá... ✅
  [1131/1895] esmí... ✅
  [1132/1895] esnarizado,_da... ✅
  [1133/1895] esnifar... ✅
  [1134/1895] esnifero,_ra... ✅
  [1135/1895] esnifiar... ✅
  [1136/1895] esnob... ✅
  [1137/1895] esnucar... ✅
  [1138/1895] esnú,_núa... ✅
  [1139/1895] eso_es_correcto... ✅
  [1140/1895] eso_es_lo_que_trajo_el_barco... ✅
  [1141/1895] esojado,_da... ✅
  [1142/1895] esojao,_já... ✅
  [1143/1895] esos_son_otros_veinte_pesos... ✅
  [1144/1895] esosirio... ✅
  [1145/1895] espabientado,_da... ✅
  [1146/1895] espabientao,_tá... ✅
  [1147/1895] espaceado,_da... ✅
  [1148/1895] espacearse... ✅
  [1149/1895] espaceo... ✅
  [1150/1895] espacharrado,_da... ✅
  [1151/1895] espacharrar... ✅
  [1152/1895] espachurrador... ✅
  [1153/1895] espaciado,_da... ✅
  [1154/1895] espada... ✅
  [1155/1895] espadeo... ✅
  [1156/1895] espadilla... ✅
  [1157/1895] espadín... ✅
  [1158/1895] espaldar... ✅
  [1159/1895] espalillar... ✅
  [1160/1895] espalmar... ✅
  [1161/1895] espalotar... ✅
  [1162/1895] espampanar... ✅
  [1163/1895] espampanillarse... ✅
  [1164/1895] espantarle_el_ángel_de_la_guarda... ✅
  [1165/1895] espar... ✅
  [1166/1895] esparatrapo... ✅
  [1167/1895] espares... ✅
  [1168/1895] esparpajar... ✅
  [1169/1895] esparpajarse... ✅
  [1170/1895] esparrachado,_da... ✅
  [1171/1895] esparrago... ✅
  [1172/1895] esparrago_espumoso... ✅
  [1173/1895] espatanarse... ✅
  [1174/1895] espatao... ✅
  [1175/1895] espatarrado,_da... ✅
  [1176/1895] espatillado,_da... ✅
  [1177/1895] espatillar... ✅
  [1178/1895] espatillarse... ✅
  [1179/1895] espatriar... ✅
  [1180/1895] espatriarse... ✅
  [1181/1895] espaturrar... ✅
  [1182/1895] espaturrarse... ✅
  [1183/1895] espaíno... ✅
  [1184/1895] especial... ✅
  [1185/1895] especotar... ✅
  [1186/1895] especulación... ✅
  [1187/1895] especular... ✅
  [1188/1895] espejo... ✅
  [1189/1895] espejuelo... ✅
  [1190/1895] espejuelos... ✅
  [1191/1895] espelucar... ✅
  [1192/1895] espelucarse... ✅
  [1193/1895] espeluscar... ✅
  [1194/1895] espeluscarse... ✅
  [1195/1895] espeluzar... ✅
  [1196/1895] espeluzarse... ✅
  [1197/1895] espeluznar... ✅
  [1198/1895] espeluznarse... ✅
  [1199/1895] espencado,_da... ✅
  [1200/1895] espendejarse... ✅
  [1201/1895] espepitar... ✅
  [1202/1895] espepitarse... ✅
  [1203/1895] espeque... ✅
  [1204/1895] esperante... ✅
  [1205/1895] esperanza... ✅
  [1206/1895] esperar_en_la_curva... ✅
  [1207/1895] esperar_la_curva... ✅
  [1208/1895] esperar_por_los_resultados... ✅
  [1209/1895] esperjudido,_da... ✅
  [1210/1895] esperma... ✅
  [1211/1895] esperrujido,_da... ✅
  [1212/1895] espescuezar... ✅
  [1213/1895] espescuezarse... ✅
  [1214/1895] espetar... ✅
  [1215/1895] espetarse... ✅
  [1216/1895] espezoñar... ✅
  [1217/1895] espichar... ✅
  [1218/1895] espiche... ✅
  [1219/1895] espidómetro... ✅
  [1220/1895] espiga... ✅
  [1221/1895] espiga_de_amor... ✅
  [1222/1895] espiga_de_oro... ✅
  [1223/1895] espigar... ✅
  [1224/1895] espina... ✅
  [1225/1895] espinillo... ✅
  [1226/1895] espino... ✅
  [1227/1895] espino_blanco... ✅
  [1228/1895] espino_rubial... ✅
  [1229/1895] espinosa... ✅
  [1230/1895] espiquinglis... ✅
  [1231/1895] espiritado,_da... ✅
  [1232/1895] espiritero,_ra... ✅
  [1233/1895] esplacado,_da... ✅
  [1234/1895] esplacar... ✅
  [1235/1895] esplín... ✅
  [1236/1895] espolazo... ✅
  [1237/1895] espolear... ✅
  [1238/1895] esponja... ✅
  [1239/1895] esponsorear... ✅
  [1240/1895] esponsorización... ✅
  [1241/1895] esponsorizar... ✅
  [1242/1895] esportivo,_va... ✅
  [1243/1895] espostillar... ✅
  [1244/1895] espoteador... ✅
  [1245/1895] esprei... ✅
  [1246/1895] espretar... ✅
  [1247/1895] espretinado,_da... ✅
  [1248/1895] esprimión... ✅
  [1249/1895] esprimón... ✅
  [1250/1895] esprint... ✅
  [1251/1895] esprintada... ✅
  [1252/1895] esprín... ✅
  [1253/1895] espuela... ✅
  [1254/1895] espuela_capuchina... ✅
  [1255/1895] espuela_de_caballero... ✅
  [1256/1895] espuela_de_galán... ✅
  [1257/1895] espuela_limpia... ✅
  [1258/1895] espuela_variaca... ✅
  [1259/1895] espuela_ventajera... ✅
  [1260/1895] espuelazo... ✅
  [1261/1895] espueleado,_da... ✅
  [1262/1895] espuelear... ✅
  [1263/1895] espuelero... ✅
  [1264/1895] espueloso... ✅
  [1265/1895] espueludo,_da... ✅
  [1266/1895] espuelín... ✅
  [1267/1895] espuelón... ✅
  [1268/1895] espuelú... ✅
  [1269/1895] espulgar_un_mono_con_los_guantes_de_sixto_escobar... ✅
  [1270/1895] espuma_party... ✅
  [1271/1895] espumero... ✅
  [1272/1895] espumilla... ✅
  [1273/1895] espundia... ✅
  [1274/1895] espundioso,_sa... ✅
  [1275/1895] espuntado... ✅
  [1276/1895] espuntao... ✅
  [1277/1895] espuntar... ✅
  [1278/1895] espárrago_espumoso... ✅
  [1279/1895] espónsor... ✅
  [1280/1895] esquejear... ✅
  [1281/1895] esqueleto... ✅
  [1282/1895] esquelol... ✅
  [1283/1895] esquema... ✅
  [1284/1895] esquema_criminal... ✅
  [1285/1895] esquema_de_corrupción... ✅
  [1286/1895] esquema_de_fraude... ✅
  [1287/1895] esquilencia... ✅
  [1288/1895] esquimalito... ✅
  [1289/1895] esquina_caliente... ✅
  [1290/1895] esquinero... ✅
  [1291/1895] esquivete... ✅
  [1292/1895] esquédiul... ✅
  [1293/1895] esrabadillar... ✅
  [1294/1895] esrabadillarse... ✅
  [1295/1895] esriñonado,_da... ✅
  [1296/1895] esriñonar... ✅
  [1297/1895] esriñonarse... ✅
  [1298/1895] establishment... ✅
  [1299/1895] establo... ✅
  [1300/1895] estaca... ✅
  [1301/1895] estacado,_da... ✅
  [1302/1895] estacarse... ✅
  [1303/1895] estación_de_limpieza... ✅
  [1304/1895] estación_de_policía... ✅
  [1305/1895] estación_de_secado... ✅
  [1306/1895] estación_del_mel... ✅
  [1307/1895] estadidad... ✅
  [1308/1895] estadista... ✅
  [1309/1895] estado... ✅
  [1310/1895] estado_de_cuenta... ✅
  [1311/1895] estado_del_arte... ✅
  [1312/1895] estadolibrismo... ✅
  [1313/1895] estadolibrista... ✅
  [1314/1895] estadoísta... ✅
  [1315/1895] estadual... ✅
  [1316/1895] estaf... ✅
  [1317/1895] estafa... ✅
  [1318/1895] estafador... ✅
  [1319/1895] estafar... ✅
  [1320/1895] estambay... ✅
  [1321/1895] estancia... ✅
  [1322/1895] estandarización... ✅
  [1323/1895] estandarizar... ✅
  [1324/1895] estante... ✅
  [1325/1895] estantería... ✅
  [1326/1895] estaqueada... ✅
  [1327/1895] estaqueado... ✅
  [1328/1895] estaquilla... ✅
  [1329/1895] estaquillado... ✅
  [1330/1895] estar_a_cuatro_ojos... ✅
  [1331/1895] estar_a_la_ley... ✅
  [1332/1895] estar_a_las_últimas... ✅
  [1333/1895] estar_a_ley... ✅
  [1334/1895] estar_a_ley_de... ✅
  [1335/1895] estar_a_mano... ✅
  [1336/1895] estar_a_medio_palo... ✅
  [1337/1895] estar_a_nivel... ✅
  [1338/1895] estar_a_palo_entero... ✅
  [1339/1895] estar_a_palo_seco... ✅
  [1340/1895] estar_a_pie... ✅
  [1341/1895] estar_a_punto_de_caramelo... ✅
  [1342/1895] estar_a_raspa_coco... ✅
  [1343/1895] estar_a_raspacoco... ✅
  [1344/1895] estar_a_todo_dar... ✅
  [1345/1895] estar_a_tres_dobles_y_un_repique... ✅
  [1346/1895] estar_abacorado_de_trabajo... ✅
  [1347/1895] estar_abierto_a... ✅
  [1348/1895] estar_aburao... ✅
  [1349/1895] estar_acabando... ✅
  [1350/1895] estar_adobado,_da... ✅
  [1351/1895] estar_afinado,_da... ✅
  [1352/1895] estar_al_cantío_de_un_gallo... ✅
  [1353/1895] estar_al_palo... ✅
  [1354/1895] estar_al_sartén... ✅
  [1355/1895] estar_alante... ✅
  [1356/1895] estar_alentado,_da... ✅
  [1357/1895] estar_alzado,_da... ✅
  [1358/1895] estar_amochado,_da... ✅
  [1359/1895] estar_amojonado,_da... ✅
  [1360/1895] estar_aniado,_da... ✅
  [1361/1895] estar_anidado,_da... ✅
  [1362/1895] estar_ardío,_día... ✅
  [1363/1895] estar_arranado,_da... ✅
  [1364/1895] estar_arrancado,_da... ✅
  [1365/1895] estar_arrei... ✅
  [1366/1895] estar_arrematado,_da... ✅
  [1367/1895] estar_arrollado,_da... ✅
  [1368/1895] estar_atacado,_da... ✅
  [1369/1895] estar_atrapillado,_da... ✅
  [1370/1895] estar_atrás... ✅
  [1371/1895] estar_babilonia... ✅
  [1372/1895] estar_bajo_parol... ✅
  [1373/1895] estar_barril... ✅
  [1374/1895] estar_bien... ✅
  [1375/1895] estar_bien_aspectado... ✅
  [1376/1895] estar_bien_echado,_da... ✅
  [1377/1895] estar_bien_embalado,_da... ✅
  [1378/1895] estar_bien_high... ✅
  [1379/1895] estar_bien_o_mal_parado... ✅
  [1380/1895] estar_bien_tecato,_ta... ✅
  [1381/1895] estar_bimbo,_ba... ✅
  [1382/1895] estar_blindado,_da... ✅
  [1383/1895] estar_bloqueado,_da... ✅
  [1384/1895] estar_botando_humo... ✅
  [1385/1895] estar_boyante... ✅
  [1386/1895] estar_bravo,_va... ✅
  [1387/1895] estar_bruja... ✅
  [1388/1895] estar_bufiando... ✅
  [1389/1895] estar_busy... ✅
  [1390/1895] estar_by_the_book... ✅
  [1391/1895] estar_cabro... ✅
  [1392/1895] estar_cafre... ✅
  [1393/1895] estar_cagao_de_la_verónica... ✅
  [1394/1895] estar_caliente... ✅
  [1395/1895] estar_camarón... ✅
  [1396/1895] estar_cargado,_da... ✅
  [1397/1895] estar_casándose_las_brujas... ✅
  [1398/1895] estar_cañón... ✅
  [1399/1895] estar_chaquiá... ✅
  [1400/1895] estar_chucho,_cha... ✅
  [1401/1895] estar_chulin... ✅
  [1402/1895] estar_chévere... ✅
  [1403/1895] estar_clavado,_da... ✅
  [1404/1895] estar_clavao,_vá... ✅
  [1405/1895] estar_colgado,_da... ✅
  [1406/1895] estar_como_agua_para_chocolate... ✅
  [1407/1895] estar_como_ají... ✅
  [1408/1895] estar_como_balero... ✅
  [1409/1895] estar_como_campana... ✅
  [1410/1895] estar_como_cañón... ✅
  [1411/1895] estar_como_chinche... ✅
  [1412/1895] estar_como_chivo... ✅
  [1413/1895] estar_como_cienpiés_meao... ✅
  [1414/1895] estar_como_coco... ✅
  [1415/1895] estar_como_coquito... ✅
  [1416/1895] estar_como_corozo... ✅
  [1417/1895] estar_como_cucaracha_en_baile_de_gallinas... ✅
  [1418/1895] estar_como_cuero_de_cocodrilo... ✅
  [1419/1895] estar_como_el_arroz_blanco... ✅
  [1420/1895] estar_como_el_culo_del_caldero... ✅
  [1421/1895] estar_como_el_hilo_ochenta... ✅
  [1422/1895] estar_como_el_jamón_del_sandwich... ✅
  [1423/1895] estar_como_el_perro_escaldado... ✅
  [1424/1895] estar_como_goma_vieja... ✅
  [1425/1895] estar_como_guabá... ✅
  [1426/1895] estar_como_guayaba_madura... ✅
  [1427/1895] estar_como_gusano_de_cementerio... ✅
  [1428/1895] estar_como_jacha_y_machete... ✅
  [1429/1895] estar_como_jiguillo... ✅
  [1430/1895] estar_como_juey_quiñado... ✅
  [1431/1895] estar_como_la_caña_de_enero... ✅
  [1432/1895] estar_como_la_esperanza_de_un_pobre... ✅
  [1433/1895] estar_como_la_gelatina... ✅
  [1434/1895] estar_como_la_india... ✅
  [1435/1895] estar_como_la_molleja_de_un_cabro... ✅
  [1436/1895] estar_como_la_puerca_de_juan_bobo... ✅
  [1437/1895] estar_como_la_yuca... ✅
  [1438/1895] estar_como_lavandera_sin_tabaco... ✅
  [1439/1895] estar_como_los_huevos_del_burro... ✅
  [1440/1895] estar_como_maceta... ✅
  [1441/1895] estar_como_maestro_de_escuela... ✅
  [1442/1895] estar_como_manga_del_chaleco... ✅
  [1443/1895] estar_como_maraca,_sin_pelo_y_sin_peronías... ✅
  [1444/1895] estar_como_masa_de_alcapurria... ✅
  [1445/1895] estar_como_mierda_en_palito... ✅
  [1446/1895] estar_como_navaja... ✅
  [1447/1895] estar_como_pintaron_a_perico... ✅
  [1448/1895] estar_como_pluma... ✅
  [1449/1895] estar_como_pollo_que_pica_toronja... ✅
  [1450/1895] estar_como_pudín_de_orilla... ✅
  [1451/1895] estar_como_ratón_de_ferretería... ✅
  [1452/1895] estar_como_ratón_que_lambe_aceite... ✅
  [1453/1895] estar_como_rodilla_de_cabro... ✅
  [1454/1895] estar_como_rosquetita... ✅
  [1455/1895] estar_como_sapo_de_cloaca... ✅
  [1456/1895] estar_como_sapo_de_letrina... ✅
  [1457/1895] estar_como_timbre_de_guagua... ✅
  [1458/1895] estar_como_tres_en_un_zapato_y_cuatro_en_un_almud... ✅
  [1459/1895] estar_como_tuerca... ✅
  [1460/1895] estar_como_un_ají... ✅
  [1461/1895] estar_como_un_corozo... ✅
  [1462/1895] estar_como_un_espeque... ✅
  [1463/1895] estar_como_un_juey_bizco... ✅
  [1464/1895] estar_como_un_tayote... ✅
  [1465/1895] estar_como_una_flor... ✅
  [1466/1895] estar_como_una_tigua... ✅
  [1467/1895] estar_como_una_tusa... ✅
  [1468/1895] estar_como_uva... ✅
  [1469/1895] estar_como_yesca... ✅
  [1470/1895] estar_como_yuca_para_mi_guayo... ✅
  [1471/1895] estar_como_zoco_del_medio... ✅
  [1472/1895] estar_con_calentura_pegada... ✅
  [1473/1895] estar_con_diarreas_y_sin_papel... ✅
  [1474/1895] estar_con_el_bembe_parao... ✅
  [1475/1895] estar_con_el_jesús_en_la_boca... ✅
  [1476/1895] estar_con_el_moco_caído... ✅
  [1477/1895] estar_con_el_moño_parado... ✅
  [1478/1895] estar_con_el_moño_torcido... ✅
  [1479/1895] estar_con_la_oreja_parada... ✅
  [1480/1895] estar_con_ñeñeñé... ✅
  [1481/1895] estar_cool... ✅
  [1482/1895] estar_corto_de_tiempo... ✅
  [1483/1895] estar_crudo,_da... ✅
  [1484/1895] estar_cruzado,_da... ✅
  [1485/1895] estar_crónico... ✅
  [1486/1895] estar_cual_guardabrisa... ✅
  [1487/1895] estar_culeco_con_algo... ✅
  [1488/1895] estar_cundido,_da... ✅
  [1489/1895] estar_curaíto... ✅
  [1490/1895] estar_de_arroz... ✅
  [1491/1895] estar_de_boga... ✅
  [1492/1895] estar_de_boya... ✅
  [1493/1895] estar_de_carreritas... ✅
  [1494/1895] estar_de_carro... ✅
  [1495/1895] estar_de_cuneta... ✅
  [1496/1895] estar_de_lo_vivo_a_lo_pintado... ✅
  [1497/1895] estar_de_madre... ✅
  [1498/1895] estar_de_magazine... ✅
  [1499/1895] estar_de_malas... ✅
  [1500/1895] estar_de_medio_ganchete... ✅
  [1501/1895] estar_de_show... ✅
  [1502/1895] estar_de_trinquete... ✅
  [1503/1895] estar_de_tusa... ✅
  [1504/1895] estar_de_vacaciones... ✅
  [1505/1895] estar_de_vallium... ✅
  [1506/1895] estar_del_cará... ✅
  [1507/1895] estar_del_mero... ✅
  [1508/1895] estar_desandando... ✅
  [1509/1895] estar_desbaloncinado... ✅
  [1510/1895] estar_desfalcado,_da... ✅
  [1511/1895] estar_down... ✅
  [1512/1895] estar_duras_las_habichuelas... ✅
  [1513/1895] estar_durísimo... ✅
  [1514/1895] estar_echado,_da... ✅
  [1515/1895] estar_echado_para_atrás... ✅
  [1516/1895] estar_echándose_fresco... ✅
  [1517/1895] estar_el_revolú_prendido... ✅
  [1518/1895] estar_embarrado,_da... ✅
  [1519/1895] estar_emberrenchinado,_da... ✅
  [1520/1895] estar_embollado,_da... ✅
  [1521/1895] estar_emborujado,_da... ✅
  [1522/1895] estar_embrollado,_da... ✅
  [1523/1895] estar_embuchado,_da... ✅
  [1524/1895] estar_empacinado,_da... ✅
  [1525/1895] estar_empaquetado,_da... ✅
  [1526/1895] estar_empatados... ✅
  [1527/1895] estar_empezando_la_carrera... ✅
  [1528/1895] estar_en_(estado_de)_shock... ✅
  [1529/1895] estar_en_algo... ✅
  [1530/1895] estar_en_buen_pasto... ✅
  [1531/1895] estar_en_dique... ✅
  [1532/1895] estar_en_el_camón... ✅
  [1533/1895] estar_en_el_culo_del_mundo... ✅
  [1534/1895] estar_en_el_game... ✅
  [1535/1895] estar_en_el_guiso... ✅
  [1536/1895] estar_en_el_ir_y_venir... ✅
  [1537/1895] estar_en_el_jamón... ✅
  [1538/1895] estar_en_el_rapeo... ✅
  [1539/1895] estar_en_el_salseo... ✅
  [1540/1895] estar_en_el_spot... ✅
  [1541/1895] estar_en_el_tingo_talango... ✅
  [1542/1895] estar_en_faldeta... ✅
  [1543/1895] estar_en_faldetas... ✅
  [1544/1895] estar_en_grandes_ligas... ✅
  [1545/1895] estar_en_issue... ✅
  [1546/1895] estar_en_la_bola... ✅
  [1547/1895] estar_en_la_brega... ✅
  [1548/1895] estar_en_la_chuleta... ✅
  [1549/1895] estar_en_la_fuácata... ✅
  [1550/1895] estar_en_la_movida... ✅
  [1551/1895] estar_en_la_nebulosa... ✅
  [1552/1895] estar_en_la_nevera... ✅
  [1553/1895] estar_en_la_onda... ✅
  [1554/1895] estar_en_la_pendencia... ✅
  [1555/1895] estar_en_la_prángana... ✅
  [1556/1895] estar_en_la_pámpana... ✅
  [1557/1895] estar_en_la_quilla... ✅
  [1558/1895] estar_en_la_regla... ✅
  [1559/1895] estar_en_la_rueda_de_abajo... ✅
  [1560/1895] estar_en_la_seca... ✅
  [1561/1895] estar_en_la_tabla... ✅
  [1562/1895] estar_en_la_tángana... ✅
  [1563/1895] estar_en_la_volá... ✅
  [1564/1895] estar_en_la_yuca... ✅
  [1565/1895] estar_en_las_papa_podridas... ✅
  [1566/1895] estar_en_las_papas... ✅
  [1567/1895] estar_en_las_patas_de_atrás... ✅
  [1568/1895] estar_en_las_seis... ✅
  [1569/1895] estar_en_las_tablas... ✅
  [1570/1895] estar_en_ligas_menores... ✅
  [1571/1895] estar_en_los_muelles... ✅
  [1572/1895] estar_en_moratoria... ✅
  [1573/1895] estar_en_sazón... ✅
  [1574/1895] estar_en_shock... ✅
  [1575/1895] estar_en_su_cuerda... ✅
  [1576/1895] estar_en_su_gallinero... ✅
  [1577/1895] estar_en_su_salsa... ✅
  [1578/1895] estar_en_trance... ✅
  [1579/1895] estar_en_tres_dobles_y_un_repique... ✅
  [1580/1895] estar_en_tres_y_dos... ✅
  [1581/1895] estar_en_un_gas... ✅
  [1582/1895] estar_en_un_jamón... ✅
  [1583/1895] estar_en_veremos... ✅
  [1584/1895] estar_en_órbita... ✅
  [1585/1895] estar_engüebado,_da... ✅
  [1586/1895] estar_estoqueado,_da... ✅
  [1587/1895] estar_fajado... ✅
  [1588/1895] estar_frito,_ta... ✅
  [1589/1895] estar_frío... ✅
  [1590/1895] estar_fuera_de_carrera... ✅
  [1591/1895] estar_fuleteado,_da... ✅
  [1592/1895] estar_full... ✅
  [1593/1895] estar_fundido... ✅
  [1594/1895] estar_funky... ✅
  [1595/1895] estar_fuñido... ✅
  [1596/1895] estar_garitado,_da... ✅
  [1597/1895] estar_gaseado,_da... ✅
  [1598/1895] estar_gotiao,_tiá... ✅
  [1599/1895] estar_guillado,_da... ✅
  [1600/1895] estar_gulembo,_ba... ✅
  [1601/1895] estar_haciéndose... ✅
  [1602/1895] estar_happy... ✅
  [1603/1895] estar_hasta_el_copete... ✅
  [1604/1895] estar_hasta_el_cuello... ✅
  [1605/1895] estar_hasta_la_patilla... ✅
  [1606/1895] estar_hasta_las_teleras... ✅
  [1607/1895] estar_hasta_los_lerenes... ✅
  [1608/1895] estar_heavy... ✅
  [1609/1895] estar_hecho... ✅
  [1610/1895] estar_hecho_leña... ✅
  [1611/1895] estar_hecho_un_bojote... ✅
  [1612/1895] estar_hecho_un_conejo... ✅
  [1613/1895] estar_hecho_una_campana... ✅
  [1614/1895] estar_hecho_una_etcétera... ✅
  [1615/1895] estar_hecho_una_palambra... ✅
  [1616/1895] estar_high... ✅
  [1617/1895] estar_impuesto... ✅
  [1618/1895] estar_in... ✅
  [1619/1895] estar_jalado,_da... ✅
  [1620/1895] estar_la_cosa_en_candela... ✅
  [1621/1895] estar_lampado,_da... ✅
  [1622/1895] estar_ligero... ✅
  [1623/1895] estar_listo... ✅
  [1624/1895] estar_mal_encabado... ✅
  [1625/1895] estar_malo... ✅
  [1626/1895] estar_malo_a_alguien... ✅
  [1627/1895] estar_metido,_da... ✅
  [1628/1895] estar_muerto... ✅
  [1629/1895] estar_más_arrancado_que_una_tusa... ✅
  [1630/1895] estar_más_caliente_que_un_ají... ✅
  [1631/1895] estar_más_combinao_que_una_papeleta... ✅
  [1632/1895] estar_más_cuero_que_jico... ✅
  [1633/1895] estar_más_enredado_que_un_plato_de_espaguetis... ✅
  [1634/1895] estar_más_guayao_que_un_guayo... ✅
  [1635/1895] estar_más_jalao_que_un_timbre_de_guagua... ✅
  [1636/1895] estar_más_jodío_que_un_forro_de_catre... ✅
  [1637/1895] estar_más_leído_que_un_periódico_de_barbería... ✅
  [1638/1895] estar_más_metido_que_el_zoco_del_medio... ✅
  [1639/1895] estar_más_pelado_que_un_chucho... ✅
  [1640/1895] estar_más_perdío_que_un_juey_bizco... ✅
  [1641/1895] estar_más_serio_que_un_cinco_de_queso... ✅
  [1642/1895] estar_ni_lámina... ✅
  [1643/1895] estar_nítido,_da... ✅
  [1644/1895] estar_off... ✅
  [1645/1895] estar_out... ✅
  [1646/1895] estar_parado,_da... ✅
  [1647/1895] estar_pasado_por_la_piedra... ✅
  [1648/1895] estar_pasando_un_cable... ✅
  [1649/1895] estar_patidifuso_y_mareconfundido... ✅
  [1650/1895] estar_pegado_al_bejuco... ✅
  [1651/1895] estar_pegao,_gá... ✅
  [1652/1895] estar_periqueando... ✅
  [1653/1895] estar_pidiendo_la_luz_por_señas... ✅
  [1654/1895] estar_pifiando... ✅
  [1655/1895] estar_pintado_en_la_pared... ✅
  [1656/1895] estar_pluma... ✅
  [1657/1895] estar_podrido_de_chavos... ✅
  [1658/1895] estar_podrido_de_dinero... ✅
  [1659/1895] estar_por_el_libro... ✅
  [1660/1895] estar_por_el_piso... ✅
  [1661/1895] estar_por_la_maceta... ✅
  [1662/1895] estar_prendido,_da... ✅
  [1663/1895] estar_puesto_para_(algo)... ✅
  [1664/1895] estar_pullado... ✅
  [1665/1895] estar_que_arde... ✅
  [1666/1895] estar_que_baila_solo... ✅
  [1667/1895] estar_que_corta... ✅
  [1668/1895] estar_que_estilla... ✅
  [1669/1895] estar_que_hace_orilla... ✅
  [1670/1895] estar_que_hierve... ✅
  [1671/1895] estar_que_las_divide... ✅
  [1672/1895] estar_que_le_ronca_la_manigueta... ✅
  [1673/1895] estar_que_muerde... ✅
  [1674/1895] estar_que_no_come_ni_piña... ✅
  [1675/1895] estar_que_no_hay_quien_le_beba_el_caldo... ✅
  [1676/1895] estar_que_pica... ✅
  [1677/1895] estar_que_se_acabó... ✅
  [1678/1895] estar_que_se_bebe_los_meaos... ✅
  [1679/1895] estar_quitado,_da... ✅
  [1680/1895] estar_quitado_de_bulla... ✅
  [1681/1895] estar_ratón... ✅
  [1682/1895] estar_ready... ✅
  [1683/1895] estar_relax... ✅
  [1684/1895] estar_rochado,_da... ✅
  [1685/1895] estar_roncando... ✅
  [1686/1895] estar_salvaje... ✅
  [1687/1895] estar_seco,_ca... ✅
  [1688/1895] estar_sentado... ✅
  [1689/1895] estar_sentado_en_el_baúl... ✅
  [1690/1895] estar_sick... ✅
  [1691/1895] estar_sin_mundo... ✅
  [1692/1895] estar_sonado,_da... ✅
  [1693/1895] estar_supuesto_a... ✅
  [1694/1895] estar_tarde... ✅
  [1695/1895] estar_tirado,_da... ✅
  [1696/1895] estar_tocado,_da... ✅
  [1697/1895] estar_tostado,_da... ✅
  [1698/1895] estar_trancado... ✅
  [1699/1895] estar_tripeando... ✅
  [1700/1895] estar_una_cosa_hecha_una_mogolla... ✅
  [1701/1895] estar_up... ✅
  [1702/1895] estar_uva... ✅
  [1703/1895] estar_varado,_da... ✅
  [1704/1895] estar_verde... ✅
  [1705/1895] estar_verdoseado,_da... ✅
  [1706/1895] estar_vilordo,_da... ✅
  [1707/1895] estar_yonqueado,_da... ✅
  [1708/1895] estar_zacún... ✅
  [1709/1895] estar_ñame... ✅
  [1710/1895] estar_ñangotado,_da... ✅
  [1711/1895] estarabillado,_da... ✅
  [1712/1895] estarcido... ✅
  [1713/1895] estartabillado,_da... ✅
  [1714/1895] estartalar... ✅
  [1715/1895] estartalarse... ✅
  [1716/1895] estartear... ✅
  [1717/1895] estasajar... ✅
  [1718/1895] estatal... ✅
  [1719/1895] estatus... ✅
  [1720/1895] estefanota... ✅
  [1721/1895] estefanote... ✅
  [1722/1895] estera... ✅
  [1723/1895] esterelío,_lía... ✅
  [1724/1895] esterilla... ✅
  [1725/1895] estiba... ✅
  [1726/1895] estibadora... ✅
  [1727/1895] estibar... ✅
  [1728/1895] estifear... ✅
  [1729/1895] estifiar... ✅
  [1730/1895] estijeras... ✅
  [1731/1895] estilista... ✅
  [1732/1895] estillado,_da... ✅
  [1733/1895] estilladura... ✅
  [1734/1895] estillar... ✅
  [1735/1895] estillarse... ✅
  [1736/1895] estillazo... ✅
  [1737/1895] estiloso,_sa... ✅
  [1738/1895] estimado... ✅
  [1739/1895] estinche... ✅
  [1740/1895] estinguidor... ✅
  [1741/1895] estirar_el_pie_hasta_donde_alcanza_la_cobija... ✅
  [1742/1895] estirar_la_pata... ✅
  [1743/1895] estirilizado,_da... ✅
  [1744/1895] esto_es_una_prueba... ✅
  [1745/1895] estoc... ✅
  [1746/1895] estocado,_da... ✅
  [1747/1895] estoconar... ✅
  [1748/1895] estofa... ✅
  [1749/1895] estofado,_da... ✅
  [1750/1895] estofar... ✅
  [1751/1895] estofarse... ✅
  [1752/1895] estofe... ✅
  [1753/1895] estofón,_na... ✅
  [1754/1895] estola... ✅
  [1755/1895] estoltusar... ✅
  [1756/1895] estonce... ✅
  [1757/1895] estontillado,_da... ✅
  [1758/1895] estontillarse... ✅
  [1759/1895] estopa... ✅
  [1760/1895] estoqueado,_da... ✅
  [1761/1895] estoquear... ✅
  [1762/1895] estoquiado,_da... ✅
  [1763/1895] estoquiao,_quiá... ✅
  [1764/1895] estoriado,_da... ✅
  [1765/1895] estoriarse... ✅
  [1766/1895] estornillao,_llá... ✅
  [1767/1895] estortarse... ✅
  [1768/1895] estortillao,_llá... ✅
  [1769/1895] estortillar... ✅
  [1770/1895] estortillarse... ✅
  [1771/1895] estortolado,_da... ✅
  [1772/1895] estostusar... ✅
  [1773/1895] estostuzar... ✅
  [1774/1895] estota... ✅
  [1775/1895] estragado,_da... ✅
  [1776/1895] estragamiento... ✅
  [1777/1895] estragarse... ✅
  [1778/1895] estrallado,_da... ✅
  [1779/1895] estrallar... ✅
  [1780/1895] estrasijado,_da... ✅
  [1781/1895] estrasijarse... ✅
  [1782/1895] estrata... ✅
  [1783/1895] estraña... ✅
  [1784/1895] estrecheza... ✅
  [1785/1895] estrella... ✅
  [1786/1895] estrella_solitaria... ✅
  [1787/1895] estrellazo... ✅
  [1788/1895] estrellero,_ra... ✅
  [1789/1895] estrellita... ✅
  [1790/1895] estrellón... ✅
  [1791/1895] estresante... ✅
  [1792/1895] estreñido,_da... ✅
  [1793/1895] estrillar... ✅
  [1794/1895] estrillarse... ✅
  [1795/1895] estrillo... ✅
  [1796/1895] estripar... ✅
  [1797/1895] estrobo... ✅
  [1798/1895] estrofa... ✅
  [1799/1895] estromelia... ✅
  [1800/1895] estromera... ✅
  [1801/1895] estroncarse... ✅
  [1802/1895] estropajo... ✅
  [1803/1895] estropesía... ✅
  [1804/1895] estropicio... ✅
  [1805/1895] estrucado,_da... ✅
  [1806/1895] estrucar... ✅
  [1807/1895] estrucretado,_da... ✅
  [1808/1895] estrujado,_da... ✅
  [1809/1895] estrujado... ✅
  [1810/1895] estrujamiento... ✅
  [1811/1895] estrujar... ✅
  [1812/1895] estrujón... ✅
  [1813/1895] estráfala... ✅
  [1814/1895] estráfoga... ✅
  [1815/1895] estrés... ✅
  [1816/1895] estrésico,_ca... ✅
  [1817/1895] estrófago,_ga... ✅
  [1818/1895] estucar... ✅
  [1819/1895] estudiantado... ✅
  [1820/1895] estudio... ✅
  [1821/1895] estufa... ✅
  [1822/1895] estufa_del_granulador... ✅
  [1823/1895] estufita... ✅
  [1824/1895] estusado,_da... ✅
  [1825/1895] estusar... ✅
  [1826/1895] estusarse... ✅
  [1827/1895] estustusar... ✅
  [1828/1895] están... ✅
  [1829/1895] estándar... ✅
  [1830/1895] estándar_de_vida... ✅
  [1831/1895] estárter... ✅
  [1832/1895] estéreo... ✅
  [1833/1895] estética... ✅
  [1834/1895] esvalijar... ✅
  [1835/1895] esvanecerse... ✅
  [1836/1895] esvanecido,_da... ✅
  [1837/1895] esvanecimiento... ✅
  [1838/1895] esvaído,_da... ✅
  [1839/1895] esvielarse... ✅
  [1840/1895] esvirgar... ✅
  [1841/1895] esyuncarse... ✅
  [1842/1895] esñemado,_da... ✅
  [1843/1895] esñemao,_má... ✅
  [1844/1895] esñemarse... ✅
  [1845/1895] esñocar... ✅
  [1846/1895] esúnico,_ca... ✅
  [1847/1895] etiquencia... ✅
  [1848/1895] etiqueta... ✅
  [1849/1895] etrás... ✅
  [1850/1895] eugenio... ✅
  [1851/1895] evangelístico,_ca... ✅
  [1852/1895] evaporador... ✅
  [1853/1895] evaporadora... ✅
  [1854/1895] evento... ✅
  [1855/1895] eventual... ✅
  [1856/1895] eventualmente... ✅
  [1857/1895] evidencia... ✅
  [1858/1895] evidente... ✅
  [1859/1895] evocativo,_va... ✅
  [1860/1895] excelsa... ✅
  [1861/1895] exclusivo,_va... ✅
  [1862/1895] excusado... ✅
  [1863/1895] expansión... ✅
  [1864/1895] expendable... ✅
  [1865/1895] experienciar... ✅
  [1866/1895] explotado,_da... ✅
  [1867/1895] explotar... ✅
  [1868/1895] expreso... ✅
  [1869/1895] express_mail... ✅
  [1870/1895] exprimidora... ✅
  [1871/1895] exprimión... ✅
  [1872/1895] extenderse_como_la_verdolaga... ✅
  [1873/1895] extensión... ✅
  [1874/1895] externalizar... ✅
  [1875/1895] externar... ✅
  [1876/1895] extinguidor... ✅
  [1877/1895] extinto,_ta... ✅
  [1878/1895] extra-inning... ✅
  [1879/1895] extra_inning... ✅
  [1880/1895] extra_large... ✅
  [1881/1895] extra_light... ✅
  [1882/1895] extra_lite... ✅
  [1883/1895] extrabase... ✅
  [1884/1895] extractor... ✅
  [1885/1895] extraditable... ✅
  [1886/1895] extraditar... ✅
  [1887/1895] extranet... ✅
  [1888/1895] extraviado,_da... ✅
  [1889/1895] eyelet... ✅
  [1890/1895] eyeliner... ✅
  [1891/1895] eyerí... ✅
  [1892/1895] eñangotado,_da... ✅
  [1893/1895] eñangotao,_tá... ✅
  [1894/1895] eñangotarse... ✅
  [1895/1895] eño,_ña... ✅

================================================================================
CONSOLIDATION COMPLETE
================================================================================
  Letter:        E
  Processed:     1895
  Failed:        0
  Output folder: /Users/andrewcasanova/Documents/data_science_projects/ai_projects/TESORO_BORICUA/webscrape/data/preprocessed_tesoro_v2/e


================================================================================
CONSOLIDATING LETTER 'F' - 826 words
================================================================================

  [   1/826] f... ✅
  [   2/826] faa... ✅
  [   3/826] fabricar_un_caso... ✅
  [   4/826] fabu... ✅
  [   5/826] fabuloso,_sa... ✅
  [   6/826] fabú... ✅
  [   7/826] face_lift... ✅
  [   8/826] fachada... ✅
  [   9/826] fachoso,_sa... ✅
  [  10/826] facilidad... ✅
  [  11/826] facilidades... ✅
  [  12/826] facilidades_físicas... ✅
  [  13/826] facilitador,_ra... ✅
  [  14/826] facistol... ✅
  [  15/826] facistolero,_ra... ✅
  [  16/826] facistolería... ✅
  [  17/826] facistorería... ✅
  [  18/826] factoría... ✅
  [  19/826] factual... ✅
  [  20/826] facultades... ✅
  [  21/826] fagina... ✅
  [  22/826] fair_(ball)... ✅
  [  23/826] fair_(territory)... ✅
  [  24/826] fair_and_square... ✅
  [  25/826] fair_play... ✅
  [  26/826] fairway... ✅
  [  27/826] faisiones... ✅
  [  28/826] faisán... ✅
  [  29/826] fajado,_da... ✅
  [  30/826] fajar... ✅
  [  31/826] fajardeño,_ña... ✅
  [  32/826] fajarse... ✅
  [  33/826] fajazo... ✅
  [  34/826] fajina... ✅
  [  35/826] fajinar... ✅
  [  36/826] fajinear... ✅
  [  37/826] fajitas... ✅
  [  38/826] fajo... ✅
  [  39/826] fajón,_na... ✅
  [  40/826] fake... ✅
  [  41/826] falca... ✅
  [  42/826] falcón... ✅
  [  43/826] falcón_de_sierra... ✅
  [  44/826] falda... ✅
  [  45/826] faldellín... ✅
  [  46/826] faldeta... ✅
  [  47/826] faldriquera... ✅
  [  48/826] falfayota... ✅
  [  49/826] falfuya... ✅
  [  50/826] falfuyero,_ra... ✅
  [  51/826] falfuyería... ✅
  [  52/826] falla... ✅
  [  53/826] fallarse... ✅
  [  54/826] fallo,_lla... ✅
  [  55/826] fallonero,_ra... ✅
  [  56/826] falluco,_ca... ✅
  [  57/826] falluto,_ta... ✅
  [  58/826] falsa_belladona... ✅
  [  59/826] falsete... ✅
  [  60/826] falso,_sa... ✅
  [  61/826] falso_piso... ✅
  [  62/826] falta... ✅
  [  63/826] faltar... ✅
  [  64/826] faltar_al_respeto... ✅
  [  65/826] faltar_x_para_las_y... ✅
  [  66/826] faltarle_a_uno_el_resuello... ✅
  [  67/826] faltarse... ✅
  [  68/826] falto,_ta... ✅
  [  69/826] faltriquera... ✅
  [  70/826] falucho... ✅
  [  71/826] familia... ✅
  [  72/826] familia_grande... ✅
  [  73/826] family_(room)... ✅
  [  74/826] family_room... ✅
  [  75/826] family_trip... ✅
  [  76/826] fampolomi... ✅
  [  77/826] fan... ✅
  [  78/826] fan_club... ✅
  [  79/826] fanaticada... ✅
  [  80/826] fancy... ✅
  [  81/826] fancy_shop... ✅
  [  82/826] fandango... ✅
  [  83/826] fandanguillo... ✅
  [  84/826] fanduca... ✅
  [  85/826] fandusca... ✅
  [  86/826] fanega... ✅
  [  87/826] fanfarria... ✅
  [  88/826] fanguero... ✅
  [  89/826] fanguito... ✅
  [  90/826] fantaseo... ✅
  [  91/826] fantasmagorizarse... ✅
  [  92/826] fantasmas... ✅
  [  93/826] fantasy... ✅
  [  94/826] fantasía... ✅
  [  95/826] fantoche... ✅
  [  96/826] fanático,_ca... ✅
  [  97/826] fao... ✅
  [  98/826] farallón... ✅
  [  99/826] farandulero,_ra... ✅
  [ 100/826] farandúlico,_ca... ✅
  [ 101/826] fardiquera... ✅
  [ 102/826] fardo... ✅
  [ 103/826] farfallota... ✅
  [ 104/826] farfallota_hembra... ✅
  [ 105/826] farfallota_macho... ✅
  [ 106/826] farfulla... ✅
  [ 107/826] farfullero,_ra... ✅
  [ 108/826] farfullería... ✅
  [ 109/826] farifo... ✅
  [ 110/826] farmacia_de_turno... ✅
  [ 111/826] farolear... ✅
  [ 112/826] farra... ✅
  [ 113/826] farrista... ✅
  [ 114/826] farufa... ✅
  [ 115/826] fashion... ✅
  [ 116/826] fashion_show... ✅
  [ 117/826] fashionista... ✅
  [ 118/826] fasistorería... ✅
  [ 119/826] fast_food... ✅
  [ 120/826] fast_track... ✅
  [ 121/826] fastidiadera... ✅
  [ 122/826] fastidión,_na... ✅
  [ 123/826] fastrén,_na... ✅
  [ 124/826] fastén... ✅
  [ 125/826] fat-free... ✅
  [ 126/826] fat... ✅
  [ 127/826] fat_free... ✅
  [ 128/826] fatal... ✅
  [ 129/826] fatiga... ✅
  [ 130/826] fatiga_de_ahogo... ✅
  [ 131/826] fatigoso,_sa... ✅
  [ 132/826] fatty... ✅
  [ 133/826] fatula... ✅
  [ 134/826] fatulo,_la... ✅
  [ 135/826] faul... ✅
  [ 136/826] favor_de... ✅
  [ 137/826] fax... ✅
  [ 138/826] faxear... ✅
  [ 139/826] faño,_ña... ✅
  [ 140/826] fañosidad... ✅
  [ 141/826] fañoso,_sa... ✅
  [ 142/826] fbi... ✅
  [ 143/826] fcc... ✅
  [ 144/826] fda... ✅
  [ 145/826] feca... ✅
  [ 146/826] feco... ✅
  [ 147/826] fecundizar... ✅
  [ 148/826] federal... ✅
  [ 149/826] federales... ✅
  [ 150/826] federico,_ca... ✅
  [ 151/826] fee... ✅
  [ 152/826] feedback... ✅
  [ 153/826] feel... ✅
  [ 154/826] feeling... ✅
  [ 155/826] fega... ✅
  [ 156/826] felfa... ✅
  [ 157/826] fellowship... ✅
  [ 158/826] felony... ✅
  [ 159/826] felpa... ✅
  [ 160/826] fem... ✅
  [ 161/826] fema... ✅
  [ 162/826] fendix... ✅
  [ 163/826] fenómeno,_na... ✅
  [ 164/826] fenómeno... ✅
  [ 165/826] feocio,_cia... ✅
  [ 166/826] feosíaco,_ca... ✅
  [ 167/826] feote,_ta... ✅
  [ 168/826] fequero,_ra... ✅
  [ 169/826] fermentación... ✅
  [ 170/826] ferretería... ✅
  [ 171/826] ferri... ✅
  [ 172/826] ferry... ✅
  [ 173/826] fertilización... ✅
  [ 174/826] fertilizante... ✅
  [ 175/826] festival... ✅
  [ 176/826] fetiche... ✅
  [ 177/826] feto... ✅
  [ 178/826] fetor... ✅
  [ 179/826] feudo... ✅
  [ 180/826] feérico,_ca... ✅
  [ 181/826] feúra... ✅
  [ 182/826] fha... ✅
  [ 183/826] fiaca... ✅
  [ 184/826] fiambre... ✅
  [ 185/826] fiar... ✅
  [ 186/826] fiberglass... ✅
  [ 187/826] fibra_dietaria... ✅
  [ 188/826] ficha... ✅
  [ 189/826] fichado,_da... ✅
  [ 190/826] fichar... ✅
  [ 191/826] fideligno,_na... ✅
  [ 192/826] fideo... ✅
  [ 193/826] fideíllo... ✅
  [ 194/826] fiebrar... ✅
  [ 195/826] fiebre... ✅
  [ 196/826] fiebre_amarilla... ✅
  [ 197/826] fiebre_de_pollo... ✅
  [ 198/826] fiebre_pelúa... ✅
  [ 199/826] fiebrú-brúa... ✅
  [ 200/826] fiei... ✅
  [ 201/826] fiel... ✅
  [ 202/826] field... ✅
  [ 203/826] field_day... ✅
  [ 204/826] field_trip... ✅
  [ 205/826] fieldeador,_ra... ✅
  [ 206/826] fieldear... ✅
  [ 207/826] fieldeo... ✅
  [ 208/826] fielder's_choice... ✅
  [ 209/826] fielder... ✅
  [ 210/826] fierabrás... ✅
  [ 211/826] fiesta_de_doble_pespunte... ✅
  [ 212/826] fiesta_de_la_media_raja... ✅
  [ 213/826] fiesta_de_reyes... ✅
  [ 214/826] fiesta_de_traje... ✅
  [ 215/826] fiesta_del_acabe... ✅
  [ 216/826] fiesta_del_botón_y_la_golilla... ✅
  [ 217/826] fiestar... ✅
  [ 218/826] fiestear... ✅
  [ 219/826] fiesteo... ✅
  [ 220/826] fiestón... ✅
  [ 221/826] fifí... ✅
  [ 222/826] figa... ✅
  [ 223/826] figar... ✅
  [ 224/826] fighter... ✅
  [ 225/826] figuereo... ✅
  [ 226/826] figura... ✅
  [ 227/826] figurar... ✅
  [ 228/826] figureo... ✅
  [ 229/826] figurita... ✅
  [ 230/826] figurín... ✅
  [ 231/826] figurón,_na... ✅
  [ 232/826] fijar_la_picada... ✅
  [ 233/826] fijo... ✅
  [ 234/826] fil... ✅
  [ 235/826] filaria... ✅
  [ 236/826] fildeador,_ra... ✅
  [ 237/826] fildear... ✅
  [ 238/826] fildei... ✅
  [ 239/826] fildeo... ✅
  [ 240/826] filder... ✅
  [ 241/826] file... ✅
  [ 242/826] file_sharing... ✅
  [ 243/826] file_transfer... ✅
  [ 244/826] filemón,_na... ✅
  [ 245/826] filete... ✅
  [ 246/826] filfa... ✅
  [ 247/826] filibustier... ✅
  [ 248/826] film... ✅
  [ 249/826] film_scoring... ✅
  [ 250/826] filmar... ✅
  [ 251/826] filme... ✅
  [ 252/826] filo... ✅
  [ 253/826] filoso,_sa... ✅
  [ 254/826] filosofía... ✅
  [ 255/826] filoteao,_teá... ✅
  [ 256/826] filotear... ✅
  [ 257/826] filtración... ✅
  [ 258/826] filtrafa... ✅
  [ 259/826] filtros... ✅
  [ 260/826] filudo,_da... ✅
  [ 261/826] filú,_lúa... ✅
  [ 262/826] final... ✅
  [ 263/826] finca... ✅
  [ 264/826] finca_de_yerba... ✅
  [ 265/826] fincar... ✅
  [ 266/826] finche... ✅
  [ 267/826] fine_arts... ✅
  [ 268/826] finger... ✅
  [ 269/826] finger_jello... ✅
  [ 270/826] finished... ✅
  [ 271/826] finito,_ta... ✅
  [ 272/826] fino,_na... ✅
  [ 273/826] fino... ✅
  [ 274/826] fino_de_espuela... ✅
  [ 275/826] finodo,_da... ✅
  [ 276/826] fique... ✅
  [ 277/826] fiqueo,_quea... ✅
  [ 278/826] firewall... ✅
  [ 279/826] fireworks... ✅
  [ 280/826] firma... ✅
  [ 281/826] firmado,_da... ✅
  [ 282/826] firmar... ✅
  [ 283/826] firme... ✅
  [ 284/826] firmón,_na... ✅
  [ 285/826] first_class... ✅
  [ 286/826] firulístico,_ca... ✅
  [ 287/826] fisga... ✅
  [ 288/826] fish... ✅
  [ 289/826] fish_and_chips... ✅
  [ 290/826] fisiculturismo... ✅
  [ 291/826] fisiculturista... ✅
  [ 292/826] fitness... ✅
  [ 293/826] fitted... ✅
  [ 294/826] fitting... ✅
  [ 295/826] fitting_room... ✅
  [ 296/826] fiñe... ✅
  [ 297/826] flaco,_ca... ✅
  [ 298/826] flaco_como_un_bacalao... ✅
  [ 299/826] flacón,_na... ✅
  [ 300/826] flagrante... ✅
  [ 301/826] flagrantemente... ✅
  [ 302/826] flai... ✅
  [ 303/826] flajear... ✅
  [ 304/826] flama... ✅
  [ 305/826] flamable... ✅
  [ 306/826] flamallera... ✅
  [ 307/826] flamboyana... ✅
  [ 308/826] flamboyán... ✅
  [ 309/826] flamboyán_amarillo... ✅
  [ 310/826] flamboyán_azul... ✅
  [ 311/826] flamboyán_blanco... ✅
  [ 312/826] flamboyán_rojo... ✅
  [ 313/826] flamenco,_ca... ✅
  [ 314/826] flamero... ✅
  [ 315/826] flan... ✅
  [ 316/826] flanearse... ✅
  [ 317/826] flaquencia... ✅
  [ 318/826] flash-light... ✅
  [ 319/826] flash... ✅
  [ 320/826] flash_light... ✅
  [ 321/826] flash_mob... ✅
  [ 322/826] flash_mobbing... ✅
  [ 323/826] flashback... ✅
  [ 324/826] flashear... ✅
  [ 325/826] flasher_lights... ✅
  [ 326/826] flashlight... ✅
  [ 327/826] flat... ✅
  [ 328/826] flat_bed... ✅
  [ 329/826] flat_panel... ✅
  [ 330/826] flat_rate... ✅
  [ 331/826] flat_screen... ✅
  [ 332/826] flat_top... ✅
  [ 333/826] flatbed... ✅
  [ 334/826] flauta... ✅
  [ 335/826] flautista... ✅
  [ 336/826] flay... ✅
  [ 337/826] flea_market... ✅
  [ 338/826] flecar... ✅
  [ 339/826] flecha... ✅
  [ 340/826] flechado,_da... ✅
  [ 341/826] flechador,_ra... ✅
  [ 342/826] flechera... ✅
  [ 343/826] fleco,_ca... ✅
  [ 344/826] fleje... ✅
  [ 345/826] flemón... ✅
  [ 346/826] flequear... ✅
  [ 347/826] fleta... ✅
  [ 348/826] fletado,_da... ✅
  [ 349/826] fletar... ✅
  [ 350/826] flete... ✅
  [ 351/826] fli... ✅
  [ 352/826] flicha... ✅
  [ 353/826] fliche... ✅
  [ 354/826] flight_al_pitcher... ✅
  [ 355/826] flight_al_pícher... ✅
  [ 356/826] flight_attendant... ✅
  [ 357/826] fligueo... ✅
  [ 358/826] flinche... ✅
  [ 359/826] flipear... ✅
  [ 360/826] flipearse... ✅
  [ 361/826] flipeo... ✅
  [ 362/826] flipiado,_da... ✅
  [ 363/826] flipiadora... ✅
  [ 364/826] fliqueado,_da... ✅
  [ 365/826] fliquear... ✅
  [ 366/826] fliqueo... ✅
  [ 367/826] flirt... ✅
  [ 368/826] flirtear... ✅
  [ 369/826] flirteo... ✅
  [ 370/826] flit... ✅
  [ 371/826] flocho,_cha... ✅
  [ 372/826] flofi... ✅
  [ 373/826] flofio,_fia... ✅
  [ 374/826] flojo,_ja... ✅
  [ 375/826] flojo_de_casco... ✅
  [ 376/826] flojo_de_constitución... ✅
  [ 377/826] flojo_de_pierna... ✅
  [ 378/826] flonquiar... ✅
  [ 379/826] floor... ✅
  [ 380/826] floppy... ✅
  [ 381/826] flor... ✅
  [ 382/826] flor_de_agua... ✅
  [ 383/826] flor_de_aguinaldo... ✅
  [ 384/826] flor_de_anacahuita... ✅
  [ 385/826] flor_de_anís... ✅
  [ 386/826] flor_de_canela... ✅
  [ 387/826] flor_de_caña... ✅
  [ 388/826] flor_de_ceniza... ✅
  [ 389/826] flor_de_cotorra... ✅
  [ 390/826] flor_de_culebra... ✅
  [ 391/826] flor_de_gato... ✅
  [ 392/826] flor_de_hedionda... ✅
  [ 393/826] flor_de_inodoro... ✅
  [ 394/826] flor_de_la_adelaida... ✅
  [ 395/826] flor_de_la_caña... ✅
  [ 396/826] flor_de_la_montaña... ✅
  [ 397/826] flor_de_manzanilla... ✅
  [ 398/826] flor_de_mayo... ✅
  [ 399/826] flor_de_muerto... ✅
  [ 400/826] flor_de_nagua... ✅
  [ 401/826] flor_de_palo_viejo... ✅
  [ 402/826] flor_de_pascua... ✅
  [ 403/826] flor_de_pasión_silvestre... ✅
  [ 404/826] flor_de_peo... ✅
  [ 405/826] flor_de_pollo... ✅
  [ 406/826] flor_de_rayo... ✅
  [ 407/826] flor_de_tierra... ✅
  [ 408/826] flor_de_tigüero... ✅
  [ 409/826] flor_de_vaca... ✅
  [ 410/826] flor_del_cariaquillo... ✅
  [ 411/826] flor_del_hibisco... ✅
  [ 412/826] flor_fina... ✅
  [ 413/826] flor_jíbara... ✅
  [ 414/826] flor_roja... ✅
  [ 415/826] flor_vieja... ✅
  [ 416/826] florcita... ✅
  [ 417/826] floreada... ✅
  [ 418/826] floreado,_da... ✅
  [ 419/826] florear... ✅
  [ 420/826] florecida... ✅
  [ 421/826] florecido,_da... ✅
  [ 422/826] floretear... ✅
  [ 423/826] floreteo... ✅
  [ 424/826] floretero,_ra... ✅
  [ 425/826] florido,_da... ✅
  [ 426/826] floripondio... ✅
  [ 427/826] florón,_na... ✅
  [ 428/826] florón... ✅
  [ 429/826] flota... ✅
  [ 430/826] flow_(artístico)... ✅
  [ 431/826] flow_drum... ✅
  [ 432/826] flu... ✅
  [ 433/826] fluffy... ✅
  [ 434/826] fluidez... ✅
  [ 435/826] fluidez_económica... ✅
  [ 436/826] fluidos_corporales... ✅
  [ 437/826] flus... ✅
  [ 438/826] flushear... ✅
  [ 439/826] fluvial... ✅
  [ 440/826] flux... ✅
  [ 441/826] fly... ✅
  [ 442/826] fly_(ball)... ✅
  [ 443/826] fly_de_sacrificio... ✅
  [ 444/826] flyer... ✅
  [ 445/826] fláccido,_da... ✅
  [ 446/826] flácido,_da... ✅
  [ 447/826] flú... ✅
  [ 448/826] fm... ✅
  [ 449/826] foam... ✅
  [ 450/826] foam_(rubber)... ✅
  [ 451/826] foam_rubber... ✅
  [ 452/826] focalizar... ✅
  [ 453/826] foco... ✅
  [ 454/826] foetazo... ✅
  [ 455/826] foete... ✅
  [ 456/826] foetear... ✅
  [ 457/826] foetiza... ✅
  [ 458/826] fofis... ✅
  [ 459/826] fofo... ✅
  [ 460/826] fog_lamps... ✅
  [ 461/826] fogaje... ✅
  [ 462/826] fogarada... ✅
  [ 463/826] fogonazo... ✅
  [ 464/826] fogonero... ✅
  [ 465/826] fogorá... ✅
  [ 466/826] fogozo,_za... ✅
  [ 467/826] foguear... ✅
  [ 468/826] foguearse... ✅
  [ 469/826] fogueo... ✅
  [ 470/826] foguera... ✅
  [ 471/826] foguero... ✅
  [ 472/826] fogón... ✅
  [ 473/826] folclor... ✅
  [ 474/826] folclore... ✅
  [ 475/826] folder... ✅
  [ 476/826] folding... ✅
  [ 477/826] foley... ✅
  [ 478/826] folk... ✅
  [ 479/826] folklore... ✅
  [ 480/826] follisca... ✅
  [ 481/826] follosas... ✅
  [ 482/826] follow_up... ✅
  [ 483/826] follón... ✅
  [ 484/826] fomentado,_da... ✅
  [ 485/826] fomentar... ✅
  [ 486/826] fomento... ✅
  [ 487/826] fonda... ✅
  [ 488/826] fondear... ✅
  [ 489/826] fondearse... ✅
  [ 490/826] fondero,_ra... ✅
  [ 491/826] fondillo... ✅
  [ 492/826] fondilludo,_da... ✅
  [ 493/826] fondillón,_na... ✅
  [ 494/826] fondismo... ✅
  [ 495/826] fondo... ✅
  [ 496/826] fondo_de_retiro... ✅
  [ 497/826] fondos_externos... ✅
  [ 498/826] fongui... ✅
  [ 499/826] fonqui... ✅
  [ 500/826] food_court... ✅
  [ 501/826] food_stamps... ✅
  [ 502/826] football... ✅
  [ 503/826] foragaita... ✅
  [ 504/826] force_out... ✅
  [ 505/826] forceps... ✅
  [ 506/826] forehand... ✅
  [ 507/826] foreman... ✅
  [ 508/826] forever... ✅
  [ 509/826] forfeit... ✅
  [ 510/826] forfit... ✅
  [ 511/826] forito... ✅
  [ 512/826] forjar_a_marrón... ✅
  [ 513/826] fork_ball... ✅
  [ 514/826] forma... ✅
  [ 515/826] formal... ✅
  [ 516/826] formaleta... ✅
  [ 517/826] formaletear... ✅
  [ 518/826] formarse... ✅
  [ 519/826] formarse_la_tángana... ✅
  [ 520/826] formarse_un_raqueteo_de_palo_y_leña... ✅
  [ 521/826] formarse_un_salpafuera... ✅
  [ 522/826] formarse_una_bachata... ✅
  [ 523/826] formatear... ✅
  [ 524/826] formato... ✅
  [ 525/826] formica... ✅
  [ 526/826] fornalla... ✅
  [ 527/826] fornitura... ✅
  [ 528/826] forragaita... ✅
  [ 529/826] forrajear... ✅
  [ 530/826] forrarse... ✅
  [ 531/826] forro... ✅
  [ 532/826] forro_de_catre... ✅
  [ 533/826] forrongo... ✅
  [ 534/826] fortran... ✅
  [ 535/826] fortuna... ✅
  [ 536/826] fortuosa... ✅
  [ 537/826] forulo... ✅
  [ 538/826] forward... ✅
  [ 539/826] fosa... ✅
  [ 540/826] fosforito... ✅
  [ 541/826] fosiliciado,_da... ✅
  [ 542/826] fostró... ✅
  [ 543/826] fotingo... ✅
  [ 544/826] foto_finish... ✅
  [ 545/826] fotoco... ✅
  [ 546/826] fotografista... ✅
  [ 547/826] fotoperiodismo... ✅
  [ 548/826] fotoperiodista... ✅
  [ 549/826] fotuco... ✅
  [ 550/826] fotutazo... ✅
  [ 551/826] fotutear... ✅
  [ 552/826] fotutero,_ra... ✅
  [ 553/826] fotuto,_ta... ✅
  [ 554/826] fotuto... ✅
  [ 555/826] fotuto_de_camello... ✅
  [ 556/826] foul... ✅
  [ 557/826] foul_ball... ✅
  [ 558/826] foul_fly... ✅
  [ 559/826] foul_tip... ✅
  [ 560/826] four_track... ✅
  [ 561/826] four_wheel_drive... ✅
  [ 562/826] fox-trot... ✅
  [ 563/826] fox_terrier... ✅
  [ 564/826] foyer... ✅
  [ 565/826] foyuco,_ca... ✅
  [ 566/826] fracatán... ✅
  [ 567/826] fracatón... ✅
  [ 568/826] fragancia_de_pecho... ✅
  [ 569/826] fragancia_en_las_arcas... ✅
  [ 570/826] fragancioso,_sa... ✅
  [ 571/826] fragor... ✅
  [ 572/826] fraguar... ✅
  [ 573/826] frailecito... ✅
  [ 574/826] frajeo... ✅
  [ 575/826] framboyán... ✅
  [ 576/826] frame... ✅
  [ 577/826] francotirador,_ra... ✅
  [ 578/826] franela... ✅
  [ 579/826] frangipani... ✅
  [ 580/826] frangollo... ✅
  [ 581/826] franquicia... ✅
  [ 582/826] frasquero... ✅
  [ 583/826] frasquería... ✅
  [ 584/826] fraterna... ✅
  [ 585/826] fraternidad... ✅
  [ 586/826] fraterno... ✅
  [ 587/826] freaky... ✅
  [ 588/826] free_for_all... ✅
  [ 589/826] free_lance... ✅
  [ 590/826] free_market... ✅
  [ 591/826] freelance... ✅
  [ 592/826] freemarket... ✅
  [ 593/826] freenet... ✅
  [ 594/826] freeware... ✅
  [ 595/826] freezer... ✅
  [ 596/826] freezing... ✅
  [ 597/826] fregado,_da... ✅
  [ 598/826] fregamiento... ✅
  [ 599/826] fregao... ✅
  [ 600/826] fregar... ✅
  [ 601/826] fregar_la_paciencia... ✅
  [ 602/826] fregazón... ✅
  [ 603/826] fregosa... ✅
  [ 604/826] fregón,_na... ✅
  [ 605/826] freidor,_ra... ✅
  [ 606/826] french_fries... ✅
  [ 607/826] frenero,_ra... ✅
  [ 608/826] frenillo... ✅
  [ 609/826] freno... ✅
  [ 610/826] freno_automático... ✅
  [ 611/826] freno_de_emergencia... ✅
  [ 612/826] frente... ✅
  [ 613/826] frentil... ✅
  [ 614/826] frentina... ✅
  [ 615/826] frentudo,_da... ✅
  [ 616/826] freque... ✅
  [ 617/826] fresa... ✅
  [ 618/826] fresca... ✅
  [ 619/826] fresca_de_la_mañana... ✅
  [ 620/826] fresca_de_la_tarde... ✅
  [ 621/826] fresco,_ca... ✅
  [ 622/826] fresco... ✅
  [ 623/826] frescura... ✅
  [ 624/826] freshman... ✅
  [ 625/826] fresquecito,_ta... ✅
  [ 626/826] fresquería... ✅
  [ 627/826] fresquito... ✅
  [ 628/826] fricasé... ✅
  [ 629/826] fricasé_de_culo... ✅
  [ 630/826] friega... ✅
  [ 631/826] friend_zone... ✅
  [ 632/826] friendo_y_comiendo... ✅
  [ 633/826] friendzone... ✅
  [ 634/826] friendzonear... ✅
  [ 635/826] fries... ✅
  [ 636/826] frijol... ✅
  [ 637/826] frijol_caballero... ✅
  [ 638/826] frijol_cimarrón... ✅
  [ 639/826] frijol_marrullero... ✅
  [ 640/826] frijolear... ✅
  [ 641/826] frijolillo... ✅
  [ 642/826] friolento,_ta... ✅
  [ 643/826] friqueado,_da... ✅
  [ 644/826] friquear... ✅
  [ 645/826] friquearse... ✅
  [ 646/826] friqueo... ✅
  [ 647/826] friquiado,_da... ✅
  [ 648/826] friquino,_na... ✅
  [ 649/826] friquismiquis... ✅
  [ 650/826] friquitiar... ✅
  [ 651/826] friquitín... ✅
  [ 652/826] frisa... ✅
  [ 653/826] frisado,_da... ✅
  [ 654/826] frisado... ✅
  [ 655/826] frisar... ✅
  [ 656/826] frisarse... ✅
  [ 657/826] frisbee... ✅
  [ 658/826] frise... ✅
  [ 659/826] frisi... ✅
  [ 660/826] frisin... ✅
  [ 661/826] frita... ✅
  [ 662/826] frita_de_sartén... ✅
  [ 663/826] fritanga... ✅
  [ 664/826] fritanguero,_ra... ✅
  [ 665/826] frito,_ta... ✅
  [ 666/826] fritolera... ✅
  [ 667/826] fritolero,_ra... ✅
  [ 668/826] fritura... ✅
  [ 669/826] frizado,_da... ✅
  [ 670/826] frizado... ✅
  [ 671/826] frizar... ✅
  [ 672/826] frizarse... ✅
  [ 673/826] frizzy... ✅
  [ 674/826] from... ✅
  [ 675/826] frondoso,_sa... ✅
  [ 676/826] front_desk... ✅
  [ 677/826] fronte... ✅
  [ 678/826] frontear... ✅
  [ 679/826] frontil... ✅
  [ 680/826] frontila... ✅
  [ 681/826] frontú,_tua... ✅
  [ 682/826] froripondio... ✅
  [ 683/826] frost... ✅
  [ 684/826] frostear... ✅
  [ 685/826] frosting... ✅
  [ 686/826] frozen... ✅
  [ 687/826] frozita... ✅
  [ 688/826] fruta_bomba... ✅
  [ 689/826] fruta_de_sartén... ✅
  [ 690/826] frutear... ✅
  [ 691/826] fruterío... ✅
  [ 692/826] frutos_mayores... ✅
  [ 693/826] frutos_menores... ✅
  [ 694/826] fría... ✅
  [ 695/826] frío... ✅
  [ 696/826] frío_olímpico... ✅
  [ 697/826] frío_pelú... ✅
  [ 698/826] fríser... ✅
  [ 699/826] frízer... ✅
  [ 700/826] ftp... ✅
  [ 701/826] fua-fua... ✅
  [ 702/826] fua... ✅
  [ 703/826] fua_fuá... ✅
  [ 704/826] fuacatazo... ✅
  [ 705/826] fucky... ✅
  [ 706/826] fudge... ✅
  [ 707/826] fuel_(oil)... ✅
  [ 708/826] fuel_cell... ✅
  [ 709/826] fuel_charge... ✅
  [ 710/826] fuel_ingection... ✅
  [ 711/826] fuellar... ✅
  [ 712/826] fuente... ✅
  [ 713/826] fuente_de_soda... ✅
  [ 714/826] fuera... ✅
  [ 715/826] fuera_de_base... ✅
  [ 716/826] fuera_de_foco... ✅
  [ 717/826] fuera_de_liga... ✅
  [ 718/826] fuera_de_onda... ✅
  [ 719/826] fuera_de_ruta... ✅
  [ 720/826] fuera_de_récord... ✅
  [ 721/826] fuera_de_servicio... ✅
  [ 722/826] fuera_de_sintonía... ✅
  [ 723/826] fuera_de_órbita... ✅
  [ 724/826] fuera_tono... ✅
  [ 725/826] fuerte... ✅
  [ 726/826] fuerte_de_cara... ✅
  [ 727/826] fuerteventura... ✅
  [ 728/826] fuerza... ✅
  [ 729/826] fuerza_de_sangre... ✅
  [ 730/826] fuetazo... ✅
  [ 731/826] fuete... ✅
  [ 732/826] fuete_y_bate... ✅
  [ 733/826] fuetear... ✅
  [ 734/826] fuetiza... ✅
  [ 735/826] fuey... ✅
  [ 736/826] fufiar... ✅
  [ 737/826] fufú... ✅
  [ 738/826] fufú_maneco... ✅
  [ 739/826] fuga... ✅
  [ 740/826] fugilatearse... ✅
  [ 741/826] ful... ✅
  [ 742/826] fula... ✅
  [ 743/826] fuleada... ✅
  [ 744/826] fuleado,_da... ✅
  [ 745/826] fulear... ✅
  [ 746/826] fuleteada... ✅
  [ 747/826] fuleteado,_da... ✅
  [ 748/826] fuliar... ✅
  [ 749/826] fulinga... ✅
  [ 750/826] full-service... ✅
  [ 751/826] full-time... ✅
  [ 752/826] full... ✅
  [ 753/826] full_cover... ✅
  [ 754/826] full_service... ✅
  [ 755/826] full_staff... ✅
  [ 756/826] full_time... ✅
  [ 757/826] full_update... ✅
  [ 758/826] fullero,_ra... ✅
  [ 759/826] fullinga... ✅
  [ 760/826] fullosa... ✅
  [ 761/826] fullín... ✅
  [ 762/826] fuma... ✅
  [ 763/826] fumadera... ✅
  [ 764/826] fumadero... ✅
  [ 765/826] fumado,_da... ✅
  [ 766/826] fumar... ✅
  [ 767/826] fumar_cachimbo... ✅
  [ 768/826] fumar_hasta_el_cabo... ✅
  [ 769/826] fumazo... ✅
  [ 770/826] fumón... ✅
  [ 771/826] fun... ✅
  [ 772/826] fun_and_games... ✅
  [ 773/826] funcado,_da... ✅
  [ 774/826] funche... ✅
  [ 775/826] funche_en_batea... ✅
  [ 776/826] funcionario,_ria... ✅
  [ 777/826] fund_raising... ✅
  [ 778/826] funda... ✅
  [ 779/826] fundido,_da... ✅
  [ 780/826] fundillo... ✅
  [ 781/826] fundiyú,_yúa... ✅
  [ 782/826] fundraiser... ✅
  [ 783/826] fundraising... ✅
  [ 784/826] funeraria... ✅
  [ 785/826] funerario,_ria... ✅
  [ 786/826] funk... ✅
  [ 787/826] funky... ✅
  [ 788/826] funny... ✅
  [ 789/826] fupista... ✅
  [ 790/826] furgón... ✅
  [ 791/826] furl... ✅
  [ 792/826] furlear... ✅
  [ 793/826] furnia... ✅
  [ 794/826] furnished_studio... ✅
  [ 795/826] furor... ✅
  [ 796/826] fusca... ✅
  [ 797/826] fushia... ✅
  [ 798/826] fusil... ✅
  [ 799/826] fusilar... ✅
  [ 800/826] fusilazo... ✅
  [ 801/826] fuste... ✅
  [ 802/826] fustete... ✅
  [ 803/826] futbol... ✅
  [ 804/826] futbolina... ✅
  [ 805/826] futbolista... ✅
  [ 806/826] futirse... ✅
  [ 807/826] futre... ✅
  [ 808/826] futriaco,_ca... ✅
  [ 809/826] fututear... ✅
  [ 810/826] fututo... ✅
  [ 811/826] fuyingue... ✅
  [ 812/826] fuyuco,_ca... ✅
  [ 813/826] fuñido,_da... ✅
  [ 814/826] fuñir... ✅
  [ 815/826] fácil_de_boca... ✅
  [ 816/826] fétido,_da... ✅
  [ 817/826] fílder... ✅
  [ 818/826] fílmico... ✅
  [ 819/826] fístola... ✅
  [ 820/826] fólder... ✅
  [ 821/826] fórceps... ✅
  [ 822/826] fósforo... ✅
  [ 823/826] fósil... ✅
  [ 824/826] fótula... ✅
  [ 825/826] fóyer... ✅
  [ 826/826] fútbol... ✅

================================================================================
CONSOLIDATION COMPLETE
================================================================================
  Letter:        F
  Processed:     826
  Failed:        0
  Output folder: /Users/andrewcasanova/Documents/data_science_projects/ai_projects/TESORO_BORICUA/webscrape/data/preprocessed_tesoro_v2/f


================================================================================
CONSOLIDATING LETTER 'G' - 1164 words
================================================================================

  [   1/1164] g-string... ✅
  [   2/1164] g.p.o._box_(general_post_office)... ✅
  [   3/1164] gabacera... ✅
  [   4/1164] gabarra... ✅
  [   5/1164] gabaso... ✅
  [   6/1164] gabazo... ✅
  [   7/1164] gabela... ✅
  [   8/1164] gabelero,_ra... ✅
  [   9/1164] gabete... ✅
  [  10/1164] gabinete... ✅
  [  11/1164] gabán... ✅
  [  12/1164] gaceta... ✅
  [  13/1164] gacho,_cha... ✅
  [  14/1164] gachupín... ✅
  [  15/1164] gadejo... ✅
  [  16/1164] gadering... ✅
  [  17/1164] gadget... ✅
  [  18/1164] gaeta... ✅
  [  19/1164] gafio,_fia... ✅
  [  20/1164] gafo,_fa... ✅
  [  21/1164] gafofia... ✅
  [  22/1164] gago,_ga... ✅
  [  23/1164] gaguear... ✅
  [  24/1164] gagueo... ✅
  [  25/1164] gaguera... ✅
  [  26/1164] gaita... ✅
  [  27/1164] gajilete... ✅
  [  28/1164] gajo... ✅
  [  29/1164] gajos... ✅
  [  30/1164] gala... ✅
  [  31/1164] galamoroso,_sa... ✅
  [  32/1164] galana... ✅
  [  33/1164] galco... ✅
  [  34/1164] galejos... ✅
  [  35/1164] galibí... ✅
  [  36/1164] galillo... ✅
  [  37/1164] galillo_viejo... ✅
  [  38/1164] galipavo... ✅
  [  39/1164] galipota... ✅
  [  40/1164] galla... ✅
  [  41/1164] gallareta... ✅
  [  42/1164] gallareta_azul... ✅
  [  43/1164] gallareta_chiquita... ✅
  [  44/1164] gallareta_de_pico_colorado... ✅
  [  45/1164] gallareta_inglesa... ✅
  [  46/1164] gallareta_negra... ✅
  [  47/1164] gallega... ✅
  [  48/1164] gallego... ✅
  [  49/1164] gallera... ✅
  [  50/1164] gallera_turística... ✅
  [  51/1164] galleril... ✅
  [  52/1164] gallero,_ra... ✅
  [  53/1164] gallería... ✅
  [  54/1164] gallerín... ✅
  [  55/1164] galleta... ✅
  [  56/1164] galleta_de_soda... ✅
  [  57/1164] galletazo... ✅
  [  58/1164] galletear... ✅
  [  59/1164] gallina... ✅
  [  60/1164] gallina_bolo... ✅
  [  61/1164] gallina_de_agua... ✅
  [  62/1164] gallina_de_guinea... ✅
  [  63/1164] gallina_de_la_tierra... ✅
  [  64/1164] gallina_de_palo... ✅
  [  65/1164] gallina_jíbara... ✅
  [  66/1164] gallina_matrera... ✅
  [  67/1164] gallina_tusa... ✅
  [  68/1164] gallinaza... ✅
  [  69/1164] gallinero... ✅
  [  70/1164] gallinita_ciega... ✅
  [  71/1164] gallinita_jíbara... ✅
  [  72/1164] gallino... ✅
  [  73/1164] gallipato... ✅
  [  74/1164] gallito... ✅
  [  75/1164] gallito_de_pelea... ✅
  [  76/1164] gallo... ✅
  [  77/1164] gallo_afeitado... ✅
  [  78/1164] gallo_amarrado... ✅
  [  79/1164] gallo_armado... ✅
  [  80/1164] gallo_bolo... ✅
  [  81/1164] gallo_boto... ✅
  [  82/1164] gallo_buchero... ✅
  [  83/1164] gallo_búlico... ✅
  [  84/1164] gallo_calabaza... ✅
  [  85/1164] gallo_calandrio... ✅
  [  86/1164] gallo_calvo... ✅
  [  87/1164] gallo_camagüey... ✅
  [  88/1164] gallo_cobarde... ✅
  [  89/1164] gallo_cortado... ✅
  [  90/1164] gallo_cortao... ✅
  [  91/1164] gallo_de_bolillos... ✅
  [  92/1164] gallo_de_carrera... ✅
  [  93/1164] gallo_de_espuela... ✅
  [  94/1164] gallo_de_la_tierra... ✅
  [  95/1164] gallo_de_pelea... ✅
  [  96/1164] gallo_de_pluma_inferior... ✅
  [  97/1164] gallo_de_pluma_superior... ✅
  [  98/1164] gallo_de_recurso... ✅
  [  99/1164] gallo_de_salida... ✅
  [ 100/1164] gallo_de_trapo... ✅
  [ 101/1164] gallo_espuelero... ✅
  [ 102/1164] gallo_espueloso... ✅
  [ 103/1164] gallo_faisán... ✅
  [ 104/1164] gallo_fino... ✅
  [ 105/1164] gallo_fino_de_boca... ✅
  [ 106/1164] gallo_fino_de_espuela... ✅
  [ 107/1164] gallo_gallino... ✅
  [ 108/1164] gallo_garza... ✅
  [ 109/1164] gallo_gastao... ✅
  [ 110/1164] gallo_giro... ✅
  [ 111/1164] gallo_guinea,_guineo... ✅
  [ 112/1164] gallo_huido... ✅
  [ 113/1164] gallo_indefenso... ✅
  [ 114/1164] gallo_indio... ✅
  [ 115/1164] gallo_inglés... ✅
  [ 116/1164] gallo_japonés... ✅
  [ 117/1164] gallo_jerezano... ✅
  [ 118/1164] gallo_juyilón... ✅
  [ 119/1164] gallo_juyío... ✅
  [ 120/1164] gallo_juyón... ✅
  [ 121/1164] gallo_langosta... ✅
  [ 122/1164] gallo_lorigado... ✅
  [ 123/1164] gallo_lorigo... ✅
  [ 124/1164] gallo_mamey... ✅
  [ 125/1164] gallo_manchoso... ✅
  [ 126/1164] gallo_manilo... ✅
  [ 127/1164] gallo_marciano... ✅
  [ 128/1164] gallo_marrueco... ✅
  [ 129/1164] gallo_mondado... ✅
  [ 130/1164] gallo_moñero... ✅
  [ 131/1164] gallo_mudo... ✅
  [ 132/1164] gallo_niño... ✅
  [ 133/1164] gallo_no_apto... ✅
  [ 134/1164] gallo_oriental... ✅
  [ 135/1164] gallo_pa'tras... ✅
  [ 136/1164] gallo_palero... ✅
  [ 137/1164] gallo_pasado_de_cabuya... ✅
  [ 138/1164] gallo_pasado_de_cuido... ✅
  [ 139/1164] gallo_pasado_por_el_torno... ✅
  [ 140/1164] gallo_patilargo... ✅
  [ 141/1164] gallo_patimorado... ✅
  [ 142/1164] gallo_patiporsuelo... ✅
  [ 143/1164] gallo_patiseco... ✅
  [ 144/1164] gallo_pava... ✅
  [ 145/1164] gallo_pelón... ✅
  [ 146/1164] gallo_pinto... ✅
  [ 147/1164] gallo_piroco... ✅
  [ 148/1164] gallo_quedao... ✅
  [ 149/1164] gallo_quemado... ✅
  [ 150/1164] gallo_razao... ✅
  [ 151/1164] gallo_real... ✅
  [ 152/1164] gallo_rebatidor... ✅
  [ 153/1164] gallo_rosón... ✅
  [ 154/1164] gallo_rubio... ✅
  [ 155/1164] gallo_sucio... ✅
  [ 156/1164] gallo_tajonero... ✅
  [ 157/1164] gallo_tapado... ✅
  [ 158/1164] gallo_topetón... ✅
  [ 159/1164] gallo_toro... ✅
  [ 160/1164] gallo_tuso... ✅
  [ 161/1164] gallo_tutelar... ✅
  [ 162/1164] gallo_untado... ✅
  [ 163/1164] gallorfa... ✅
  [ 164/1164] gallócida... ✅
  [ 165/1164] galonero,_ra... ✅
  [ 166/1164] galucha... ✅
  [ 167/1164] galuchar... ✅
  [ 168/1164] galán... ✅
  [ 169/1164] galán_arbóreo... ✅
  [ 170/1164] galán_de_día... ✅
  [ 171/1164] galán_de_noche... ✅
  [ 172/1164] galón... ✅
  [ 173/1164] gambado,_da... ✅
  [ 174/1164] gambado... ✅
  [ 175/1164] gambarse... ✅
  [ 176/1164] gamberro,_rra... ✅
  [ 177/1164] gambeta... ✅
  [ 178/1164] gambetear... ✅
  [ 179/1164] gambetearse... ✅
  [ 180/1164] gambo,_ba... ✅
  [ 181/1164] gamboa... ✅
  [ 182/1164] gamborrio,_rria... ✅
  [ 183/1164] gambote... ✅
  [ 184/1164] gambó... ✅
  [ 185/1164] gampo,_pa... ✅
  [ 186/1164] gamuza... ✅
  [ 187/1164] ganado... ✅
  [ 188/1164] ganapán... ✅
  [ 189/1164] ganar_de_calle... ✅
  [ 190/1164] ganarse_las_habichuelas... ✅
  [ 191/1164] ganarse_un_buey... ✅
  [ 192/1164] gancho... ✅
  [ 193/1164] gancho_de_hielo... ✅
  [ 194/1164] ganchos... ✅
  [ 195/1164] gandinga... ✅
  [ 196/1164] gandingada... ✅
  [ 197/1164] gandul... ✅
  [ 198/1164] gandulada... ✅
  [ 199/1164] gandulero,_ra... ✅
  [ 200/1164] gandungo... ✅
  [ 201/1164] gandur... ✅
  [ 202/1164] gandú... ✅
  [ 203/1164] ganga... ✅
  [ 204/1164] gangoso,_sa... ✅
  [ 205/1164] gangster... ✅
  [ 206/1164] gangsteril... ✅
  [ 207/1164] ganguero,_ra... ✅
  [ 208/1164] ganguista... ✅
  [ 209/1164] ganjiar... ✅
  [ 210/1164] gansear... ✅
  [ 211/1164] ganseárselas... ✅
  [ 212/1164] ganso,_sa... ✅
  [ 213/1164] ganso_blanco... ✅
  [ 214/1164] ganso_bobo... ✅
  [ 215/1164] gansteril... ✅
  [ 216/1164] gansterismo... ✅
  [ 217/1164] ganzúa... ✅
  [ 218/1164] gao... ✅
  [ 219/1164] gap... ✅
  [ 220/1164] garabatillo... ✅
  [ 221/1164] garabato... ✅
  [ 222/1164] garage_sale... ✅
  [ 223/1164] garaje... ✅
  [ 224/1164] garambetas... ✅
  [ 225/1164] garante... ✅
  [ 226/1164] garapiña... ✅
  [ 227/1164] garapín... ✅
  [ 228/1164] garata... ✅
  [ 229/1164] garata_con_puños... ✅
  [ 230/1164] garatear... ✅
  [ 231/1164] garatero,_ra... ✅
  [ 232/1164] garbancillo... ✅
  [ 233/1164] garbanza... ✅
  [ 234/1164] garbanzo... ✅
  [ 235/1164] gardear... ✅
  [ 236/1164] garden_center... ✅
  [ 237/1164] garden_party... ✅
  [ 238/1164] gardenia... ✅
  [ 239/1164] gardenia_hedionda... ✅
  [ 240/1164] gardeo... ✅
  [ 241/1164] garet... ✅
  [ 242/1164] gareta... ✅
  [ 243/1164] garfio... ✅
  [ 244/1164] garfo... ✅
  [ 245/1164] gargajo... ✅
  [ 246/1164] gargajuelo... ✅
  [ 247/1164] gargarear... ✅
  [ 248/1164] garguero... ✅
  [ 249/1164] gargüero... ✅
  [ 250/1164] garlopa... ✅
  [ 251/1164] garnatada... ✅
  [ 252/1164] garnatá... ✅
  [ 253/1164] garnatón... ✅
  [ 254/1164] garolo... ✅
  [ 255/1164] garra... ✅
  [ 256/1164] garrador... ✅
  [ 257/1164] garrafón... ✅
  [ 258/1164] garrancho... ✅
  [ 259/1164] garrapata... ✅
  [ 260/1164] garrapatera... ✅
  [ 261/1164] garrapatero... ✅
  [ 262/1164] garrapatoso,_sa... ✅
  [ 263/1164] garrobillo... ✅
  [ 264/1164] garrocha... ✅
  [ 265/1164] garrocho... ✅
  [ 266/1164] garrola... ✅
  [ 267/1164] garrolilla... ✅
  [ 268/1164] garroneo... ✅
  [ 269/1164] garrotillo... ✅
  [ 270/1164] garruneo... ✅
  [ 271/1164] garrón... ✅
  [ 272/1164] garuba... ✅
  [ 273/1164] garuga... ✅
  [ 274/1164] garuyo... ✅
  [ 275/1164] garza... ✅
  [ 276/1164] garza_bueyera... ✅
  [ 277/1164] garza_garrapatera... ✅
  [ 278/1164] garzón... ✅
  [ 279/1164] garzón_cenizo... ✅
  [ 280/1164] garúa... ✅
  [ 281/1164] gas... ✅
  [ 282/1164] gas_oil... ✅
  [ 283/1164] gas_station... ✅
  [ 284/1164] gaseado,_da... ✅
  [ 285/1164] gaseta... ✅
  [ 286/1164] gaslopa... ✅
  [ 287/1164] gaslopín... ✅
  [ 288/1164] gasoil... ✅
  [ 289/1164] gasolina... ✅
  [ 290/1164] gasolinero,_ra... ✅
  [ 291/1164] gasolinería... ✅
  [ 292/1164] gasparín... ✅
  [ 293/1164] gaspayo... ✅
  [ 294/1164] gaspear... ✅
  [ 295/1164] gastar_la_tira... ✅
  [ 296/1164] gastar_sin_contador... ✅
  [ 297/1164] gastarse_como_cabo_de_vela... ✅
  [ 298/1164] gata... ✅
  [ 299/1164] gata_de_mar... ✅
  [ 300/1164] gate... ✅
  [ 301/1164] gateado,_da... ✅
  [ 302/1164] gatillero,_ra... ✅
  [ 303/1164] gato... ✅
  [ 304/1164] gato_barcino... ✅
  [ 305/1164] gato_flaco... ✅
  [ 306/1164] gato_hidráulico... ✅
  [ 307/1164] gato_mecánico... ✅
  [ 308/1164] gaucho... ✅
  [ 309/1164] gaveta... ✅
  [ 310/1164] gavetero... ✅
  [ 311/1164] gavilla... ✅
  [ 312/1164] gavilán... ✅
  [ 313/1164] gavilán_del_monte... ✅
  [ 314/1164] gaviota... ✅
  [ 315/1164] gaviota_cabecinegra... ✅
  [ 316/1164] gay... ✅
  [ 317/1164] gay_fly... ✅
  [ 318/1164] gay_power... ✅
  [ 319/1164] gay_sha... ✅
  [ 320/1164] gayareta... ✅
  [ 321/1164] gayumba... ✅
  [ 322/1164] gazapo... ✅
  [ 323/1164] gazebo... ✅
  [ 324/1164] gaznatada... ✅
  [ 325/1164] gaznatazo... ✅
  [ 326/1164] gaznatón... ✅
  [ 327/1164] gaznápido,_da... ✅
  [ 328/1164] gazofia... ✅
  [ 329/1164] gazpacho... ✅
  [ 330/1164] gazpalear... ✅
  [ 331/1164] gañote... ✅
  [ 332/1164] geba... ✅
  [ 333/1164] gebo,_ba... ✅
  [ 334/1164] gebo... ✅
  [ 335/1164] gelatina... ✅
  [ 336/1164] gelofe... ✅
  [ 337/1164] gem... ✅
  [ 338/1164] geme... ✅
  [ 339/1164] gemiquear... ✅
  [ 340/1164] gemiqueo... ✅
  [ 341/1164] general... ✅
  [ 342/1164] general_practitioner... ✅
  [ 343/1164] generala... ✅
  [ 344/1164] generation_gap... ✅
  [ 345/1164] genial... ✅
  [ 346/1164] genioso,_sa... ✅
  [ 347/1164] geno-geno... ✅
  [ 348/1164] genogeno... ✅
  [ 349/1164] gente... ✅
  [ 350/1164] gente_de_calle_atrás... ✅
  [ 351/1164] gente_de_color... ✅
  [ 352/1164] gente_de_medio_palo... ✅
  [ 353/1164] gente_de_orilla... ✅
  [ 354/1164] gente_de_papeles... ✅
  [ 355/1164] gente_de_segunda... ✅
  [ 356/1164] gente_funky... ✅
  [ 357/1164] gente_leída_y_escribida... ✅
  [ 358/1164] gente_que_no_es_blanca... ✅
  [ 359/1164] gentleman... ✅
  [ 360/1164] genuino,_na... ✅
  [ 361/1164] geo... ✅
  [ 362/1164] geontocracia... ✅
  [ 363/1164] geranio... ✅
  [ 364/1164] gerenear... ✅
  [ 365/1164] geriguillar... ✅
  [ 366/1164] get_(together)... ✅
  [ 367/1164] get_together... ✅
  [ 368/1164] gevi... ✅
  [ 369/1164] gevo,_va... ✅
  [ 370/1164] gia... ✅
  [ 371/1164] giahuba... ✅
  [ 372/1164] giamausa... ✅
  [ 373/1164] gibe... ✅
  [ 374/1164] gicusa... ✅
  [ 375/1164] giga... ✅
  [ 376/1164] gigabyte... ✅
  [ 377/1164] gigante_blanco... ✅
  [ 378/1164] gigante_blanco_del_país... ✅
  [ 379/1164] gigante_pelón... ✅
  [ 380/1164] gigante_prieto... ✅
  [ 381/1164] giguillo... ✅
  [ 382/1164] gille... ✅
  [ 383/1164] gin... ✅
  [ 384/1164] gin_and_tonic... ✅
  [ 385/1164] gin_fizz... ✅
  [ 386/1164] gin_tonic... ✅
  [ 387/1164] gina... ✅
  [ 388/1164] gineta... ✅
  [ 389/1164] gingambó... ✅
  [ 390/1164] ginger_ale... ✅
  [ 391/1164] gira... ✅
  [ 392/1164] giribilla... ✅
  [ 393/1164] girimiquear... ✅
  [ 394/1164] girimiqueo... ✅
  [ 395/1164] girl_scout... ✅
  [ 396/1164] giro,_ra... ✅
  [ 397/1164] giro_calandrio... ✅
  [ 398/1164] giro_plata... ✅
  [ 399/1164] girotiro... ✅
  [ 400/1164] gis... ✅
  [ 401/1164] gistro... ✅
  [ 402/1164] glacis... ✅
  [ 403/1164] gladiador... ✅
  [ 404/1164] gladiola... ✅
  [ 405/1164] glaisada... ✅
  [ 406/1164] glamor... ✅
  [ 407/1164] glamoroso,_sa... ✅
  [ 408/1164] glamour... ✅
  [ 409/1164] glamur... ✅
  [ 410/1164] glasis... ✅
  [ 411/1164] glasé... ✅
  [ 412/1164] glasí... ✅
  [ 413/1164] global... ✅
  [ 414/1164] globalización... ✅
  [ 415/1164] globe_trotter... ✅
  [ 416/1164] gloria... ✅
  [ 417/1164] glorieta... ✅
  [ 418/1164] glosear... ✅
  [ 419/1164] glossy... ✅
  [ 420/1164] glotonear... ✅
  [ 421/1164] glove_comparment... ✅
  [ 422/1164] glove_compartment... ✅
  [ 423/1164] glácil... ✅
  [ 424/1164] glásir... ✅
  [ 425/1164] glásis... ✅
  [ 426/1164] go_kart... ✅
  [ 427/1164] goal... ✅
  [ 428/1164] goal_average... ✅
  [ 429/1164] gobernabilidad... ✅
  [ 430/1164] gobierno... ✅
  [ 431/1164] gofear... ✅
  [ 432/1164] gofearse... ✅
  [ 433/1164] gofio... ✅
  [ 434/1164] goggles... ✅
  [ 435/1164] gol... ✅
  [ 436/1164] gold_digger... ✅
  [ 437/1164] goldiflor,_ra... ✅
  [ 438/1164] goleta... ✅
  [ 439/1164] golf... ✅
  [ 440/1164] golf_pro_shop... ✅
  [ 441/1164] golfito... ✅
  [ 442/1164] golilla... ✅
  [ 443/1164] golilla_de_sombrilla... ✅
  [ 444/1164] golilla_entresacada... ✅
  [ 445/1164] golilla_vacía... ✅
  [ 446/1164] gollería... ✅
  [ 447/1164] golondrina_de_mar... ✅
  [ 448/1164] golondrino... ✅
  [ 449/1164] golpe... ✅
  [ 450/1164] golpe_de_agallón... ✅
  [ 451/1164] golpe_de_aire... ✅
  [ 452/1164] golpe_de_candado... ✅
  [ 453/1164] golpe_de_canillera... ✅
  [ 454/1164] golpe_de_cuerda... ✅
  [ 455/1164] golpe_de_hoya... ✅
  [ 456/1164] golpe_de_oído... ✅
  [ 457/1164] golpe_de_tijera... ✅
  [ 458/1164] golpetazo... ✅
  [ 459/1164] golpista... ✅
  [ 460/1164] golpiza... ✅
  [ 461/1164] goma... ✅
  [ 462/1164] goma_de_repuesta... ✅
  [ 463/1164] goma_de_repuesto... ✅
  [ 464/1164] gomera... ✅
  [ 465/1164] gomero,_ra... ✅
  [ 466/1164] gomita... ✅
  [ 467/1164] gomitao,_tá... ✅
  [ 468/1164] gomitar... ✅
  [ 469/1164] gomitivo... ✅
  [ 470/1164] gomitá... ✅
  [ 471/1164] gomoso,_sa... ✅
  [ 472/1164] gondolero,_ra... ✅
  [ 473/1164] gong... ✅
  [ 474/1164] gongo... ✅
  [ 475/1164] gongolí... ✅
  [ 476/1164] gongolón... ✅
  [ 477/1164] gongulé... ✅
  [ 478/1164] gongulén... ✅
  [ 479/1164] good_looking... ✅
  [ 480/1164] good_standing... ✅
  [ 481/1164] goofy... ✅
  [ 482/1164] googlear... ✅
  [ 483/1164] gorba... ✅
  [ 484/1164] gordis... ✅
  [ 485/1164] gordito... ✅
  [ 486/1164] gordolobo... ✅
  [ 487/1164] gordura... ✅
  [ 488/1164] gorear... ✅
  [ 489/1164] gorgojo... ✅
  [ 490/1164] gorgojo_de_caña... ✅
  [ 491/1164] gorgojo_de_ñame... ✅
  [ 492/1164] gorila... ✅
  [ 493/1164] gorilear... ✅
  [ 494/1164] gormo,_ma... ✅
  [ 495/1164] gorrión... ✅
  [ 496/1164] gorrión_barba_amarilla... ✅
  [ 497/1164] gorrión_chicharra... ✅
  [ 498/1164] gorro... ✅
  [ 499/1164] gorro_de_culebra... ✅
  [ 500/1164] gorupa... ✅
  [ 501/1164] gorupera... ✅
  [ 502/1164] goruta... ✅
  [ 503/1164] gosfiar... ✅
  [ 504/1164] gospel... ✅
  [ 505/1164] gota_coral... ✅
  [ 506/1164] gotear... ✅
  [ 507/1164] gotearse... ✅
  [ 508/1164] gotearse_como_guanábana_madura... ✅
  [ 509/1164] goteral... ✅
  [ 510/1164] goterear... ✅
  [ 511/1164] goterilla... ✅
  [ 512/1164] gotero... ✅
  [ 513/1164] gozadera... ✅
  [ 514/1164] gozar... ✅
  [ 515/1164] gozne... ✅
  [ 516/1164] gp... ✅
  [ 517/1164] gpo_box... ✅
  [ 518/1164] grada_de_discos... ✅
  [ 519/1164] gradación... ✅
  [ 520/1164] gradado,_da... ✅
  [ 521/1164] gradar... ✅
  [ 522/1164] grader... ✅
  [ 523/1164] gradilla... ✅
  [ 524/1164] grado_asociado... ✅
  [ 525/1164] graduación... ✅
  [ 526/1164] graffiti... ✅
  [ 527/1164] gragear... ✅
  [ 528/1164] gragearse... ✅
  [ 529/1164] grageo... ✅
  [ 530/1164] gragia... ✅
  [ 531/1164] graje... ✅
  [ 532/1164] grajeado,_da... ✅
  [ 533/1164] grajear... ✅
  [ 534/1164] grajearse... ✅
  [ 535/1164] grajeo... ✅
  [ 536/1164] grajero,_ra... ✅
  [ 537/1164] grajiar... ✅
  [ 538/1164] grajiento,_ta... ✅
  [ 539/1164] grajo... ✅
  [ 540/1164] grama... ✅
  [ 541/1164] gramante... ✅
  [ 542/1164] grammar_school... ✅
  [ 543/1164] grampa... ✅
  [ 544/1164] gran_cultivo... ✅
  [ 545/1164] gran_cultura... ✅
  [ 546/1164] gran_poder... ✅
  [ 547/1164] granadilla... ✅
  [ 548/1164] granadillo... ✅
  [ 549/1164] grand_slam... ✅
  [ 550/1164] grande... ✅
  [ 551/1164] grande_y_pico... ✅
  [ 552/1164] grandecito,_ta... ✅
  [ 553/1164] grandes_ligas... ✅
  [ 554/1164] grandote,_ta... ✅
  [ 555/1164] grandotote,_ta... ✅
  [ 556/1164] grandullón,_na... ✅
  [ 557/1164] grandulón,_na... ✅
  [ 558/1164] granera... ✅
  [ 559/1164] granero... ✅
  [ 560/1164] granito... ✅
  [ 561/1164] grano... ✅
  [ 562/1164] grano_boniato... ✅
  [ 563/1164] grano_espepitao... ✅
  [ 564/1164] grano_macho... ✅
  [ 565/1164] grano_pintao... ✅
  [ 566/1164] granola... ✅
  [ 567/1164] granoso... ✅
  [ 568/1164] grant... ✅
  [ 569/1164] granulador... ✅
  [ 570/1164] grap... ✅
  [ 571/1164] gras... ✅
  [ 572/1164] grasa_saturada... ✅
  [ 573/1164] grasimá... ✅
  [ 574/1164] gratuity... ✅
  [ 575/1164] gravarse... ✅
  [ 576/1164] gravero... ✅
  [ 577/1164] gravy... ✅
  [ 578/1164] grayumo... ✅
  [ 579/1164] greca... ✅
  [ 580/1164] greco,_ca... ✅
  [ 581/1164] green... ✅
  [ 582/1164] gremazo,_za... ✅
  [ 583/1164] gremio... ✅
  [ 584/1164] greña... ✅
  [ 585/1164] greñú,_ñúa... ✅
  [ 586/1164] grica... ✅
  [ 587/1164] grid... ✅
  [ 588/1164] grifa... ✅
  [ 589/1164] grifo,_fa... ✅
  [ 590/1164] grifo... ✅
  [ 591/1164] grifo_parejero... ✅
  [ 592/1164] grill... ✅
  [ 593/1164] grill_(room)... ✅
  [ 594/1164] grilla... ✅
  [ 595/1164] grillarse... ✅
  [ 596/1164] grillet... ✅
  [ 597/1164] grilleta... ✅
  [ 598/1164] grillete... ✅
  [ 599/1164] grilletero... ✅
  [ 600/1164] grillo,_lla... ✅
  [ 601/1164] grima... ✅
  [ 602/1164] grincha... ✅
  [ 603/1164] grinche... ✅
  [ 604/1164] grincho... ✅
  [ 605/1164] gringada... ✅
  [ 606/1164] gringo,_ga... ✅
  [ 607/1164] grip... ✅
  [ 608/1164] gripiar... ✅
  [ 609/1164] grisoso,_sa... ✅
  [ 610/1164] grog... ✅
  [ 611/1164] grogui... ✅
  [ 612/1164] grooby... ✅
  [ 613/1164] groom... ✅
  [ 614/1164] groomer... ✅
  [ 615/1164] grooming... ✅
  [ 616/1164] groovie... ✅
  [ 617/1164] groovy... ✅
  [ 618/1164] grosella... ✅
  [ 619/1164] grosella_blanca... ✅
  [ 620/1164] grosomodo... ✅
  [ 621/1164] ground... ✅
  [ 622/1164] ground_floor... ✅
  [ 623/1164] grout... ✅
  [ 624/1164] grovee... ✅
  [ 625/1164] grubi... ✅
  [ 626/1164] gruero,_ra... ✅
  [ 627/1164] grulla... ✅
  [ 628/1164] grullero,_ra... ✅
  [ 629/1164] grullo... ✅
  [ 630/1164] grupa... ✅
  [ 631/1164] grupo_de_ensueño... ✅
  [ 632/1164] grupo_dos... ✅
  [ 633/1164] grupo_focal... ✅
  [ 634/1164] grupo_uno... ✅
  [ 635/1164] gruvi... ✅
  [ 636/1164] gruvy... ✅
  [ 637/1164] gruíta... ✅
  [ 638/1164] grácil... ✅
  [ 639/1164] gránulo... ✅
  [ 640/1164] grásel... ✅
  [ 641/1164] grásil... ✅
  [ 642/1164] grúa... ✅
  [ 643/1164] grúa_de_lavadero... ✅
  [ 644/1164] grúa_de_molienda... ✅
  [ 645/1164] grúa_güinche... ✅
  [ 646/1164] grúa_martillo... ✅
  [ 647/1164] grúa_portátil... ✅
  [ 648/1164] grúa_welman... ✅
  [ 649/1164] guaba... ✅
  [ 650/1164] guaba_forastera... ✅
  [ 651/1164] guaba_peluda... ✅
  [ 652/1164] guabairo... ✅
  [ 653/1164] guabairo_pequeño... ✅
  [ 654/1164] guabal... ✅
  [ 655/1164] guabarucho... ✅
  [ 656/1164] guabiche... ✅
  [ 657/1164] guabina... ✅
  [ 658/1164] guabina_de_mar... ✅
  [ 659/1164] guabina_de_río... ✅
  [ 660/1164] guabina_hoyera... ✅
  [ 661/1164] guabinear... ✅
  [ 662/1164] guabino,_na... ✅
  [ 663/1164] guabucho... ✅
  [ 664/1164] guabá... ✅
  [ 665/1164] guaca... ✅
  [ 666/1164] guacaica... ✅
  [ 667/1164] guacal... ✅
  [ 668/1164] guacamaya... ✅
  [ 669/1164] guacamayo... ✅
  [ 670/1164] guacamayo_rojo_pequeño... ✅
  [ 671/1164] guacamole... ✅
  [ 672/1164] guacaraca... ✅
  [ 673/1164] guacariga... ✅
  [ 674/1164] guachafita... ✅
  [ 675/1164] guachafitero,_ra... ✅
  [ 676/1164] guachear... ✅
  [ 677/1164] guachimán... ✅
  [ 678/1164] guachinango,_ga... ✅
  [ 679/1164] guachinango... ✅
  [ 680/1164] guachinangá... ✅
  [ 681/1164] guacimal... ✅
  [ 682/1164] guaciminoso,_sa... ✅
  [ 683/1164] guacinuco... ✅
  [ 684/1164] guadilla... ✅
  [ 685/1164] guadá... ✅
  [ 686/1164] guagaica... ✅
  [ 687/1164] guagua... ✅
  [ 688/1164] guagua_de_cajón... ✅
  [ 689/1164] guagua_pisicorre... ✅
  [ 690/1164] guagua_pública... ✅
  [ 691/1164] guagua_sightseeing... ✅
  [ 692/1164] guagua_van... ✅
  [ 693/1164] guagua_volkswagen... ✅
  [ 694/1164] guaguanche... ✅
  [ 695/1164] guaguancó... ✅
  [ 696/1164] guaguao... ✅
  [ 697/1164] guaguarei... ✅
  [ 698/1164] guaguita... ✅
  [ 699/1164] guagüero,_ra... ✅
  [ 700/1164] guagüita... ✅
  [ 701/1164] guaiabara... ✅
  [ 702/1164] guaibbá... ✅
  [ 703/1164] guaicano... ✅
  [ 704/1164] guaicán... ✅
  [ 705/1164] guailí... ✅
  [ 706/1164] guaimarito,_ta... ✅
  [ 707/1164] guaimen... ✅
  [ 708/1164] guaiper... ✅
  [ 709/1164] guairo... ✅
  [ 710/1164] guaita... ✅
  [ 711/1164] guaitaca... ✅
  [ 712/1164] guaitiao... ✅
  [ 713/1164] guajaca... ✅
  [ 714/1164] guajalote... ✅
  [ 715/1164] guajana... ✅
  [ 716/1164] guajanal... ✅
  [ 717/1164] guajanilla... ✅
  [ 718/1164] guajey... ✅
  [ 719/1164] guajil... ✅
  [ 720/1164] guajino,_na... ✅
  [ 721/1164] guajiro,_ra... ✅
  [ 722/1164] guajiro... ✅
  [ 723/1164] guajo... ✅
  [ 724/1164] guajolote,_ta... ✅
  [ 725/1164] guajonal... ✅
  [ 726/1164] guají... ✅
  [ 727/1164] guajón... ✅
  [ 728/1164] gual... ✅
  [ 729/1164] gualdapa... ✅
  [ 730/1164] gualdrapa... ✅
  [ 731/1164] guallarse... ✅
  [ 732/1164] guallo... ✅
  [ 733/1164] guamahehe... ✅
  [ 734/1164] guamal... ✅
  [ 735/1164] guame... ✅
  [ 736/1164] guamiquina... ✅
  [ 737/1164] guamiquinaje... ✅
  [ 738/1164] guamo... ✅
  [ 739/1164] guamá... ✅
  [ 740/1164] guamá_americano... ✅
  [ 741/1164] guamá_venezolano... ✅
  [ 742/1164] guamí... ✅
  [ 743/1164] guamín... ✅
  [ 744/1164] guanabanada... ✅
  [ 745/1164] guanabanal... ✅
  [ 746/1164] guanabanilla... ✅
  [ 747/1164] guanabanilla_cimarrona... ✅
  [ 748/1164] guanabanillo... ✅
  [ 749/1164] guanabina... ✅
  [ 750/1164] guanabá... ✅
  [ 751/1164] guanacaya... ✅
  [ 752/1164] guanajada... ✅
  [ 753/1164] guanajo,_ja... ✅
  [ 754/1164] guanajo... ✅
  [ 755/1164] guanana... ✅
  [ 756/1164] guanano,_na... ✅
  [ 757/1164] guanara... ✅
  [ 758/1164] guandul... ✅
  [ 759/1164] guandú... ✅
  [ 760/1164] guanera... ✅
  [ 761/1164] guanero... ✅
  [ 762/1164] guango... ✅
  [ 763/1164] guanime... ✅
  [ 764/1164] guanimi... ✅
  [ 765/1164] guanimo... ✅
  [ 766/1164] guanina... ✅
  [ 767/1164] guanino... ✅
  [ 768/1164] guaniqueño,_ña... ✅
  [ 769/1164] guaniña... ✅
  [ 770/1164] guano... ✅
  [ 771/1164] guantazo... ✅
  [ 772/1164] guante... ✅
  [ 773/1164] guante_de_oro... ✅
  [ 774/1164] guantear... ✅
  [ 775/1164] guantearse... ✅
  [ 776/1164] guantilla... ✅
  [ 777/1164] guanábana... ✅
  [ 778/1164] guanábana_cimarrona... ✅
  [ 779/1164] guanábana_de_perro... ✅
  [ 780/1164] guanábano,_na... ✅
  [ 781/1164] guanábano... ✅
  [ 782/1164] guanábano_cimarrón... ✅
  [ 783/1164] guaní... ✅
  [ 784/1164] guanín... ✅
  [ 785/1164] guao... ✅
  [ 786/1164] guapa... ✅
  [ 787/1164] guapear... ✅
  [ 788/1164] guapería... ✅
  [ 789/1164] guapetón,_na... ✅
  [ 790/1164] guapo,_pa... ✅
  [ 791/1164] guar... ✅
  [ 792/1164] guara... ✅
  [ 793/1164] guara_blanca... ✅
  [ 794/1164] guaraca... ✅
  [ 795/1164] guaracayca... ✅
  [ 796/1164] guaracha... ✅
  [ 797/1164] guarachador,_ra... ✅
  [ 798/1164] guarachar... ✅
  [ 799/1164] guarachear... ✅
  [ 800/1164] guarachero,_ra... ✅
  [ 801/1164] guaraguao... ✅
  [ 802/1164] guaraguao_de_bosque... ✅
  [ 803/1164] guaraguao_de_monte... ✅
  [ 804/1164] guaraguao_macho... ✅
  [ 805/1164] guaraguaíllo... ✅
  [ 806/1164] guaragüey... ✅
  [ 807/1164] guaraibo... ✅
  [ 808/1164] guarandinga... ✅
  [ 809/1164] guarano... ✅
  [ 810/1164] guarapazo... ✅
  [ 811/1164] guarapearse... ✅
  [ 812/1164] guarapeta... ✅
  [ 813/1164] guarapillo... ✅
  [ 814/1164] guarapito... ✅
  [ 815/1164] guarapo... ✅
  [ 816/1164] guaraíbo... ✅
  [ 817/1164] guarda_agujas... ✅
  [ 818/1164] guardabarrera... ✅
  [ 819/1164] guardabosque... ✅
  [ 820/1164] guardacarros... ✅
  [ 821/1164] guardacostas... ✅
  [ 822/1164] guardacuerpo... ✅
  [ 823/1164] guardafondo... ✅
  [ 824/1164] guardaganado... ✅
  [ 825/1164] guardagujas... ✅
  [ 826/1164] guardalodos... ✅
  [ 827/1164] guardar_el_bate... ✅
  [ 828/1164] guardar_el_tubo... ✅
  [ 829/1164] guardarraya... ✅
  [ 830/1164] guardarrayante... ✅
  [ 831/1164] guardarrayar... ✅
  [ 832/1164] guardarrayeante... ✅
  [ 833/1164] guardavías... ✅
  [ 834/1164] guardear... ✅
  [ 835/1164] guardia... ✅
  [ 836/1164] guardia_civil... ✅
  [ 837/1164] guardia_costanera... ✅
  [ 838/1164] guardia_de_palito... ✅
  [ 839/1164] guarema... ✅
  [ 840/1164] guarequetén... ✅
  [ 841/1164] guares... ✅
  [ 842/1164] guaretas... ✅
  [ 843/1164] guareto,_ta... ✅
  [ 844/1164] guaretos... ✅
  [ 845/1164] guargüero... ✅
  [ 846/1164] guariao... ✅
  [ 847/1164] guaricha... ✅
  [ 848/1164] guarida... ✅
  [ 849/1164] guarindinga... ✅
  [ 850/1164] guariquitén... ✅
  [ 851/1164] guariquén... ✅
  [ 852/1164] guarrancho... ✅
  [ 853/1164] guarro,_rra... ✅
  [ 854/1164] guarro... ✅
  [ 855/1164] guarán... ✅
  [ 856/1164] guasa... ✅
  [ 857/1164] guasabarilla... ✅
  [ 858/1164] guasabarillo... ✅
  [ 859/1164] guasasa... ✅
  [ 860/1164] guasca... ✅
  [ 861/1164] guasear... ✅
  [ 862/1164] guasemillero,_ra... ✅
  [ 863/1164] guaseta... ✅
  [ 864/1164] guasimal... ✅
  [ 865/1164] guasimilla... ✅
  [ 866/1164] guasimillero,_ra... ✅
  [ 867/1164] guasinuco... ✅
  [ 868/1164] guaso,_sa... ✅
  [ 869/1164] guasábara... ✅
  [ 870/1164] guasón... ✅
  [ 871/1164] guataca... ✅
  [ 872/1164] guatacazo... ✅
  [ 873/1164] guataco... ✅
  [ 874/1164] guatapanazo... ✅
  [ 875/1164] guatapaná... ✅
  [ 876/1164] guatapo,_pa... ✅
  [ 877/1164] guatapo... ✅
  [ 878/1164] guateque... ✅
  [ 879/1164] guatiao... ✅
  [ 880/1164] guatibirí... ✅
  [ 881/1164] guatíbere... ✅
  [ 882/1164] guatívere... ✅
  [ 883/1164] guatú... ✅
  [ 884/1164] guauro... ✅
  [ 885/1164] guavairo... ✅
  [ 886/1164] guavina... ✅
  [ 887/1164] guayaba... ✅
  [ 888/1164] guayabacoa... ✅
  [ 889/1164] guayabacón... ✅
  [ 890/1164] guayabal... ✅
  [ 891/1164] guayabear... ✅
  [ 892/1164] guayabera... ✅
  [ 893/1164] guayabero,_ra... ✅
  [ 894/1164] guayabilla... ✅
  [ 895/1164] guayabilla_de_costa... ✅
  [ 896/1164] guayabillo... ✅
  [ 897/1164] guayabillo_forastero... ✅
  [ 898/1164] guayabo... ✅
  [ 899/1164] guayabota... ✅
  [ 900/1164] guayabín,_na... ✅
  [ 901/1164] guayacal... ✅
  [ 902/1164] guayacancillo... ✅
  [ 903/1164] guayacanillo... ✅
  [ 904/1164] guayaco... ✅
  [ 905/1164] guayacán... ✅
  [ 906/1164] guayacán_blanco... ✅
  [ 907/1164] guayado,_da... ✅
  [ 908/1164] guayadura... ✅
  [ 909/1164] guayamero... ✅
  [ 910/1164] guayameño,_ña... ✅
  [ 911/1164] guayamés,_sa... ✅
  [ 912/1164] guayanero... ✅
  [ 913/1164] guayanillense... ✅
  [ 914/1164] guayar... ✅
  [ 915/1164] guayar_la_hebilla... ✅
  [ 916/1164] guayar_yuca... ✅
  [ 917/1164] guayarle_el_duco... ✅
  [ 918/1164] guayarote... ✅
  [ 919/1164] guayarse... ✅
  [ 920/1164] guayarte... ✅
  [ 921/1164] guayazo... ✅
  [ 922/1164] guaybá... ✅
  [ 923/1164] guayeta... ✅
  [ 924/1164] guaymaró... ✅
  [ 925/1164] guaymén... ✅
  [ 926/1164] guaymén_amarillo... ✅
  [ 927/1164] guaymén_blanco... ✅
  [ 928/1164] guaynabeño,_ña... ✅
  [ 929/1164] guayo... ✅
  [ 930/1164] guaytao... ✅
  [ 931/1164] guaytiao... ✅
  [ 932/1164] guayubín... ✅
  [ 933/1164] guayuco... ✅
  [ 934/1164] guayusco... ✅
  [ 935/1164] guayza... ✅
  [ 936/1164] guazuma... ✅
  [ 937/1164] guazábara... ✅
  [ 938/1164] guazávara... ✅
  [ 939/1164] gubia... ✅
  [ 940/1164] gudbol... ✅
  [ 941/1164] guebitos... ✅
  [ 942/1164] guerrillera... ✅
  [ 943/1164] guest_house... ✅
  [ 944/1164] gufeado,_da... ✅
  [ 945/1164] gufeador,_ra... ✅
  [ 946/1164] gufeao,_fea... ✅
  [ 947/1164] gufear... ✅
  [ 948/1164] gufearse... ✅
  [ 949/1164] gufearse_la_movida... ✅
  [ 950/1164] gufearse_la_nota... ✅
  [ 951/1164] gufeo... ✅
  [ 952/1164] gufeo_heavy... ✅
  [ 953/1164] gufiado,_da... ✅
  [ 954/1164] gufiar... ✅
  [ 955/1164] gufión,_na... ✅
  [ 956/1164] guiabara... ✅
  [ 957/1164] guiadarse... ✅
  [ 958/1164] guianza... ✅
  [ 959/1164] guigambó... ✅
  [ 960/1164] guigueo... ✅
  [ 961/1164] guilincho... ✅
  [ 962/1164] guillado,_da... ✅
  [ 963/1164] guillado_de_square... ✅
  [ 964/1164] guillao,_llá... ✅
  [ 965/1164] guillar... ✅
  [ 966/1164] guillarse... ✅
  [ 967/1164] guille... ✅
  [ 968/1164] guillo,_lla... ✅
  [ 969/1164] guillo... ✅
  [ 970/1164] guilloso,_sa... ✅
  [ 971/1164] guillárselas... ✅
  [ 972/1164] guillón,_na... ✅
  [ 973/1164] guillú,_llúa... ✅
  [ 974/1164] guillú_de_parcelas... ✅
  [ 975/1164] guimbambó... ✅
  [ 976/1164] guimbombó... ✅
  [ 977/1164] guinda... ✅
  [ 978/1164] guindado,_da... ✅
  [ 979/1164] guindalejo... ✅
  [ 980/1164] guindar... ✅
  [ 981/1164] guindarse... ✅
  [ 982/1164] guindola... ✅
  [ 983/1164] guinea... ✅
  [ 984/1164] guineo... ✅
  [ 985/1164] guineo_amarillo... ✅
  [ 986/1164] guineo_blanco... ✅
  [ 987/1164] guineo_blanco_del_país... ✅
  [ 988/1164] guineo_chabeto... ✅
  [ 989/1164] guineo_chulito... ✅
  [ 990/1164] guineo_colorado... ✅
  [ 991/1164] guineo_cristo... ✅
  [ 992/1164] guineo_cunequero... ✅
  [ 993/1164] guineo_de_almendra... ✅
  [ 994/1164] guineo_de_bocaíto... ✅
  [ 995/1164] guineo_de_higo... ✅
  [ 996/1164] guineo_de_rosa... ✅
  [ 997/1164] guineo_dominicano... ✅
  [ 998/1164] guineo_dátil... ✅
  [ 999/1164] guineo_enano... ✅
  [1000/1164] guineo_entuerto... ✅
  [1001/1164] guineo_eñangotao... ✅
  [1002/1164] guineo_fofo... ✅
  [1003/1164] guineo_forrongo... ✅
  [1004/1164] guineo_gigante... ✅
  [1005/1164] guineo_gigante_blanco... ✅
  [1006/1164] guineo_gigante_ordinario... ✅
  [1007/1164] guineo_guarano... ✅
  [1008/1164] guineo_malango... ✅
  [1009/1164] guineo_manchoso... ✅
  [1010/1164] guineo_manzano... ✅
  [1011/1164] guineo_martinico... ✅
  [1012/1164] guineo_mastuerzo... ✅
  [1013/1164] guineo_montecristo... ✅
  [1014/1164] guineo_morado... ✅
  [1015/1164] guineo_morado_americano... ✅
  [1016/1164] guineo_morado_blanco... ✅
  [1017/1164] guineo_morado_colorado... ✅
  [1018/1164] guineo_niño... ✅
  [1019/1164] guineo_pelón... ✅
  [1020/1164] guineo_piña... ✅
  [1021/1164] guineo_prieto... ✅
  [1022/1164] guineo_rabituerto... ✅
  [1023/1164] guineo_rosa... ✅
  [1024/1164] guineo_señorita... ✅
  [1025/1164] guineo_silvestre... ✅
  [1026/1164] guineo_sémilo... ✅
  [1027/1164] guineo_trescientos... ✅
  [1028/1164] guineo_vainilla... ✅
  [1029/1164] guineo_verdino... ✅
  [1030/1164] guingam... ✅
  [1031/1164] guingambó... ✅
  [1032/1164] guingan... ✅
  [1033/1164] guingombó... ✅
  [1034/1164] guirigayes... ✅
  [1035/1164] guisa... ✅
  [1036/1164] guisado... ✅
  [1037/1164] guisar... ✅
  [1038/1164] guisito... ✅
  [1039/1164] guiso... ✅
  [1040/1164] guita... ✅
  [1041/1164] guitarrán... ✅
  [1042/1164] guitarán... ✅
  [1043/1164] guive... ✅
  [1044/1164] guiyami... ✅
  [1045/1164] guiyao,_yá... ✅
  [1046/1164] guiyar... ✅
  [1047/1164] guiyón,_na... ✅
  [1048/1164] guiñada... ✅
  [1049/1164] guiñapiento,_ta... ✅
  [1050/1164] guiñapo... ✅
  [1051/1164] guiñarse... ✅
  [1052/1164] guiñá... ✅
  [1053/1164] guión... ✅
  [1054/1164] gulba... ✅
  [1055/1164] gulbia... ✅
  [1056/1164] gulembo,_ba... ✅
  [1057/1164] gulembo... ✅
  [1058/1164] gulvia... ✅
  [1059/1164] gumacha... ✅
  [1060/1164] gumaracha... ✅
  [1061/1164] gumarra... ✅
  [1062/1164] gumarracha... ✅
  [1063/1164] gumarro,_rra... ✅
  [1064/1164] gumarro... ✅
  [1065/1164] gunda... ✅
  [1066/1164] gungulé... ✅
  [1067/1164] gungulén... ✅
  [1068/1164] gungulén_de_gungulén... ✅
  [1069/1164] gungulón... ✅
  [1070/1164] gupi... ✅
  [1071/1164] gurabeño,_ña... ✅
  [1072/1164] gurimaro,_ra... ✅
  [1073/1164] gurrumina... ✅
  [1074/1164] guruleo... ✅
  [1075/1164] gurupa... ✅
  [1076/1164] gurupera... ✅
  [1077/1164] gurupié... ✅
  [1078/1164] gurvia... ✅
  [1079/1164] gusanillo... ✅
  [1080/1164] gusano... ✅
  [1081/1164] gusano_barrenador... ✅
  [1082/1164] gusano_blanco... ✅
  [1083/1164] gusano_de_biblioteca... ✅
  [1084/1164] gusano_de_comején... ✅
  [1085/1164] gusano_meón... ✅
  [1086/1164] gusarabajo... ✅
  [1087/1164] gusarapo... ✅
  [1088/1164] gusmazo,_za... ✅
  [1089/1164] gustante... ✅
  [1090/1164] gustar_el_show_off... ✅
  [1091/1164] gustarle_a_uno_el_show-off... ✅
  [1092/1164] gustarle_a_uno_el_solfeo... ✅
  [1093/1164] gustito... ✅
  [1094/1164] gusto_cubano... ✅
  [1095/1164] gut_feeling... ✅
  [1096/1164] guábara... ✅
  [1097/1164] guácara... ✅
  [1098/1164] guácara_con_guácara... ✅
  [1099/1164] guáchara... ✅
  [1100/1164] guáchiman... ✅
  [1101/1164] guácima... ✅
  [1102/1164] guáimara... ✅
  [1103/1164] guáimaro... ✅
  [1104/1164] guásima... ✅
  [1105/1164] guásimo... ✅
  [1106/1164] guávara... ✅
  [1107/1164] guáyaro... ✅
  [1108/1164] guázuma... ✅
  [1109/1164] guía... ✅
  [1110/1164] guíndola... ✅
  [1111/1164] gypsum_(board)... ✅
  [1112/1164] gypsum_board... ✅
  [1113/1164] gánster... ✅
  [1114/1164] gárgaras... ✅
  [1115/1164] gárgola... ✅
  [1116/1164] gía... ✅
  [1117/1164] gía_verde... ✅
  [1118/1164] gíbaro,_ra... ✅
  [1119/1164] góndola... ✅
  [1120/1164] güebón,_na... ✅
  [1121/1164] güelebicho... ✅
  [1122/1164] güeleflor... ✅
  [1123/1164] güelegüele... ✅
  [1124/1164] güelemil... ✅
  [1125/1164] güelenaguas... ✅
  [1126/1164] güelenalgas... ✅
  [1127/1164] güelepega... ✅
  [1128/1164] güelepoya... ✅
  [1129/1164] güeler... ✅
  [1130/1164] güelesijaya... ✅
  [1131/1164] güelesinel... ✅
  [1132/1164] güelesnay... ✅
  [1133/1164] güelestaca... ✅
  [1134/1164] güelgüero... ✅
  [1135/1164] güelos... ✅
  [1136/1164] güelío,_lía... ✅
  [1137/1164] güera... ✅
  [1138/1164] güerbío,_bía... ✅
  [1139/1164] güergüero... ✅
  [1140/1164] güero... ✅
  [1141/1164] güevada... ✅
  [1142/1164] güevero,_ra... ✅
  [1143/1164] güevo... ✅
  [1144/1164] güevonear... ✅
  [1145/1164] güevón,_na... ✅
  [1146/1164] güey... ✅
  [1147/1164] güeyón... ✅
  [1148/1164] güicharero,_ra... ✅
  [1149/1164] güilson... ✅
  [1150/1164] güilí... ✅
  [1151/1164] güima... ✅
  [1152/1164] güimbo... ✅
  [1153/1164] güimo... ✅
  [1154/1164] güincha... ✅
  [1155/1164] güinchar... ✅
  [1156/1164] güinche... ✅
  [1157/1164] güinchero,_ra... ✅
  [1158/1164] güincho... ✅
  [1159/1164] güipipío... ✅
  [1160/1164] güira... ✅
  [1161/1164] güirero,_ra... ✅
  [1162/1164] güiro... ✅
  [1163/1164] güiza... ✅
  [1164/1164] güícharo... ✅

================================================================================
CONSOLIDATION COMPLETE
================================================================================
  Letter:        G
  Processed:     1164
  Failed:        0
  Output folder: /Users/andrewcasanova/Documents/data_science_projects/ai_projects/TESORO_BORICUA/webscrape/data/preprocessed_tesoro_v2/g


================================================================================
CONSOLIDATING LETTER 'H' - 379 words
================================================================================

  [   1/379] haba... ✅
  [   2/379] haba_aterciopelada... ✅
  [   3/379] haba_de_burro... ✅
  [   4/379] haba_de_espada... ✅
  [   5/379] haba_pinta... ✅
  [   6/379] haba_prieta... ✅
  [   7/379] habao,_bá... ✅
  [   8/379] habao... ✅
  [   9/379] haber_agua_puesta... ✅
  [  10/379] haber_gallo_tapado... ✅
  [  11/379] haber_monos_en_la_costa... ✅
  [  12/379] haber_tiempo_de_agua... ✅
  [  13/379] habichuela... ✅
  [  14/379] habichuelas... ✅
  [  15/379] habitante... ✅
  [  16/379] habitat... ✅
  [  17/379] habla_cangá... ✅
  [  18/379] habladera... ✅
  [  19/379] hablador,_ra... ✅
  [  20/379] hablando_como_locos... ✅
  [  21/379] hablar_a_medias... ✅
  [  22/379] hablar_baba... ✅
  [  23/379] hablar_bafofia... ✅
  [  24/379] hablar_basura... ✅
  [  25/379] hablar_bazofia... ✅
  [  26/379] hablar_bigote_a_bigote... ✅
  [  27/379] hablar_como_carretilla... ✅
  [  28/379] hablar_como_un_perico... ✅
  [  29/379] hablar_con_una_papa_en_la_boca... ✅
  [  30/379] hablar_cáscaras_de_piña... ✅
  [  31/379] hablar_de_boquilla... ✅
  [  32/379] hablar_en_cangá... ✅
  [  33/379] hablar_en_chino... ✅
  [  34/379] hablar_en_griego... ✅
  [  35/379] hablar_fino... ✅
  [  36/379] hablar_malo... ✅
  [  37/379] hablar_mierda... ✅
  [  38/379] hablar_más_que_un_perico... ✅
  [  39/379] hablar_más_que_una_lavandera_vieja_sin_tabaco... ✅
  [  40/379] hablar_paja... ✅
  [  41/379] hablar_pestes... ✅
  [  42/379] hablar_por_boca_de_santo... ✅
  [  43/379] hablar_por_detrás... ✅
  [  44/379] hablar_por_el_colmillo... ✅
  [  45/379] hablar_por_el_libro... ✅
  [  46/379] hablar_por_los_codos... ✅
  [  47/379] hablar_raspado... ✅
  [  48/379] hablar_sin_escupir... ✅
  [  49/379] hablar_sin_pelos_en_la_lengua... ✅
  [  50/379] hablar_ñeñeñé... ✅
  [  51/379] hacendado,_da... ✅
  [  52/379] hacer_a_pulmón... ✅
  [  53/379] hacer_agua... ✅
  [  54/379] hacer_aguaje... ✅
  [  55/379] hacer_agüitas... ✅
  [  56/379] hacer_algo_con_las_patas... ✅
  [  57/379] hacer_algo_por_la_patria... ✅
  [  58/379] hacer_aprecio... ✅
  [  59/379] hacer_brusca... ✅
  [  60/379] hacer_buchadas... ✅
  [  61/379] hacer_buches... ✅
  [  62/379] hacer_buena_x_promesa... ✅
  [  63/379] hacer_bueno... ✅
  [  64/379] hacer_caballito... ✅
  [  65/379] hacer_caballo... ✅
  [  66/379] hacer_cabeza... ✅
  [  67/379] hacer_caras... ✅
  [  68/379] hacer_cerebrito... ✅
  [  69/379] hacer_cerebro... ✅
  [  70/379] hacer_claro... ✅
  [  71/379] hacer_click... ✅
  [  72/379] hacer_como_blas_ya_comiste_ya_te_vas... ✅
  [  73/379] hacer_con_las_patas... ✅
  [  74/379] hacer_cráneo... ✅
  [  75/379] hacer_cuatro... ✅
  [  76/379] hacer_cuchara... ✅
  [  77/379] hacer_cucharas_o_cucharitas... ✅
  [  78/379] hacer_culo_flojo... ✅
  [  79/379] hacer_de_cuenta... ✅
  [  80/379] hacer_el_aguada... ✅
  [  81/379] hacer_el_cuento... ✅
  [  82/379] hacer_el_daño_a_una_mujer... ✅
  [  83/379] hacer_el_dúo... ✅
  [  84/379] hacer_el_feike... ✅
  [  85/379] hacer_el_funche_aparte... ✅
  [  86/379] hacer_el_jueguito... ✅
  [  87/379] hacer_el_laundry... ✅
  [  88/379] hacer_el_tren... ✅
  [  89/379] hacer_el_uno... ✅
  [  90/379] hacer_embocadura... ✅
  [  91/379] hacer_escafre... ✅
  [  92/379] hacer_escante... ✅
  [  93/379] hacer_fiesta... ✅
  [  94/379] hacer_fiesta_con_algo... ✅
  [  95/379] hacer_figura... ✅
  [  96/379] hacer_fo... ✅
  [  97/379] hacer_fo_a_alguien... ✅
  [  98/379] hacer_gandinga... ✅
  [  99/379] hacer_gandinga_a_alguien... ✅
  [ 100/379] hacer_ground... ✅
  [ 101/379] hacer_guantes... ✅
  [ 102/379] hacer_hamaca... ✅
  [ 103/379] hacer_harina... ✅
  [ 104/379] hacer_horizonte... ✅
  [ 105/379] hacer_jobos... ✅
  [ 106/379] hacer_la_cadena... ✅
  [ 107/379] hacer_la_cama... ✅
  [ 108/379] hacer_la_campana... ✅
  [ 109/379] hacer_la_casqueta... ✅
  [ 110/379] hacer_la_diferencia... ✅
  [ 111/379] hacer_la_majuana... ✅
  [ 112/379] hacer_la_maldad... ✅
  [ 113/379] hacer_la_maldad_a_alguien... ✅
  [ 114/379] hacer_la_ronda... ✅
  [ 115/379] hacer_la_tuca... ✅
  [ 116/379] hacer_levante... ✅
  [ 117/379] hacer_leña... ✅
  [ 118/379] hacer_majuana... ✅
  [ 119/379] hacer_mar... ✅
  [ 120/379] hacer_maromas... ✅
  [ 121/379] hacer_mutis... ✅
  [ 122/379] hacer_orilla... ✅
  [ 123/379] hacer_pifia... ✅
  [ 124/379] hacer_pininos,_pinitos... ✅
  [ 125/379] hacer_plante... ✅
  [ 126/379] hacer_por_la_carga... ✅
  [ 127/379] hacer_por_la_patria... ✅
  [ 128/379] hacer_rosca... ✅
  [ 129/379] hacer_sentido... ✅
  [ 130/379] hacer_su_zafra... ✅
  [ 131/379] hacer_sudar_la_pita... ✅
  [ 132/379] hacer_sus_piensos... ✅
  [ 133/379] hacer_tiempo... ✅
  [ 134/379] hacer_tiempo_bueno... ✅
  [ 135/379] hacer_tipping... ✅
  [ 136/379] hacer_tocineta... ✅
  [ 137/379] hacer_tortilla... ✅
  [ 138/379] hacer_tostones... ✅
  [ 139/379] hacer_trutrú_lo_mismo_que_cadeneta... ✅
  [ 140/379] hacer_un_avío_y_dos_mandados... ✅
  [ 141/379] hacer_un_bayú... ✅
  [ 142/379] hacer_un_caballo... ✅
  [ 143/379] hacer_un_cerebro... ✅
  [ 144/379] hacer_un_chivo... ✅
  [ 145/379] hacer_un_cuadro... ✅
  [ 146/379] hacer_un_despojo... ✅
  [ 147/379] hacer_un_entri... ✅
  [ 148/379] hacer_un_fufú... ✅
  [ 149/379] hacer_un_hijo_macho... ✅
  [ 150/379] hacer_un_levante... ✅
  [ 151/379] hacer_un_maleficio... ✅
  [ 152/379] hacer_un_muñeco... ✅
  [ 153/379] hacer_un_pachó... ✅
  [ 154/379] hacer_un_palitroque... ✅
  [ 155/379] hacer_un_rancho... ✅
  [ 156/379] hacer_un_rancho_a_alguien... ✅
  [ 157/379] hacer_un_rumbón... ✅
  [ 158/379] hacer_un_serrucho... ✅
  [ 159/379] hacer_un_trabajito... ✅
  [ 160/379] hacer_un_trampoyín... ✅
  [ 161/379] hacer_un_tumbe... ✅
  [ 162/379] hacer_un_update... ✅
  [ 163/379] hacer_un_upgrade... ✅
  [ 164/379] hacer_un_vaporizo... ✅
  [ 165/379] hacer_una_cabeza... ✅
  [ 166/379] hacer_una_cooperativa... ✅
  [ 167/379] hacer_una_cosa_a_pulmón... ✅
  [ 168/379] hacer_una_guiñá,_guiñada... ✅
  [ 169/379] hacer_una_llamada... ✅
  [ 170/379] hacer_una_parantolada... ✅
  [ 171/379] hacer_una_parantolá... ✅
  [ 172/379] hacer_una_perneta... ✅
  [ 173/379] hacer_una_vaca... ✅
  [ 174/379] hacer_uno_su_guaca... ✅
  [ 175/379] hacer_varias_cosas_de_un_viaje... ✅
  [ 176/379] hacer_varilla... ✅
  [ 177/379] hacerle_la_vida_a_cuadritos... ✅
  [ 178/379] hacerme_el_día... ✅
  [ 179/379] hacerse... ✅
  [ 180/379] hacerse_de_la_boca_chiquita... ✅
  [ 181/379] hacerse_de_tía... ✅
  [ 182/379] hacerse_el_chivo... ✅
  [ 183/379] hacerse_el_chivo_loco... ✅
  [ 184/379] hacerse_el_guanajo... ✅
  [ 185/379] hacerse_el_juey_dormido... ✅
  [ 186/379] hacerse_el_loco... ✅
  [ 187/379] hacerse_el_muerto_para_que_lo_carguen... ✅
  [ 188/379] hacerse_el_pelea_monga... ✅
  [ 189/379] hacerse_el_pendejo... ✅
  [ 190/379] hacerse_el_pendejo_para_que_lo_carguen... ✅
  [ 191/379] hacerse_el_pescado_frito... ✅
  [ 192/379] hacerse_el_rosquete... ✅
  [ 193/379] hacerse_el_sueco... ✅
  [ 194/379] hacerse_el_zorro_clueco... ✅
  [ 195/379] hacerse_humo... ✅
  [ 196/379] hacerse_la_casqueta... ✅
  [ 197/379] hacerse_la_majuana... ✅
  [ 198/379] hacerse_la_mosquita_muerta... ✅
  [ 199/379] hacerse_la_paja... ✅
  [ 200/379] hacerse_la_rosca... ✅
  [ 201/379] hacerse_un_levante... ✅
  [ 202/379] hacerse_un_melao... ✅
  [ 203/379] hacerse_una_jalea... ✅
  [ 204/379] hacha... ✅
  [ 205/379] hachas... ✅
  [ 206/379] hachazo... ✅
  [ 207/379] hacho... ✅
  [ 208/379] hacienda... ✅
  [ 209/379] haciendita... ✅
  [ 210/379] haciéndose_y_gustándole... ✅
  [ 211/379] haciíto... ✅
  [ 212/379] hackear... ✅
  [ 213/379] hacker... ✅
  [ 214/379] hacking... ✅
  [ 215/379] hacío... ✅
  [ 216/379] hair_piece... ✅
  [ 217/379] hair_stylist... ✅
  [ 218/379] hairpiece... ✅
  [ 219/379] hairstyle... ✅
  [ 220/379] hairstylist... ✅
  [ 221/379] haitera... ✅
  [ 222/379] haitinal... ✅
  [ 223/379] haití... ✅
  [ 224/379] halado,_da... ✅
  [ 225/379] halado... ✅
  [ 226/379] halador_de_azada... ✅
  [ 227/379] halar... ✅
  [ 228/379] halar_bejucos... ✅
  [ 229/379] halar_ganchos... ✅
  [ 230/379] halar_la_cadena... ✅
  [ 231/379] halar_las_orejas... ✅
  [ 232/379] halar_pata... ✅
  [ 233/379] halarse... ✅
  [ 234/379] halcón_de_patos... ✅
  [ 235/379] halda... ✅
  [ 236/379] hall... ✅
  [ 237/379] hallaca... ✅
  [ 238/379] hallar_x_culpable... ✅
  [ 239/379] halón... ✅
  [ 240/379] halón_de_orejas... ✅
  [ 241/379] hamaca... ✅
  [ 242/379] hamaca_de_clinea... ✅
  [ 243/379] hamaquear... ✅
  [ 244/379] hamaqueo... ✅
  [ 245/379] hambrusia... ✅
  [ 246/379] hamburger... ✅
  [ 247/379] hamburguesa... ✅
  [ 248/379] hampearse... ✅
  [ 249/379] hamper... ✅
  [ 250/379] hampón,_na... ✅
  [ 251/379] hand_bag... ✅
  [ 252/379] hand_sanitizer... ✅
  [ 253/379] handbag... ✅
  [ 254/379] handball... ✅
  [ 255/379] handi_wipe... ✅
  [ 256/379] handicap... ✅
  [ 257/379] handicaped... ✅
  [ 258/379] handle... ✅
  [ 259/379] handling_charge... ✅
  [ 260/379] handout... ✅
  [ 261/379] hands_free_(set)... ✅
  [ 262/379] handy_wipe... ✅
  [ 263/379] handyman... ✅
  [ 264/379] hang_around... ✅
  [ 265/379] hangover... ✅
  [ 266/379] hanguear... ✅
  [ 267/379] hangueo... ✅
  [ 268/379] hanón... ✅
  [ 269/379] happening... ✅
  [ 270/379] happy... ✅
  [ 271/379] happy_birthday... ✅
  [ 272/379] happy_end... ✅
  [ 273/379] happy_ending... ✅
  [ 274/379] happy_hour... ✅
  [ 275/379] happy_medium... ✅
  [ 276/379] haragandía... ✅
  [ 277/379] hard_disk... ✅
  [ 278/379] hard_disk_loading... ✅
  [ 279/379] hard_drive... ✅
  [ 280/379] hard_feelings... ✅
  [ 281/379] hard_rock... ✅
  [ 282/379] hard_times... ✅
  [ 283/379] hardware... ✅
  [ 284/379] hardware_store... ✅
  [ 285/379] harea... ✅
  [ 286/379] harina... ✅
  [ 287/379] harina_de_café... ✅
  [ 288/379] harina_de_pan... ✅
  [ 289/379] hartarse_de_mamey... ✅
  [ 290/379] hartera... ✅
  [ 291/379] hartón,_na... ✅
  [ 292/379] hartón... ✅
  [ 293/379] hasta_el_sol_de_hoy... ✅
  [ 294/379] hasta_el_ñame... ✅
  [ 295/379] hasta_el_ñu... ✅
  [ 296/379] hasta_la_madre... ✅
  [ 297/379] hasta_la_madre_de_los_tomates... ✅
  [ 298/379] hasta_las_tetas... ✅
  [ 299/379] hataca... ✅
  [ 300/379] hatillano,_na... ✅
  [ 301/379] hato... ✅
  [ 302/379] hawaiana... ✅
  [ 303/379] haya... ✅
  [ 304/379] haya_prieta... ✅
  [ 305/379] hayaca... ✅
  [ 306/379] haymanio... ✅
  [ 307/379] haytinal... ✅
  [ 308/379] hazel... ✅
  [ 309/379] hazelnut... ✅
  [ 310/379] hd-dvd... ✅
  [ 311/379] headband... ✅
  [ 312/379] heading... ✅
  [ 313/379] headlamp... ✅
  [ 314/379] headlight... ✅
  [ 315/379] health_food... ✅
  [ 316/379] heart_attack... ✅
  [ 317/379] heat... ✅
  [ 318/379] heater... ✅
  [ 319/379] heating_pad... ✅
  [ 320/379] heavy... ✅
  [ 321/379] heavy_beauty... ✅
  [ 322/379] heavy_brother... ✅
  [ 323/379] heavy_cool... ✅
  [ 324/379] heavy_crazy... ✅
  [ 325/379] heavy_duty... ✅
  [ 326/379] heavy_metal... ✅
  [ 327/379] heavytón... ✅
  [ 328/379] heavyweight... ✅
  [ 329/379] hebilla... ✅
  [ 330/379] hechar_un_pie... ✅
  [ 331/379] hecho_frío... ✅
  [ 332/379] hecho_leña... ✅
  [ 333/379] hechón,_na... ✅
  [ 334/379] hedionda... ✅
  [ 335/379] hediondilla... ✅
  [ 336/379] helado_de_paquete... ✅
  [ 337/379] helecho_de_lechuga... ✅
  [ 338/379] helecho_gigante... ✅
  [ 339/379] helecho_rizado... ✅
  [ 340/379] helecho_rosado... ✅
  [ 341/379] hembra... ✅
  [ 342/379] hembraza... ✅
  [ 343/379] hembrero... ✅
  [ 344/379] hembrimacho... ✅
  [ 345/379] hembrota... ✅
  [ 346/379] hemorragia... ✅
  [ 347/379] hemotisis... ✅
  [ 348/379] henchidero... ✅
  [ 349/379] henchir... ✅
  [ 350/379] henderse... ✅
  [ 351/379] hendija... ✅
  [ 352/379] henequén... ✅
  [ 353/379] henequén_verde... ✅
  [ 354/379] hequetí... ✅
  [ 355/379] herbederas... ✅
  [ 356/379] herencia... ✅
  [ 357/379] hermanazo... ✅
  [ 358/379] hermano,_na... ✅
  [ 359/379] herote... ✅
  [ 360/379] herramientas... ✅
  [ 361/379] herrero,_rra... ✅
  [ 362/379] herrería... ✅
  [ 363/379] herrumbe... ✅
  [ 364/379] hervederas... ✅
  [ 365/379] herver... ✅
  [ 366/379] hervera... ✅
  [ 367/379] hervío,_vía... ✅
  [ 368/379] heterósfera... ✅
  [ 369/379] heticarse... ✅
  [ 370/379] hetiquencia... ✅
  [ 371/379] heviton... ✅
  [ 372/379] hevy... ✅
  [ 373/379] hibisco... ✅
  [ 374/379] hibiz... ✅
  [ 375/379] hibuera... ✅
  [ 376/379] hábitat... ✅
  [ 377/379] hácana... ✅
  [ 378/379] hético,_ca... ✅
  [ 379/379] híbrido,_da... ✅

================================================================================
CONSOLIDATION COMPLETE
================================================================================
  Letter:        H
  Processed:     379
  Failed:        0
  Output folder: /Users/andrewcasanova/Documents/data_science_projects/ai_projects/TESORO_BORICUA/webscrape/data/preprocessed_tesoro_v2/h


================================================================================
CONSOLIDATING LETTER 'I' - 385 words
================================================================================

  [   1/385] i.q.... ✅
  [   2/385] iambó... ✅
  [   3/385] iayajabico... ✅
  [   4/385] ibisco... ✅
  [   5/385] ibuera... ✅
  [   6/385] ibuero... ✅
  [   7/385] icaco... ✅
  [   8/385] icaquillo... ✅
  [   9/385] icaro... ✅
  [  10/385] ice... ✅
  [  11/385] ice_cream... ✅
  [  12/385] iceberg... ✅
  [  13/385] icon... ✅
  [  14/385] icono... ✅
  [  15/385] id... ✅
  [  16/385] ida_por_la_vuelta... ✅
  [  17/385] idl... ✅
  [  18/385] ido,_da... ✅
  [  19/385] iella... ✅
  [  20/385] igneri... ✅
  [  21/385] ignorante... ✅
  [  22/385] ignorar... ✅
  [  23/385] iguaca... ✅
  [  24/385] iguala... ✅
  [  25/385] iguana... ✅
  [  26/385] ijar... ✅
  [  27/385] ijear... ✅
  [  28/385] ilan_ilan... ✅
  [  29/385] ilang_ilang... ✅
  [  30/385] imbele... ✅
  [  31/385] imberbe... ✅
  [  32/385] imbuirse... ✅
  [  33/385] imocona... ✅
  [  34/385] impactante... ✅
  [  35/385] impactar... ✅
  [  36/385] impacto... ✅
  [  37/385] impacto_ambiental... ✅
  [  38/385] impacto_de_bala... ✅
  [  39/385] imparable... ✅
  [  40/385] impase... ✅
  [  41/385] impeachment... ✅
  [  42/385] impersonar... ✅
  [  43/385] implementación... ✅
  [  44/385] implementar... ✅
  [  45/385] implemento... ✅
  [  46/385] importar_todo_un_mojón_de_puta... ✅
  [  47/385] impostura... ✅
  [  48/385] impredeciblemente... ✅
  [  49/385] impulsada... ✅
  [  50/385] impulsar... ✅
  [  51/385] imucona... ✅
  [  52/385] in-kind... ✅
  [  53/385] in... ✅
  [  54/385] in_advance... ✅
  [  55/385] in_between... ✅
  [  56/385] in_kind... ✅
  [  57/385] in_the_sky... ✅
  [  58/385] inarú... ✅
  [  59/385] inbox... ✅
  [  60/385] inbreeding... ✅
  [  61/385] incachable... ✅
  [  62/385] incaieque... ✅
  [  63/385] incayeque... ✅
  [  64/385] inchurrido,_da... ✅
  [  65/385] inchúrbido,_da... ✅
  [  66/385] incidente... ✅
  [  67/385] inclinar... ✅
  [  68/385] incogible... ✅
  [  69/385] income... ✅
  [  70/385] income_tax... ✅
  [  71/385] inconfortable... ✅
  [  72/385] incremental... ✅
  [  73/385] incruento,_ta... ✅
  [  74/385] incumbente... ✅
  [  75/385] incursionar... ✅
  [  76/385] incursión... ✅
  [  77/385] indagación... ✅
  [  78/385] indagador,_ra... ✅
  [  79/385] indagar... ✅
  [  80/385] indague... ✅
  [  81/385] indecar... ✅
  [  82/385] indentado... ✅
  [  83/385] indentar... ✅
  [  84/385] independentista... ✅
  [  85/385] india... ✅
  [  86/385] indiana... ✅
  [  87/385] indigestión... ✅
  [  88/385] indino,_na... ✅
  [  89/385] indio,_dia... ✅
  [  90/385] indio... ✅
  [  91/385] indio_desnudo... ✅
  [  92/385] indio_esnú... ✅
  [  93/385] indiscutible... ✅
  [  94/385] individualizar... ✅
  [  95/385] indubitable... ✅
  [  96/385] indultarse... ✅
  [  97/385] inerme... ✅
  [  98/385] infancioso,_sa... ✅
  [  99/385] infante... ✅
  [ 100/385] infatuado,_da... ✅
  [ 101/385] infección_intestinal... ✅
  [ 102/385] infectado... ✅
  [ 103/385] infeliz... ✅
  [ 104/385] infernal... ✅
  [ 105/385] infield... ✅
  [ 106/385] infielder... ✅
  [ 107/385] inflacionario... ✅
  [ 108/385] inflación... ✅
  [ 109/385] influencer... ✅
  [ 110/385] influenciador,_ra... ✅
  [ 111/385] influenza... ✅
  [ 112/385] informante... ✅
  [ 113/385] infraestructura... ✅
  [ 114/385] infumable... ✅
  [ 115/385] ingambó... ✅
  [ 116/385] ingenio... ✅
  [ 117/385] inglés... ✅
  [ 118/385] inicial... ✅
  [ 119/385] inicialista... ✅
  [ 120/385] injerto_jacodo... ✅
  [ 121/385] injerto_tipo_chino... ✅
  [ 122/385] injillamiento... ✅
  [ 123/385] injillido,_da... ✅
  [ 124/385] injillirse... ✅
  [ 125/385] injiyío,_yía... ✅
  [ 126/385] injunction... ✅
  [ 127/385] injuria... ✅
  [ 128/385] inmaculado,_da... ✅
  [ 129/385] inmancable... ✅
  [ 130/385] inmaterial... ✅
  [ 131/385] inmortal... ✅
  [ 132/385] inning... ✅
  [ 133/385] innuendo... ✅
  [ 134/385] inocentón,_na... ✅
  [ 135/385] inocuo,_cua... ✅
  [ 136/385] inoloro,_ra... ✅
  [ 137/385] inombrable... ✅
  [ 138/385] inoperable... ✅
  [ 139/385] inopla... ✅
  [ 140/385] input... ✅
  [ 141/385] inquinar... ✅
  [ 142/385] inrirí... ✅
  [ 143/385] insensivo... ✅
  [ 144/385] insidia... ✅
  [ 145/385] insidioso,_sa... ✅
  [ 146/385] insight... ✅
  [ 147/385] insolación... ✅
  [ 148/385] instant_messaging... ✅
  [ 149/385] instrumentalidad... ✅
  [ 150/385] instrumento... ✅
  [ 151/385] instrumentos... ✅
  [ 152/385] insulación... ✅
  [ 153/385] insulador... ✅
  [ 154/385] insultada... ✅
  [ 155/385] insurance... ✅
  [ 156/385] insípido,_da... ✅
  [ 157/385] inteligencia... ✅
  [ 158/385] inteligente... ✅
  [ 159/385] interactivo,_va... ✅
  [ 160/385] interactuar... ✅
  [ 161/385] intercom... ✅
  [ 162/385] interface... ✅
  [ 163/385] interfase... ✅
  [ 164/385] interfaz... ✅
  [ 165/385] interferencia... ✅
  [ 166/385] interinato... ✅
  [ 167/385] interlocking... ✅
  [ 168/385] intermedia... ✅
  [ 169/385] intermedio... ✅
  [ 170/385] intermedista... ✅
  [ 171/385] internalizar... ✅
  [ 172/385] internarse... ✅
  [ 173/385] internauta... ✅
  [ 174/385] internet... ✅
  [ 175/385] internista... ✅
  [ 176/385] interregno... ✅
  [ 177/385] interrelación... ✅
  [ 178/385] intersección... ✅
  [ 179/385] intersectar(se)... ✅
  [ 180/385] interventor_de_galleras... ✅
  [ 181/385] interview... ✅
  [ 182/385] interviú... ✅
  [ 183/385] interés_unilateral... ✅
  [ 184/385] interín... ✅
  [ 185/385] intocables... ✅
  [ 186/385] intranet... ✅
  [ 187/385] intrusivo,_va... ✅
  [ 188/385] intumirse... ✅
  [ 189/385] intérvalo... ✅
  [ 190/385] inuendo... ✅
  [ 191/385] invasivo,_va... ✅
  [ 192/385] invasión... ✅
  [ 193/385] invencible... ✅
  [ 194/385] inventar_viaje... ✅
  [ 195/385] invernazo... ✅
  [ 196/385] inversor,_ra... ✅
  [ 197/385] invertida... ✅
  [ 198/385] invertido... ✅
  [ 199/385] invisible... ✅
  [ 200/385] invisibles... ✅
  [ 201/385] invitacional... ✅
  [ 202/385] involucro... ✅
  [ 203/385] inyección_electrónica... ✅
  [ 204/385] inyectado,_da... ✅
  [ 205/385] inyectadora... ✅
  [ 206/385] ip_(address)... ✅
  [ 207/385] ipecacuana... ✅
  [ 208/385] ipecajuana... ✅
  [ 209/385] iphone... ✅
  [ 210/385] ipocondríaco,_ca... ✅
  [ 211/385] ipod... ✅
  [ 212/385] ipod_touch... ✅
  [ 213/385] iq... ✅
  [ 214/385] ir_a_camón... ✅
  [ 215/385] ir_a_comer_rancho... ✅
  [ 216/385] ir_a_comprar_carne... ✅
  [ 217/385] ir_a_hitiar... ✅
  [ 218/385] ir_a_la_mesa... ✅
  [ 219/385] ir_a_la_segura... ✅
  [ 220/385] ir_a_la_segureña... ✅
  [ 221/385] ir_a_las_millas_de_chaflán... ✅
  [ 222/385] ir_a_las_uvas... ✅
  [ 223/385] ir_a_llover... ✅
  [ 224/385] ir_a_lo_joyo_abierto... ✅
  [ 225/385] ir_a_lo_shaolin... ✅
  [ 226/385] ir_a_los_garrones... ✅
  [ 227/385] ir_a_ponchar... ✅
  [ 228/385] ir_a_tener... ✅
  [ 229/385] ir_a_tientas_y_a_locas... ✅
  [ 230/385] ir_a_todas... ✅
  [ 231/385] ir_al_chauchau... ✅
  [ 232/385] ir_al_despulpe... ✅
  [ 233/385] ir_al_grano... ✅
  [ 234/385] ir_bumpe_con_bumpe... ✅
  [ 235/385] ir_bumper_con_bumper... ✅
  [ 236/385] ir_cayendo... ✅
  [ 237/385] ir_como_chongo... ✅
  [ 238/385] ir_como_congo_de_hoya... ✅
  [ 239/385] ir_como_el_cangrejo... ✅
  [ 240/385] ir_como_perro_de_rico... ✅
  [ 241/385] ir_con_la_embajada... ✅
  [ 242/385] ir_con_la_oreja_pará... ✅
  [ 243/385] ir_con_las_manos_vacías... ✅
  [ 244/385] ir_con_vainas... ✅
  [ 245/385] ir_de_culo... ✅
  [ 246/385] ir_de_medio_lado... ✅
  [ 247/385] ir_de_paquete... ✅
  [ 248/385] ir_de_pinch_hitter... ✅
  [ 249/385] ir_de_pinchjiter... ✅
  [ 250/385] ir_de_rumba... ✅
  [ 251/385] ir_de_shopping... ✅
  [ 252/385] ir_de_trinquete... ✅
  [ 253/385] ir_del_tingo_al_tango... ✅
  [ 254/385] ir_del_tingo_al_tango_y_del_tango_al_tingo... ✅
  [ 255/385] ir_embollado... ✅
  [ 256/385] ir_embollao... ✅
  [ 257/385] ir_en_coche... ✅
  [ 258/385] ir_en_dos... ✅
  [ 259/385] ir_en_high... ✅
  [ 260/385] ir_en_jai... ✅
  [ 261/385] ir_en_pacotilla... ✅
  [ 262/385] ir_en_pingonillas... ✅
  [ 263/385] ir_en_punta... ✅
  [ 264/385] ir_en_vaca... ✅
  [ 265/385] ir_fletao... ✅
  [ 266/385] ir_inyectao... ✅
  [ 267/385] ir_matándose... ✅
  [ 268/385] ir_más_lento_que_una_caravana_de_cojos... ✅
  [ 269/385] ir_más_lento_que_una_transfusión_de_brea... ✅
  [ 270/385] ir_palante... ✅
  [ 271/385] ir_para_el_cacharro... ✅
  [ 272/385] ir_para_el_rancho... ✅
  [ 273/385] ir_para_la_isla... ✅
  [ 274/385] ir_para_la_manigua... ✅
  [ 275/385] ir_parejo... ✅
  [ 276/385] ir_pegado_de_la_costa... ✅
  [ 277/385] ir_pelo_a_pelo... ✅
  [ 278/385] ir_pisado... ✅
  [ 279/385] ir_pisando_niguas... ✅
  [ 280/385] ir_pisao... ✅
  [ 281/385] ir_pitado... ✅
  [ 282/385] ir_pitao... ✅
  [ 283/385] ir_por_la_orilla... ✅
  [ 284/385] ir_por_la_otra_acera... ✅
  [ 285/385] ir_por_la_otra_orilla... ✅
  [ 286/385] ir_tan_con_tan... ✅
  [ 287/385] ir_zafado,_da... ✅
  [ 288/385] ira... ✅
  [ 289/385] iraca... ✅
  [ 290/385] iracha... ✅
  [ 291/385] irle_arriba_o_encima... ✅
  [ 292/385] irrelevante... ✅
  [ 293/385] irrespectivamente... ✅
  [ 294/385] irrespectivo... ✅
  [ 295/385] irrigar... ✅
  [ 296/385] irse_a_coger_por_las_guaretas... ✅
  [ 297/385] irse_a_comer_gofio... ✅
  [ 298/385] irse_a_freír_espárragos... ✅
  [ 299/385] irse_a_freír_papas... ✅
  [ 300/385] irse_a_freír_tusas... ✅
  [ 301/385] irse_a_guardar... ✅
  [ 302/385] irse_a_jurta... ✅
  [ 303/385] irse_a_justa... ✅
  [ 304/385] irse_a_juste... ✅
  [ 305/385] irse_a_la_brea... ✅
  [ 306/385] irse_a_la_cuneta... ✅
  [ 307/385] irse_a_la_porra... ✅
  [ 308/385] irse_a_los_golpes... ✅
  [ 309/385] irse_a_paseo... ✅
  [ 310/385] irse_a_pique... ✅
  [ 311/385] irse_a_tirar_piedritas_al_río... ✅
  [ 312/385] irse_a_volar_el_golondrino... ✅
  [ 313/385] irse_a_volar_pichones... ✅
  [ 314/385] irse_abajo... ✅
  [ 315/385] irse_al_carajo... ✅
  [ 316/385] irse_al_demonio... ✅
  [ 317/385] irse_andando_bajito... ✅
  [ 318/385] irse_cantando_bajito... ✅
  [ 319/385] irse_como_guineo_en_boca_de_vieja... ✅
  [ 320/385] irse_como_pan_caliente... ✅
  [ 321/385] irse_como_un_zumbo... ✅
  [ 322/385] irse_con_el_gordo... ✅
  [ 323/385] irse_con_los_panchos... ✅
  [ 324/385] irse_de_alita... ✅
  [ 325/385] irse_de_boca... ✅
  [ 326/385] irse_de_culetazo... ✅
  [ 327/385] irse_de_culo... ✅
  [ 328/385] irse_de_culo_diciendo_que_no... ✅
  [ 329/385] irse_de_eslay... ✅
  [ 330/385] irse_de_güira... ✅
  [ 331/385] irse_de_jobillo... ✅
  [ 332/385] irse_de_jobillos... ✅
  [ 333/385] irse_de_jovillos... ✅
  [ 334/385] irse_del_seguro... ✅
  [ 335/385] irse_el_agua... ✅
  [ 336/385] irse_el_alma... ✅
  [ 337/385] irse_el_corazón_al_culo... ✅
  [ 338/385] irse_el_mingo_por_la_tronera... ✅
  [ 339/385] irse_el_mundo... ✅
  [ 340/385] irse_el_resuello... ✅
  [ 341/385] irse_en_blanco... ✅
  [ 342/385] irse_hasta_abajo... ✅
  [ 343/385] irse_hasta_el_eje... ✅
  [ 344/385] irse_hasta_el_ñame... ✅
  [ 345/385] irse_hasta_los_lerenes... ✅
  [ 346/385] irse_la_yegua... ✅
  [ 347/385] irse_para_el_carajo... ✅
  [ 348/385] irse_para_las_ventas_del_carajo... ✅
  [ 349/385] irse_para_quebradillas... ✅
  [ 350/385] irse_pisando_nigua... ✅
  [ 351/385] irse_pisando_niguas... ✅
  [ 352/385] irse_pitando_la_borinqueña... ✅
  [ 353/385] irse_por_el_chorro... ✅
  [ 354/385] irse_por_el_galillo_viejo... ✅
  [ 355/385] irse_por_el_pino... ✅
  [ 356/385] irse_por_los_botones... ✅
  [ 357/385] irse_un_zumbo... ✅
  [ 358/385] irse_viral... ✅
  [ 359/385] isabel_segunda... ✅
  [ 360/385] isabeleño,_ña... ✅
  [ 361/385] isabelino,_na... ✅
  [ 362/385] isabelino... ✅
  [ 363/385] isabelita... ✅
  [ 364/385] isla... ✅
  [ 365/385] isla_del_diablo... ✅
  [ 366/385] isleoncillo... ✅
  [ 367/385] isleta... ✅
  [ 368/385] isleño,_ña... ✅
  [ 369/385] isleón... ✅
  [ 370/385] islilla... ✅
  [ 371/385] issue... ✅
  [ 372/385] ita... ✅
  [ 373/385] italizar... ✅
  [ 374/385] itamorreal... ✅
  [ 375/385] item... ✅
  [ 376/385] itinerario... ✅
  [ 377/385] itinerario_(de_trabajo)... ✅
  [ 378/385] itunes... ✅
  [ 379/385] iupi... ✅
  [ 380/385] izquierda... ✅
  [ 381/385] izquierdazo... ✅
  [ 382/385] izquierdo,_da... ✅
  [ 383/385] iñeri... ✅
  [ 384/385] iñerí... ✅
  [ 385/385] iño,_ña... ✅

================================================================================
CONSOLIDATION COMPLETE
================================================================================
  Letter:        I
  Processed:     385
  Failed:        0
  Output folder: /Users/andrewcasanova/Documents/data_science_projects/ai_projects/TESORO_BORICUA/webscrape/data/preprocessed_tesoro_v2/i


================================================================================
CONSOLIDATING LETTER 'J' - 614 words
================================================================================

  [   1/614] jab... ✅
  [   2/614] jaba... ✅
  [   3/614] jabado,_da... ✅
  [   4/614] jabalí... ✅
  [   5/614] jabalío... ✅
  [   6/614] jabao,_bá... ✅
  [   7/614] jabeco,_ca... ✅
  [   8/614] jabilla... ✅
  [   9/614] jabillo... ✅
  [  10/614] jabita... ✅
  [  11/614] jaboncillo... ✅
  [  12/614] jabonear... ✅
  [  13/614] jabonero,_ra... ✅
  [  14/614] jabuco... ✅
  [  15/614] jabón... ✅
  [  16/614] jaca... ✅
  [  17/614] jacana... ✅
  [  18/614] jacanillo... ✅
  [  19/614] jacanita... ✅
  [  20/614] jacaranda... ✅
  [  21/614] jacarandoso... ✅
  [  22/614] jacarandá... ✅
  [  23/614] jacha... ✅
  [  24/614] jacho... ✅
  [  25/614] jacinto... ✅
  [  26/614] jacinto_de_agua... ✅
  [  27/614] jacker... ✅
  [  28/614] jacket... ✅
  [  29/614] jackpot... ✅
  [  30/614] jaco,_ca... ✅
  [  31/614] jaco... ✅
  [  32/614] jacuzzi... ✅
  [  33/614] jacío... ✅
  [  34/614] jagua... ✅
  [  35/614] jagual... ✅
  [  36/614] jaguear... ✅
  [  37/614] jagüey... ✅
  [  38/614] jagüey_blanco... ✅
  [  39/614] jagüey_colorado... ✅
  [  40/614] jagüey_macho... ✅
  [  41/614] jagüeíllo... ✅
  [  42/614] jagüilla... ✅
  [  43/614] jagüillo... ✅
  [  44/614] jai... ✅
  [  45/614] jaiba... ✅
  [  46/614] jaibería... ✅
  [  47/614] jaibol... ✅
  [  48/614] jaibonería... ✅
  [  49/614] jaida... ✅
  [  50/614] jaijoyeti... ✅
  [  51/614] jaitonería... ✅
  [  52/614] jaitón,_na... ✅
  [  53/614] jajabi... ✅
  [  54/614] jajabí... ✅
  [  55/614] jalado,_da... ✅
  [  56/614] jalao,_lá... ✅
  [  57/614] jalapeño... ✅
  [  58/614] jalaquemequedo... ✅
  [  59/614] jalar... ✅
  [  60/614] jalar_las_orejas... ✅
  [  61/614] jalar_pasto... ✅
  [  62/614] jalarse... ✅
  [  63/614] jalarse_un_yerbo... ✅
  [  64/614] jalaíta... ✅
  [  65/614] jalda... ✅
  [  66/614] jalda_arriba... ✅
  [  67/614] jalda_esclarecía... ✅
  [  68/614] jalda_esclaresía... ✅
  [  69/614] jaldado,_da... ✅
  [  70/614] jaldoso,_sa... ✅
  [  71/614] jalea... ✅
  [  72/614] jaleo... ✅
  [  73/614] jaleo_de_estómago... ✅
  [  74/614] jallaca... ✅
  [  75/614] jallao... ✅
  [  76/614] jalope... ✅
  [  77/614] jalá... ✅
  [  78/614] jalío... ✅
  [  79/614] jalón... ✅
  [  80/614] jamaca... ✅
  [  81/614] jamaca_de_clinea... ✅
  [  82/614] jamaquear... ✅
  [  83/614] jamaqueo... ✅
  [  84/614] jamaqueón... ✅
  [  85/614] jamberguer... ✅
  [  86/614] jamelgo... ✅
  [  87/614] jammear... ✅
  [  88/614] jammeo... ✅
  [  89/614] jamonez... ✅
  [  90/614] jampearse... ✅
  [  91/614] jampiarse... ✅
  [  92/614] jamón,_na... ✅
  [  93/614] jamón... ✅
  [  94/614] jamón_con_huevo... ✅
  [  95/614] jamón_de_sandwich... ✅
  [  96/614] jamón_del_sándwich... ✅
  [  97/614] jandinga... ✅
  [  98/614] jangado,_da... ✅
  [  99/614] janguear... ✅
  [ 100/614] jangueo... ✅
  [ 101/614] janguiar... ✅
  [ 102/614] jangóver... ✅
  [ 103/614] janitor... ✅
  [ 104/614] jansias... ✅
  [ 105/614] jaojao... ✅
  [ 106/614] japonesa... ✅
  [ 107/614] japonés... ✅
  [ 108/614] jaquetonería... ✅
  [ 109/614] jaquetón,_na... ✅
  [ 110/614] jaquilla... ✅
  [ 111/614] jaquimado,_da... ✅
  [ 112/614] jaquimón... ✅
  [ 113/614] jara... ✅
  [ 114/614] jarabe_de_aguantatúa... ✅
  [ 115/614] jarabe_fresco... ✅
  [ 116/614] jarabe_tolú... ✅
  [ 117/614] jaragua... ✅
  [ 118/614] jaraguazo... ✅
  [ 119/614] jarana... ✅
  [ 120/614] jaranear... ✅
  [ 121/614] jaranista... ✅
  [ 122/614] jarcoroso,_sa... ✅
  [ 123/614] jardinero... ✅
  [ 124/614] jardinero_central... ✅
  [ 125/614] jardinero_derecho... ✅
  [ 126/614] jardinero_izquierdo... ✅
  [ 127/614] jardioso,_sa... ✅
  [ 128/614] jardín... ✅
  [ 129/614] jardín_central... ✅
  [ 130/614] jardín_derecho... ✅
  [ 131/614] jardín_izquierdo... ✅
  [ 132/614] jarea... ✅
  [ 133/614] jarindonga... ✅
  [ 134/614] jarope... ✅
  [ 135/614] jarriero... ✅
  [ 136/614] jarrón... ✅
  [ 137/614] jartarse... ✅
  [ 138/614] jartera... ✅
  [ 139/614] jarto,_ta... ✅
  [ 140/614] jartón... ✅
  [ 141/614] jasiíto... ✅
  [ 142/614] jasío... ✅
  [ 143/614] jataca... ✅
  [ 144/614] jataco... ✅
  [ 145/614] jaticá... ✅
  [ 146/614] jato... ✅
  [ 147/614] jaujao... ✅
  [ 148/614] jaula... ✅
  [ 149/614] jaula_de_encerrar_pichones... ✅
  [ 150/614] jaula_de_exhibición... ✅
  [ 151/614] javado,_da... ✅
  [ 152/614] javiya... ✅
  [ 153/614] javiyo... ✅
  [ 154/614] jayaca... ✅
  [ 155/614] jayajabico... ✅
  [ 156/614] jayuyano,_na... ✅
  [ 157/614] jazmín... ✅
  [ 158/614] jazmín_de_españa... ✅
  [ 159/614] jazmín_de_estrella... ✅
  [ 160/614] jazmín_de_italia... ✅
  [ 161/614] jazmín_de_papel... ✅
  [ 162/614] jazmín_de_río... ✅
  [ 163/614] jazmín_francés... ✅
  [ 164/614] jazz... ✅
  [ 165/614] jazzear... ✅
  [ 166/614] jeans... ✅
  [ 167/614] jeba... ✅
  [ 168/614] jebita... ✅
  [ 169/614] jebo,_ba... ✅
  [ 170/614] jebo... ✅
  [ 171/614] jechón,_na... ✅
  [ 172/614] jeder... ✅
  [ 173/614] jediondo,_da... ✅
  [ 174/614] jeep... ✅
  [ 175/614] jefa... ✅
  [ 176/614] jefe_de_hogar... ✅
  [ 177/614] jején... ✅
  [ 178/614] jelbío,_bía... ✅
  [ 179/614] jelengue... ✅
  [ 180/614] jelly... ✅
  [ 181/614] jelly_fish... ✅
  [ 182/614] jellyfish... ✅
  [ 183/614] jelofe... ✅
  [ 184/614] jembrimacho... ✅
  [ 185/614] jeme... ✅
  [ 186/614] jemiquear... ✅
  [ 187/614] jemiqueo... ✅
  [ 188/614] jenchidero... ✅
  [ 189/614] jenchir... ✅
  [ 190/614] jendedura... ✅
  [ 191/614] jenderse... ✅
  [ 192/614] jendido,_da... ✅
  [ 193/614] jendido_como_patilla... ✅
  [ 194/614] jendía... ✅
  [ 195/614] jendío,_día... ✅
  [ 196/614] jendío_como_patilla... ✅
  [ 197/614] jenequén... ✅
  [ 198/614] jengibrillo... ✅
  [ 199/614] jenipa... ✅
  [ 200/614] jeniquén... ✅
  [ 201/614] jerbedera... ✅
  [ 202/614] jerbedero... ✅
  [ 203/614] jerbera... ✅
  [ 204/614] jerbo,_ba... ✅
  [ 205/614] jerbío,_bía... ✅
  [ 206/614] jeremiada... ✅
  [ 207/614] jeremiquear... ✅
  [ 208/614] jeremiqueo... ✅
  [ 209/614] jeremiquero,_ra... ✅
  [ 210/614] jeretas... ✅
  [ 211/614] jerezana... ✅
  [ 212/614] jerezano,_na... ✅
  [ 213/614] jerga... ✅
  [ 214/614] jergón... ✅
  [ 215/614] jeringa... ✅
  [ 216/614] jeringar... ✅
  [ 217/614] jeringazo... ✅
  [ 218/614] jeringonza... ✅
  [ 219/614] jeringoso,_sa... ✅
  [ 220/614] jeringón,_na... ✅
  [ 221/614] jero... ✅
  [ 222/614] jerpa... ✅
  [ 223/614] jersey... ✅
  [ 224/614] jervederas... ✅
  [ 225/614] jerver... ✅
  [ 226/614] jervir... ✅
  [ 227/614] jervío,_vía... ✅
  [ 228/614] jet-lag... ✅
  [ 229/614] jet... ✅
  [ 230/614] jet_lag... ✅
  [ 231/614] jet_set... ✅
  [ 232/614] jet_ski... ✅
  [ 233/614] jetón,_na... ✅
  [ 234/614] jeva... ✅
  [ 235/614] jevi... ✅
  [ 236/614] jevi_kul... ✅
  [ 237/614] jevo,_va... ✅
  [ 238/614] jibado,_da... ✅
  [ 239/614] jibarada... ✅
  [ 240/614] jibarería... ✅
  [ 241/614] jibaresco,_ca... ✅
  [ 242/614] jibaridad... ✅
  [ 243/614] jibarismo... ✅
  [ 244/614] jibarista... ✅
  [ 245/614] jibaruno,_na... ✅
  [ 246/614] jibe... ✅
  [ 247/614] jibeco... ✅
  [ 248/614] jibicoa... ✅
  [ 249/614] jibijoa... ✅
  [ 250/614] jibilla... ✅
  [ 251/614] jibillo... ✅
  [ 252/614] jibá... ✅
  [ 253/614] jicacal... ✅
  [ 254/614] jicaco... ✅
  [ 255/614] jicaku... ✅
  [ 256/614] jicante... ✅
  [ 257/614] jicaquillo... ✅
  [ 258/614] jico... ✅
  [ 259/614] jicotea... ✅
  [ 260/614] jidiondo,_da... ✅
  [ 261/614] jienda... ✅
  [ 262/614] jier... ✅
  [ 263/614] jierro... ✅
  [ 264/614] jigambó... ✅
  [ 265/614] jiguagua... ✅
  [ 266/614] jiguana... ✅
  [ 267/614] jiguereta... ✅
  [ 268/614] jiguilete... ✅
  [ 269/614] jiguilete_de_cosas... ✅
  [ 270/614] jiguillal... ✅
  [ 271/614] jiguillo... ✅
  [ 272/614] jigüera... ✅
  [ 273/614] jigüeral... ✅
  [ 274/614] jigüerilla... ✅
  [ 275/614] jigüerillo... ✅
  [ 276/614] jigüerito... ✅
  [ 277/614] jigüero... ✅
  [ 278/614] jijonear... ✅
  [ 279/614] jilacho,_cha... ✅
  [ 280/614] jilbanazo... ✅
  [ 281/614] jilguero... ✅
  [ 282/614] jimaguas... ✅
  [ 283/614] jimiquear... ✅
  [ 284/614] jimiqueo... ✅
  [ 285/614] jimiquiar... ✅
  [ 286/614] jinamausa... ✅
  [ 287/614] jinchado,_da... ✅
  [ 288/614] jinchar... ✅
  [ 289/614] jinchera... ✅
  [ 290/614] jinchir... ✅
  [ 291/614] jincho,_cha... ✅
  [ 292/614] jincho_como_el_chayote... ✅
  [ 293/614] jincho_papujo... ✅
  [ 294/614] jincho_pelota... ✅
  [ 295/614] jinete... ✅
  [ 296/614] jinetear... ✅
  [ 297/614] jingle... ✅
  [ 298/614] jinquetazo... ✅
  [ 299/614] jinquete... ✅
  [ 300/614] jinquetear... ✅
  [ 301/614] jipa... ✅
  [ 302/614] jipatez... ✅
  [ 303/614] jipato,_ta... ✅
  [ 304/614] jipey... ✅
  [ 305/614] jipi... ✅
  [ 306/614] jipío... ✅
  [ 307/614] jiquilete... ✅
  [ 308/614] jira... ✅
  [ 309/614] jirafa... ✅
  [ 310/614] jiribilla... ✅
  [ 311/614] jiriguao... ✅
  [ 312/614] jirimiquear... ✅
  [ 313/614] jirimiqueo... ✅
  [ 314/614] jirimiquero,_ra... ✅
  [ 315/614] jirimiquiar... ✅
  [ 316/614] jiro,_ra... ✅
  [ 317/614] jit... ✅
  [ 318/614] jitear... ✅
  [ 319/614] jitear_de_home_run... ✅
  [ 320/614] jitear_de_jonrón... ✅
  [ 321/614] jitera... ✅
  [ 322/614] job... ✅
  [ 323/614] job_description... ✅
  [ 324/614] job_order... ✅
  [ 325/614] joba... ✅
  [ 326/614] jobacho,_cha... ✅
  [ 327/614] jobear... ✅
  [ 328/614] jobero,_ra... ✅
  [ 329/614] jobero... ✅
  [ 330/614] jobi... ✅
  [ 331/614] jobilla... ✅
  [ 332/614] jobillo... ✅
  [ 333/614] jobo... ✅
  [ 334/614] jobo_de_la_india... ✅
  [ 335/614] jobo_de_perro... ✅
  [ 336/614] jobo_francés... ✅
  [ 337/614] jobo_gusanero... ✅
  [ 338/614] jobo_vano... ✅
  [ 339/614] joceador,_ra... ✅
  [ 340/614] jociquear... ✅
  [ 341/614] jociquiprieto,_ta... ✅
  [ 342/614] jockey... ✅
  [ 343/614] jocú... ✅
  [ 344/614] jodedera... ✅
  [ 345/614] jodedor,_ra... ✅
  [ 346/614] joder... ✅
  [ 347/614] joder_la_picha... ✅
  [ 348/614] joder_la_pita... ✅
  [ 349/614] joderse... ✅
  [ 350/614] jodido,_da... ✅
  [ 351/614] jodienda... ✅
  [ 352/614] jodonear... ✅
  [ 353/614] jodonoso,_sa... ✅
  [ 354/614] jodón,_na... ✅
  [ 355/614] jodón_de_la_pradera... ✅
  [ 356/614] jogging... ✅
  [ 357/614] joguear... ✅
  [ 358/614] johnny... ✅
  [ 359/614] joint-venture... ✅
  [ 360/614] joint... ✅
  [ 361/614] joint_venture... ✅
  [ 362/614] jojoto,_ta... ✅
  [ 363/614] jolgorio... ✅
  [ 364/614] jolocho... ✅
  [ 365/614] jolofe... ✅
  [ 366/614] jolope... ✅
  [ 367/614] jom... ✅
  [ 368/614] jon... ✅
  [ 369/614] jondear... ✅
  [ 370/614] jondearse... ✅
  [ 371/614] jonronazo... ✅
  [ 372/614] jonronear... ✅
  [ 373/614] jonronero,_ra... ✅
  [ 374/614] jonrón... ✅
  [ 375/614] jophe... ✅
  [ 376/614] jornal... ✅
  [ 377/614] jornalero,_ra... ✅
  [ 378/614] jorno,_na... ✅
  [ 379/614] jorno... ✅
  [ 380/614] jorobado,_da... ✅
  [ 381/614] jorobado... ✅
  [ 382/614] jorobar... ✅
  [ 383/614] jorobeta... ✅
  [ 384/614] jorobón,_na... ✅
  [ 385/614] jorocho... ✅
  [ 386/614] jorocón,_na... ✅
  [ 387/614] jorqueta... ✅
  [ 388/614] jorquilleo... ✅
  [ 389/614] jorra... ✅
  [ 390/614] jorunguear... ✅
  [ 391/614] josco,_ca... ✅
  [ 392/614] josco... ✅
  [ 393/614] joseador,_ra... ✅
  [ 394/614] josear... ✅
  [ 395/614] joseo... ✅
  [ 396/614] josiador,_ra... ✅
  [ 397/614] josiar... ✅
  [ 398/614] josicado,_da... ✅
  [ 399/614] jotdog... ✅
  [ 400/614] jotiele... ✅
  [ 401/614] journal... ✅
  [ 402/614] joya... ✅
  [ 403/614] joya_del_jardín... ✅
  [ 404/614] joyanca... ✅
  [ 405/614] joyanco... ✅
  [ 406/614] joyar... ✅
  [ 407/614] joyel... ✅
  [ 408/614] joyete... ✅
  [ 409/614] joyo... ✅
  [ 410/614] joystick... ✅
  [ 411/614] juan_batata... ✅
  [ 412/614] juan_caliente... ✅
  [ 413/614] juan_chiví... ✅
  [ 414/614] juan_de_vargas... ✅
  [ 415/614] juan_del_pueblo... ✅
  [ 416/614] juan_tomás... ✅
  [ 417/614] juan_vainas... ✅
  [ 418/614] juanaboba... ✅
  [ 419/614] juanadeño,_ña... ✅
  [ 420/614] juanadino,_na... ✅
  [ 421/614] juanajo,_ja... ✅
  [ 422/614] juanas... ✅
  [ 423/614] juancaliente... ✅
  [ 424/614] juanchiciro... ✅
  [ 425/614] juanchiví... ✅
  [ 426/614] juanear... ✅
  [ 427/614] juanestel... ✅
  [ 428/614] juanetazo... ✅
  [ 429/614] juanete... ✅
  [ 430/614] juanilla... ✅
  [ 431/614] juanito... ✅
  [ 432/614] juanlanas... ✅
  [ 433/614] juantomás... ✅
  [ 434/614] juañijuañi... ✅
  [ 435/614] jucaral... ✅
  [ 436/614] judas... ✅
  [ 437/614] judío... ✅
  [ 438/614] juega_de_gallos... ✅
  [ 439/614] juego_completo... ✅
  [ 440/614] juego_de_bolita_y_hoyo... ✅
  [ 441/614] juego_de_chapas... ✅
  [ 442/614] juego_de_estrellas... ✅
  [ 443/614] juego_del_hoyuelo... ✅
  [ 444/614] juego_gallos... ✅
  [ 445/614] juego_la_pirámide... ✅
  [ 446/614] juegos_paralímpicos... ✅
  [ 447/614] juetazo... ✅
  [ 448/614] juete... ✅
  [ 449/614] juey... ✅
  [ 450/614] juey_al_carapacho... ✅
  [ 451/614] juey_caribo... ✅
  [ 452/614] juey_ciguatero... ✅
  [ 453/614] juey_dormido... ✅
  [ 454/614] juey_marino... ✅
  [ 455/614] jueyada... ✅
  [ 456/614] jueyera... ✅
  [ 457/614] jueyero,_ra... ✅
  [ 458/614] juez_de_armadero... ✅
  [ 459/614] juez_de_inscripción... ✅
  [ 460/614] juez_de_paz... ✅
  [ 461/614] juez_de_valla... ✅
  [ 462/614] juez_de_zanja... ✅
  [ 463/614] jugada... ✅
  [ 464/614] jugada_de_gallos... ✅
  [ 465/614] jugador... ✅
  [ 466/614] jugador_de_boquilla... ✅
  [ 467/614] jugador_de_gallos... ✅
  [ 468/614] jugador_más_valioso... ✅
  [ 469/614] jugar_a_la_cambiá... ✅
  [ 470/614] jugar_a_la_cargá... ✅
  [ 471/614] jugar_a_la_chapa... ✅
  [ 472/614] jugar_a_la_tapá... ✅
  [ 473/614] jugar_a_la_vista... ✅
  [ 474/614] jugar_a_los_gallitos... ✅
  [ 475/614] jugar_al_esconder... ✅
  [ 476/614] jugar_al_escondido... ✅
  [ 477/614] jugar_al_saco... ✅
  [ 478/614] jugar_bolita_y_hoyo... ✅
  [ 479/614] jugar_cabeza... ✅
  [ 480/614] jugar_dados_cargados... ✅
  [ 481/614] jugar_de_boquilla... ✅
  [ 482/614] jugar_doble_play... ✅
  [ 483/614] jugar_dos_bases... ✅
  [ 484/614] jugar_el_cartón... ✅
  [ 485/614] jugar_el_gallo_tapado... ✅
  [ 486/614] jugar_el_pollo... ✅
  [ 487/614] jugar_hasta_la_cabeza... ✅
  [ 488/614] jugar_hasta_la_cota... ✅
  [ 489/614] jugar_hasta_la_mosca... ✅
  [ 490/614] jugar_la_cabeza... ✅
  [ 491/614] jugar_panda... ✅
  [ 492/614] jugar_papel... ✅
  [ 493/614] jugar_pesos_a_morisquetas... ✅
  [ 494/614] jugar_un_papel... ✅
  [ 495/614] jugar_una_broma... ✅
  [ 496/614] jugar_una_parte... ✅
  [ 497/614] jugo... ✅
  [ 498/614] jugo_de_desmenuzadora... ✅
  [ 499/614] jugo_de_pollo... ✅
  [ 500/614] jugo_de_romana... ✅
  [ 501/614] jugo_diluido... ✅
  [ 502/614] jugo_residual... ✅
  [ 503/614] jugueado,_da... ✅
  [ 504/614] jugueo... ✅
  [ 505/614] jugársela... ✅
  [ 506/614] jugársela_fría... ✅
  [ 507/614] jui... ✅
  [ 508/614] jui_blanco... ✅
  [ 509/614] jui_chiquito... ✅
  [ 510/614] jui_pequeño... ✅
  [ 511/614] juisito... ✅
  [ 512/614] jujube... ✅
  [ 513/614] jujú... ✅
  [ 514/614] julajula... ✅
  [ 515/614] julajú... ✅
  [ 516/614] julepe... ✅
  [ 517/614] julepear... ✅
  [ 518/614] julepero,_ra... ✅
  [ 519/614] julianar... ✅
  [ 520/614] julianchiví... ✅
  [ 521/614] julián_chiví... ✅
  [ 522/614] julián_gargantiamarillo... ✅
  [ 523/614] julián_ojiblanco... ✅
  [ 524/614] julián_ojirrojo... ✅
  [ 525/614] jullirse... ✅
  [ 526/614] juma... ✅
  [ 527/614] jumacera... ✅
  [ 528/614] jumacero... ✅
  [ 529/614] jumao,_má... ✅
  [ 530/614] jumazo... ✅
  [ 531/614] jumbo... ✅
  [ 532/614] jumentada... ✅
  [ 533/614] jumental... ✅
  [ 534/614] jumento... ✅
  [ 535/614] jumera... ✅
  [ 536/614] jumeta... ✅
  [ 537/614] jumo,_ma... ✅
  [ 538/614] jumpear... ✅
  [ 539/614] jumper... ✅
  [ 540/614] jumping_jack... ✅
  [ 541/614] junco_santo... ✅
  [ 542/614] jundia... ✅
  [ 543/614] jundición... ✅
  [ 544/614] jundimiento... ✅
  [ 545/614] jundioso,_sa... ✅
  [ 546/614] jungla... ✅
  [ 547/614] jungle... ✅
  [ 548/614] junior... ✅
  [ 549/614] junior_manager... ✅
  [ 550/614] junior_partner... ✅
  [ 551/614] junk... ✅
  [ 552/614] junk_bond... ✅
  [ 553/614] junk_food... ✅
  [ 554/614] junk_mail... ✅
  [ 555/614] junker... ✅
  [ 556/614] junkie... ✅
  [ 557/614] junqueño,_ña... ✅
  [ 558/614] junquillo... ✅
  [ 559/614] junta... ✅
  [ 560/614] juntar_candela... ✅
  [ 561/614] junte... ✅
  [ 562/614] juntera... ✅
  [ 563/614] juntilla... ✅
  [ 564/614] juntitamente... ✅
  [ 565/614] jupear... ✅
  [ 566/614] juqueado,_da... ✅
  [ 567/614] juquear... ✅
  [ 568/614] juquearse... ✅
  [ 569/614] juqueo... ✅
  [ 570/614] juquiado,_da... ✅
  [ 571/614] juracán... ✅
  [ 572/614] juramentación... ✅
  [ 573/614] jurel... ✅
  [ 574/614] jurel_negrón... ✅
  [ 575/614] jurel_ojón... ✅
  [ 576/614] juripolla... ✅
  [ 577/614] jurungar... ✅
  [ 578/614] jurunguear... ✅
  [ 579/614] jurutungo... ✅
  [ 580/614] jurutungo_viejo... ✅
  [ 581/614] jusilla... ✅
  [ 582/614] jusillo... ✅
  [ 583/614] juso... ✅
  [ 584/614] justas... ✅
  [ 585/614] justedad... ✅
  [ 586/614] justeza... ✅
  [ 587/614] justura... ✅
  [ 588/614] jutía... ✅
  [ 589/614] juyenda... ✅
  [ 590/614] juyidor,_ra... ✅
  [ 591/614] juyilandia... ✅
  [ 592/614] juyilanga... ✅
  [ 593/614] juyilón... ✅
  [ 594/614] juyir... ✅
  [ 595/614] juyirse... ✅
  [ 596/614] juyén... ✅
  [ 597/614] juyía... ✅
  [ 598/614] juyón,_na... ✅
  [ 599/614] juyúa... ✅
  [ 600/614] jácana... ✅
  [ 601/614] jácara... ✅
  [ 602/614] jácaro... ✅
  [ 603/614] jáquima... ✅
  [ 604/614] jático... ✅
  [ 605/614] jíbaro,_ra... ✅
  [ 606/614] jíbaro_batatero... ✅
  [ 607/614] jíbaro_envuelto... ✅
  [ 608/614] jíbaro_patón... ✅
  [ 609/614] jícama... ✅
  [ 610/614] jícamo... ✅
  [ 611/614] jícara... ✅
  [ 612/614] júa... ✅
  [ 613/614] júcar... ✅
  [ 614/614] júcaro... ✅

================================================================================
CONSOLIDATION COMPLETE
================================================================================
  Letter:        J
  Processed:     614
  Failed:        0
  Output folder: /Users/andrewcasanova/Documents/data_science_projects/ai_projects/TESORO_BORICUA/webscrape/data/preprocessed_tesoro_v2/j


================================================================================
CONSOLIDATING LETTER 'K' - 89 words
================================================================================

  [   1/89] k-byte... ✅
  [   2/89] k.d.... ✅
  [   3/89] k... ✅
  [   4/89] kachi... ✅
  [   5/89] kai... ✅
  [   6/89] kaikó... ✅
  [   7/89] kakatumo,_ma... ✅
  [   8/89] kaki... ✅
  [   9/89] kalichi... ✅
  [  10/89] kao... ✅
  [  11/89] kapok... ✅
  [  12/89] karaib... ✅
  [  13/89] karaoke... ✅
  [  14/89] karibí... ✅
  [  15/89] karso... ✅
  [  16/89] karst... ✅
  [  17/89] kart... ✅
  [  18/89] karting... ✅
  [  19/89] kartismo... ✅
  [  20/89] kartódromo... ✅
  [  21/89] kasti... ✅
  [  22/89] katsí... ✅
  [  23/89] kaura... ✅
  [  24/89] kayak... ✅
  [  25/89] kayakear... ✅
  [  26/89] kayaking... ✅
  [  27/89] kayaquear... ✅
  [  28/89] kb... ✅
  [  29/89] keep_cool... ✅
  [  30/89] kengue... ✅
  [  31/89] keniba... ✅
  [  32/89] kerosene... ✅
  [  33/89] keroseno... ✅
  [  34/89] kerosina... ✅
  [  35/89] kerosín... ✅
  [  36/89] ketchup... ✅
  [  37/89] keyboard... ✅
  [  38/89] keyword... ✅
  [  39/89] khaki... ✅
  [  40/89] kick-box... ✅
  [  41/89] kick... ✅
  [  42/89] kickback... ✅
  [  43/89] kickboxing... ✅
  [  44/89] kicking... ✅
  [  45/89] kicking_ball... ✅
  [  46/89] kid... ✅
  [  47/89] kid_joe... ✅
  [  48/89] kike... ✅
  [  49/89] kike_de_cantante... ✅
  [  50/89] kike_de_guardia... ✅
  [  51/89] kikeado,_da... ✅
  [  52/89] kikeao,_keá... ✅
  [  53/89] kikeo... ✅
  [  54/89] kikiar... ✅
  [  55/89] kikiarse... ✅
  [  56/89] kikirimiado,_da... ✅
  [  57/89] kileador,_ra... ✅
  [  58/89] kileo... ✅
  [  59/89] killeo... ✅
  [  60/89] killer... ✅
  [  61/89] killing... ✅
  [  62/89] kilobyte... ✅
  [  63/89] kilométrico... ✅
  [  64/89] kinder... ✅
  [  65/89] kindergarden... ✅
  [  66/89] king... ✅
  [  67/89] king_(size)... ✅
  [  68/89] king_crab... ✅
  [  69/89] king_size... ✅
  [  70/89] kinke... ✅
  [  71/89] kinky... ✅
  [  72/89] kiss... ✅
  [  73/89] kit... ✅
  [  74/89] kite_surfing... ✅
  [  75/89] kitesurfing... ✅
  [  76/89] kitsch... ✅
  [  77/89] kleenex... ✅
  [  78/89] knock-out... ✅
  [  79/89] knock_out... ✅
  [  80/89] knockeador... ✅
  [  81/89] knockear... ✅
  [  82/89] knockout... ✅
  [  83/89] know-how... ✅
  [  84/89] know_how... ✅
  [  85/89] ko... ✅
  [  86/89] kuliar... ✅
  [  87/89] kuntaquinte... ✅
  [  88/89] kuyuha... ✅
  [  89/89] kínder... ✅

================================================================================
CONSOLIDATION COMPLETE
================================================================================
  Letter:        K
  Processed:     89
  Failed:        0
  Output folder: /Users/andrewcasanova/Documents/data_science_projects/ai_projects/TESORO_BORICUA/webscrape/data/preprocessed_tesoro_v2/k


================================================================================
CONSOLIDATING LETTER 'L' - 662 words
================================================================================

  [   1/662] la_calle_está_dura... ✅
  [   2/662] la_calma... ✅
  [   3/662] la_chiva_está_alta... ✅
  [   4/662] la_cosa... ✅
  [   5/662] la_cáscara_guarda_al_palo... ✅
  [   6/662] la_cáscara_guarda_el_palo... ✅
  [   7/662] la_gallina_de_arriba_ensucia_a_la_de_abajo... ✅
  [   8/662] la_ida_por_la_vuelta... ✅
  [   9/662] la_luz_de_alante_es_la_que_alumbra... ✅
  [  10/662] la_nena_está_en_el_coy... ✅
  [  11/662] la_patria... ✅
  [  12/662] la_que_se_le_perdió_a_ma_goyo... ✅
  [  13/662] la_rueda_rueda... ✅
  [  14/662] labanco... ✅
  [  15/662] label... ✅
  [  16/662] laberinto... ✅
  [  17/662] labia... ✅
  [  18/662] labio_rajado... ✅
  [  19/662] labiosidad... ✅
  [  20/662] labiosismo... ✅
  [  21/662] labioso,_sa... ✅
  [  22/662] labor_delivery_room_(post)... ✅
  [  23/662] laborar... ✅
  [  24/662] laborear... ✅
  [  25/662] laborer... ✅
  [  26/662] laborismo... ✅
  [  27/662] labrado,_da... ✅
  [  28/662] labrador,_ra... ✅
  [  29/662] labuya... ✅
  [  30/662] lacayada... ✅
  [  31/662] lacayo,_ya... ✅
  [  32/662] laceroso,_sa... ✅
  [  33/662] lacho... ✅
  [  34/662] lacio... ✅
  [  35/662] lacra... ✅
  [  36/662] lactar... ✅
  [  37/662] ladies... ✅
  [  38/662] ladies_(room)... ✅
  [  39/662] ladilla... ✅
  [  40/662] ladillera... ✅
  [  41/662] ladillero... ✅
  [  42/662] ladino,_na... ✅
  [  43/662] lady... ✅
  [  44/662] lagartija... ✅
  [  45/662] lagartijo... ✅
  [  46/662] lagarto... ✅
  [  47/662] lagaña... ✅
  [  48/662] lagañoso,_sa... ✅
  [  49/662] laguna... ✅
  [  50/662] laguí... ✅
  [  51/662] lairío... ✅
  [  52/662] lairón,_na... ✅
  [  53/662] laja... ✅
  [  54/662] lajazo... ✅
  [  55/662] lajeño,_ña... ✅
  [  56/662] lajoso,_sa... ✅
  [  57/662] lala... ✅
  [  58/662] lama... ✅
  [  59/662] lambarón... ✅
  [  60/662] lambechocha... ✅
  [  61/662] lambeculo... ✅
  [  62/662] lambedora... ✅
  [  63/662] lambeojismo... ✅
  [  64/662] lambeojo... ✅
  [  65/662] lambeolla... ✅
  [  66/662] lambeplatos... ✅
  [  67/662] lamber... ✅
  [  68/662] lamber_el_ojo... ✅
  [  69/662] lamberse_la_arepa... ✅
  [  70/662] lambestaca... ✅
  [  71/662] lambetada... ✅
  [  72/662] lambetazo... ✅
  [  73/662] lambetear... ✅
  [  74/662] lambetero,_ra... ✅
  [  75/662] lambido,_da... ✅
  [  76/662] lambido_de_vaca... ✅
  [  77/662] lambisquear... ✅
  [  78/662] lambí... ✅
  [  79/662] lambía_de_vaca... ✅
  [  80/662] lambío,_bía... ✅
  [  81/662] lambón,_na... ✅
  [  82/662] lameojos... ✅
  [  83/662] lamido,_da... ✅
  [  84/662] lampado,_da... ✅
  [  85/662] lampar... ✅
  [  86/662] lamparero... ✅
  [  87/662] lamparilla... ✅
  [  88/662] lamparón... ✅
  [  89/662] lampuso,_sa... ✅
  [  90/662] lamío,_mía... ✅
  [  91/662] lan... ✅
  [  92/662] lana_de_ceibo... ✅
  [  93/662] lanceta... ✅
  [  94/662] lancha... ✅
  [  95/662] lanchas... ✅
  [  96/662] lanchón... ✅
  [  97/662] landre... ✅
  [  98/662] lane... ✅
  [  99/662] langoroso,_sa... ✅
  [ 100/662] langosta... ✅
  [ 101/662] langosteado... ✅
  [ 102/662] lantana... ✅
  [ 103/662] lanteja... ✅
  [ 104/662] lanterna... ✅
  [ 105/662] lanza... ✅
  [ 106/662] lanzador... ✅
  [ 107/662] lanzamiento... ✅
  [ 108/662] lanzar... ✅
  [ 109/662] lapa... ✅
  [ 110/662] lapachar... ✅
  [ 111/662] lapachear... ✅
  [ 112/662] lapachero... ✅
  [ 113/662] lapidario,_ria... ✅
  [ 114/662] lapo... ✅
  [ 115/662] laposo,_sa... ✅
  [ 116/662] laptop... ✅
  [ 117/662] lardear... ✅
  [ 118/662] lareño,_ña... ✅
  [ 119/662] larga_distancia... ✅
  [ 120/662] largar... ✅
  [ 121/662] largar_el_pellejo... ✅
  [ 122/662] large... ✅
  [ 123/662] largucho,_cha... ✅
  [ 124/662] largueros... ✅
  [ 125/662] largura... ✅
  [ 126/662] larruá... ✅
  [ 127/662] lasca... ✅
  [ 128/662] laser... ✅
  [ 129/662] lastimón... ✅
  [ 130/662] lata... ✅
  [ 131/662] latazo... ✅
  [ 132/662] latear... ✅
  [ 133/662] latero,_ra... ✅
  [ 134/662] latero... ✅
  [ 135/662] latería... ✅
  [ 136/662] latiguillo... ✅
  [ 137/662] latin_lover... ✅
  [ 138/662] latino,_na... ✅
  [ 139/662] latre... ✅
  [ 140/662] latón... ✅
  [ 141/662] laundromat... ✅
  [ 142/662] laundry... ✅
  [ 143/662] laurel... ✅
  [ 144/662] laurel_avispillo... ✅
  [ 145/662] laurel_canelón... ✅
  [ 146/662] laurel_cigua... ✅
  [ 147/662] laurel_de_la_india... ✅
  [ 148/662] laurel_espada... ✅
  [ 149/662] laurel_geo... ✅
  [ 150/662] laurel_rosado... ✅
  [ 151/662] laurel_sabino... ✅
  [ 152/662] lavadero... ✅
  [ 153/662] lavado,_da... ✅
  [ 154/662] lavado... ✅
  [ 155/662] lavado_de_dinero... ✅
  [ 156/662] lavadora... ✅
  [ 157/662] lavamano... ✅
  [ 158/662] lavapiés... ✅
  [ 159/662] lavaplatos... ✅
  [ 160/662] lavapén... ✅
  [ 161/662] lavaza... ✅
  [ 162/662] lay-away... ✅
  [ 163/662] lay-over... ✅
  [ 164/662] lay_away... ✅
  [ 165/662] lay_off... ✅
  [ 166/662] lay_out... ✅
  [ 167/662] lay_over... ✅
  [ 168/662] laya... ✅
  [ 169/662] layaway... ✅
  [ 170/662] layoff... ✅
  [ 171/662] layout... ✅
  [ 172/662] lazada... ✅
  [ 173/662] lazo... ✅
  [ 174/662] laílla... ✅
  [ 175/662] laína... ✅
  [ 176/662] lcd... ✅
  [ 177/662] lead... ✅
  [ 178/662] leader... ✅
  [ 179/662] leak... ✅
  [ 180/662] lealdador... ✅
  [ 181/662] learning_unit... ✅
  [ 182/662] lease... ✅
  [ 183/662] leasing... ✅
  [ 184/662] leave-in_conditioner... ✅
  [ 185/662] leave_of_absence... ✅
  [ 186/662] lebepé... ✅
  [ 187/662] lebisa... ✅
  [ 188/662] lebrillo... ✅
  [ 189/662] leca... ✅
  [ 190/662] lechada... ✅
  [ 191/662] leche... ✅
  [ 192/662] leche_de_apoyo... ✅
  [ 193/662] leche_de_coco... ✅
  [ 194/662] leche_de_perra... ✅
  [ 195/662] leche_de_pote... ✅
  [ 196/662] leche_evaporada... ✅
  [ 197/662] leche_flaca... ✅
  [ 198/662] leche_fresca... ✅
  [ 199/662] leche_frita... ✅
  [ 200/662] leche_gorda... ✅
  [ 201/662] leche_madura... ✅
  [ 202/662] leche_prieta... ✅
  [ 203/662] leche_recentina... ✅
  [ 204/662] lechebana... ✅
  [ 205/662] lechebanal... ✅
  [ 206/662] lechebanero... ✅
  [ 207/662] lechecilla... ✅
  [ 208/662] lechecillo... ✅
  [ 209/662] lechepote... ✅
  [ 210/662] lechero,_ra... ✅
  [ 211/662] lechevana... ✅
  [ 212/662] lechevanal... ✅
  [ 213/662] lechigada... ✅
  [ 214/662] lechino,_na... ✅
  [ 215/662] lechona... ✅
  [ 216/662] lechonada... ✅
  [ 217/662] lechonera... ✅
  [ 218/662] lechonero,_ra... ✅
  [ 219/662] lechosa... ✅
  [ 220/662] lechoso... ✅
  [ 221/662] lechudo,_da... ✅
  [ 222/662] lechuga... ✅
  [ 223/662] lechuguilla... ✅
  [ 224/662] lechuza... ✅
  [ 225/662] lechón,_na... ✅
  [ 226/662] lechón... ✅
  [ 227/662] lechú... ✅
  [ 228/662] leed... ✅
  [ 229/662] left... ✅
  [ 230/662] left_field... ✅
  [ 231/662] left_fielder... ✅
  [ 232/662] leggin... ✅
  [ 233/662] leggings... ✅
  [ 234/662] legisladrón,_na... ✅
  [ 235/662] legislatura... ✅
  [ 236/662] legua... ✅
  [ 237/662] leima... ✅
  [ 238/662] leja... ✅
  [ 239/662] lejo,_ja... ✅
  [ 240/662] lejía... ✅
  [ 241/662] lelolai... ✅
  [ 242/662] lelolái... ✅
  [ 243/662] lengua... ✅
  [ 244/662] lengua_cangá... ✅
  [ 245/662] lengua_de_mujer... ✅
  [ 246/662] lengua_de_vaca... ✅
  [ 247/662] lengüebaca... ✅
  [ 248/662] lengüeta... ✅
  [ 249/662] lengüetada... ✅
  [ 250/662] lengüetazo... ✅
  [ 251/662] lengüetear... ✅
  [ 252/662] lengüeteo... ✅
  [ 253/662] lengüetero,_ra... ✅
  [ 254/662] lengüetería... ✅
  [ 255/662] lengüetrapo... ✅
  [ 256/662] lengüetá... ✅
  [ 257/662] lengüevaca... ✅
  [ 258/662] lengüilargo,_ga... ✅
  [ 259/662] lengüisucio,_cia... ✅
  [ 260/662] lenocinio... ✅
  [ 261/662] lenteja... ✅
  [ 262/662] lenterna... ✅
  [ 263/662] lentes_de_contacto... ✅
  [ 264/662] leonada... ✅
  [ 265/662] leoncio,_cia... ✅
  [ 266/662] leonera... ✅
  [ 267/662] leonería... ✅
  [ 268/662] leotardo... ✅
  [ 269/662] leprocomio... ✅
  [ 270/662] lerna... ✅
  [ 271/662] lerén... ✅
  [ 272/662] leró... ✅
  [ 273/662] letanía... ✅
  [ 274/662] letrina... ✅
  [ 275/662] levantado,_da... ✅
  [ 276/662] levantador... ✅
  [ 277/662] levantadora_de_banco... ✅
  [ 278/662] levantar... ✅
  [ 279/662] levantar_bandera... ✅
  [ 280/662] levantar_roncha... ✅
  [ 281/662] levantarse... ✅
  [ 282/662] levante... ✅
  [ 283/662] levar... ✅
  [ 284/662] levaya... ✅
  [ 285/662] levente... ✅
  [ 286/662] levisa... ✅
  [ 287/662] ley_del_hielo... ✅
  [ 288/662] leyendario... ✅
  [ 289/662] leído,_da... ✅
  [ 290/662] leña... ✅
  [ 291/662] leño... ✅
  [ 292/662] li... ✅
  [ 293/662] liability... ✅
  [ 294/662] liable... ✅
  [ 295/662] liana... ✅
  [ 296/662] liani... ✅
  [ 297/662] liar_el_petate... ✅
  [ 298/662] liberación_de_fondos... ✅
  [ 299/662] liberar_fondos... ✅
  [ 300/662] liberto,_ta... ✅
  [ 301/662] libisa... ✅
  [ 302/662] libra... ✅
  [ 303/662] libraco... ✅
  [ 304/662] librar... ✅
  [ 305/662] librar_el_casco... ✅
  [ 306/662] librar_el_coco... ✅
  [ 307/662] librar_el_rabo... ✅
  [ 308/662] librar_la_chiva... ✅
  [ 309/662] librar_la_coca... ✅
  [ 310/662] librar_la_cola... ✅
  [ 311/662] librar_la_gata... ✅
  [ 312/662] libre_comunidad... ✅
  [ 313/662] libre_de_costo... ✅
  [ 314/662] libre_de_mangueo... ✅
  [ 315/662] librero... ✅
  [ 316/662] librería... ✅
  [ 317/662] libreta... ✅
  [ 318/662] libreta_de_cheques... ✅
  [ 319/662] libretista... ✅
  [ 320/662] libreto... ✅
  [ 321/662] libro_de_referencia... ✅
  [ 322/662] libro_electrónico... ✅
  [ 323/662] libuza... ✅
  [ 324/662] licencia... ✅
  [ 325/662] licencia_de_conducir... ✅
  [ 326/662] licopodio... ✅
  [ 327/662] licorera... ✅
  [ 328/662] licra... ✅
  [ 329/662] licuado... ✅
  [ 330/662] licuadora... ✅
  [ 331/662] liderato... ✅
  [ 332/662] liderazgo... ✅
  [ 333/662] liderear... ✅
  [ 334/662] liderático,_ca... ✅
  [ 335/662] lidia... ✅
  [ 336/662] liendrera... ✅
  [ 337/662] lienzo_mallorquín... ✅
  [ 338/662] lienzo_mallorquín_pintado... ✅
  [ 339/662] lifestyle... ✅
  [ 340/662] lifting... ✅
  [ 341/662] liga... ✅
  [ 342/662] ligadora... ✅
  [ 343/662] ligaje... ✅
  [ 344/662] ligar... ✅
  [ 345/662] ligaíto... ✅
  [ 346/662] ligeras... ✅
  [ 347/662] ligero... ✅
  [ 348/662] light... ✅
  [ 349/662] lighter... ✅
  [ 350/662] ligonería... ✅
  [ 351/662] ligón,_na... ✅
  [ 352/662] lija... ✅
  [ 353/662] lilaila... ✅
  [ 354/662] lilayo... ✅
  [ 355/662] lima... ✅
  [ 356/662] limahoya... ✅
  [ 357/662] limatón... ✅
  [ 358/662] limazo... ✅
  [ 359/662] limazo_catedrático... ✅
  [ 360/662] limber... ✅
  [ 361/662] limero,_ra... ✅
  [ 362/662] liminal... ✅
  [ 363/662] limo... ✅
  [ 364/662] limoncillo... ✅
  [ 365/662] limosina... ✅
  [ 366/662] limosnero... ✅
  [ 367/662] limpiadera... ✅
  [ 368/662] limpiadero... ✅
  [ 369/662] limpiador... ✅
  [ 370/662] limpiador_de_hornos... ✅
  [ 371/662] limpiapotes... ✅
  [ 372/662] limpiar... ✅
  [ 373/662] limpiar_el_capital... ✅
  [ 374/662] limpiar_el_pico... ✅
  [ 375/662] limpiar_el_pico_a_alguien... ✅
  [ 376/662] limpiar_la_joya... ✅
  [ 377/662] limpiarse... ✅
  [ 378/662] limpiarse_el_coco... ✅
  [ 379/662] limpiarse_el_pecho... ✅
  [ 380/662] limpiarse_la_cocina... ✅
  [ 381/662] limpieza... ✅
  [ 382/662] limpieza_del_becerro... ✅
  [ 383/662] limpio,_pia... ✅
  [ 384/662] limpior... ✅
  [ 385/662] limón... ✅
  [ 386/662] limón_de_cabro... ✅
  [ 387/662] limón_dulce... ✅
  [ 388/662] linchamiento... ✅
  [ 389/662] linchar... ✅
  [ 390/662] lindo_y_bello... ✅
  [ 391/662] line_up... ✅
  [ 392/662] lineamiento... ✅
  [ 393/662] lineman... ✅
  [ 394/662] lineup... ✅
  [ 395/662] lingüisucio,_cia... ✅
  [ 396/662] liniazo... ✅
  [ 397/662] link... ✅
  [ 398/662] linkar... ✅
  [ 399/662] linkear... ✅
  [ 400/662] linoleum... ✅
  [ 401/662] linotipia... ✅
  [ 402/662] linotipista... ✅
  [ 403/662] linternas... ✅
  [ 404/662] linó... ✅
  [ 405/662] linóleo... ✅
  [ 406/662] lip_gloss... ✅
  [ 407/662] lipidioso,_sa... ✅
  [ 408/662] liposucción... ✅
  [ 409/662] lipstick... ✅
  [ 410/662] liquear... ✅
  [ 411/662] liqueo... ✅
  [ 412/662] liquiar... ✅
  [ 413/662] liquid... ✅
  [ 414/662] liquid_paper... ✅
  [ 415/662] liquidación... ✅
  [ 416/662] liquidado,_da... ✅
  [ 417/662] liquidar... ✅
  [ 418/662] liquor_store... ✅
  [ 419/662] lira... ✅
  [ 420/662] lirismo... ✅
  [ 421/662] lirén... ✅
  [ 422/662] lisa... ✅
  [ 423/662] lisa_macho... ✅
  [ 424/662] lisa_morón... ✅
  [ 425/662] lista_de_distribución... ✅
  [ 426/662] listadillo... ✅
  [ 427/662] listado... ✅
  [ 428/662] listero... ✅
  [ 429/662] listo_para_sentencia... ✅
  [ 430/662] lite... ✅
  [ 431/662] literacia... ✅
  [ 432/662] literacia_de_la_información... ✅
  [ 433/662] literatura... ✅
  [ 434/662] live_cd... ✅
  [ 435/662] living_(room)... ✅
  [ 436/662] liña_de_mano... ✅
  [ 437/662] llaboa... ✅
  [ 438/662] llagareta... ✅
  [ 439/662] llagoso,_sa... ✅
  [ 440/662] llagrumo... ✅
  [ 441/662] llamada_de_larga_distancia... ✅
  [ 442/662] llamadera... ✅
  [ 443/662] llamado... ✅
  [ 444/662] llamar_para_atrás... ✅
  [ 445/662] llanada... ✅
  [ 446/662] llanito... ✅
  [ 447/662] llano,_na... ✅
  [ 448/662] llano... ✅
  [ 449/662] llanta... ✅
  [ 450/662] llantén... ✅
  [ 451/662] llave... ✅
  [ 452/662] llave_de_cruz... ✅
  [ 453/662] llave_de_perro... ✅
  [ 454/662] llegar... ✅
  [ 455/662] llegar_a_la_primera_base... ✅
  [ 456/662] llegar_a_trato... ✅
  [ 457/662] llegar_al_fondo_del_saco... ✅
  [ 458/662] llegar_al_hueso... ✅
  [ 459/662] llegar_la_bruja... ✅
  [ 460/662] llegar_la_china... ✅
  [ 461/662] llegar_la_fragancia... ✅
  [ 462/662] llegarle_la_china... ✅
  [ 463/662] llenadora... ✅
  [ 464/662] llenar_el_buche... ✅
  [ 465/662] llenar_requisitos... ✅
  [ 466/662] llenarse_con_lo_que_otro_come... ✅
  [ 467/662] llenarse_el_cuarto_de_agua... ✅
  [ 468/662] llenarse_la_boca... ✅
  [ 469/662] llenarse_la_cabeza_de_humo... ✅
  [ 470/662] llenarse_primero_los_ojos_que_la_barriga... ✅
  [ 471/662] llenazón... ✅
  [ 472/662] llerén... ✅
  [ 473/662] llevadero,_ra... ✅
  [ 474/662] llevaitrae... ✅
  [ 475/662] llevar... ✅
  [ 476/662] llevar_a_beber_agua... ✅
  [ 477/662] llevar_a_son_de_fiesta... ✅
  [ 478/662] llevar_a_una_mujer... ✅
  [ 479/662] llevar_a_uno_mandinga... ✅
  [ 480/662] llevar_a_uno_por_delante... ✅
  [ 481/662] llevar_al_palo... ✅
  [ 482/662] llevar_el_carro_delante_de_los_bueyes... ✅
  [ 483/662] llevar_gabela... ✅
  [ 484/662] llevar_guillao... ✅
  [ 485/662] llevar_hasta_los_clavos... ✅
  [ 486/662] llevar_hasta_los_clavos_de_la_cruz... ✅
  [ 487/662] llevar_la_bola_y_el_bate... ✅
  [ 488/662] llevar_la_gabela... ✅
  [ 489/662] llevar_los_pantalones... ✅
  [ 490/662] llevar_un_pasme... ✅
  [ 491/662] llevar_un_tan_con_tan... ✅
  [ 492/662] llevar_un_tan_tan... ✅
  [ 493/662] llevarse_hasta_los_clavos... ✅
  [ 494/662] llevarse_hasta_los_clavos_de_la_cruz... ✅
  [ 495/662] llevarse_la_bola_y_el_bate... ✅
  [ 496/662] llevarse_por_delante... ✅
  [ 497/662] llevarse_un_pasme... ✅
  [ 498/662] llevarse_un_seto... ✅
  [ 499/662] llorar_a_uno_una_cosa... ✅
  [ 500/662] llorar_ante_la_presencia_de_dios... ✅
  [ 501/662] llorar_ante_los_ojos_de_dios... ✅
  [ 502/662] llorar_miserias... ✅
  [ 503/662] llorisquear... ✅
  [ 504/662] llorona... ✅
  [ 505/662] llorosa... ✅
  [ 506/662] llorón... ✅
  [ 507/662] llover... ✅
  [ 508/662] llover_con_pantalones... ✅
  [ 509/662] llover_negro_prieto... ✅
  [ 510/662] llovido... ✅
  [ 511/662] lloviznero... ✅
  [ 512/662] lloviznoso,_sa... ✅
  [ 513/662] lluvia... ✅
  [ 514/662] lluvia_de_coral... ✅
  [ 515/662] lluvia_de_oro... ✅
  [ 516/662] lluvia_de_tribunada... ✅
  [ 517/662] lms... ✅
  [ 518/662] lo_mismo_raspa_que_pinta... ✅
  [ 519/662] lo_que_trajo_el_barco... ✅
  [ 520/662] loan... ✅
  [ 521/662] loan_mortage... ✅
  [ 522/662] loango... ✅
  [ 523/662] lobanillo... ✅
  [ 524/662] lobby... ✅
  [ 525/662] lobbying... ✅
  [ 526/662] lobina... ✅
  [ 527/662] lobina_ojicolorada... ✅
  [ 528/662] lobo... ✅
  [ 529/662] lobo_carnicero... ✅
  [ 530/662] lobo_de_mar... ✅
  [ 531/662] loca... ✅
  [ 532/662] locación... ✅
  [ 533/662] locario,_ria... ✅
  [ 534/662] lock_out... ✅
  [ 535/662] locker... ✅
  [ 536/662] locker_room... ✅
  [ 537/662] loco,_ca... ✅
  [ 538/662] loco_peligroso... ✅
  [ 539/662] loft... ✅
  [ 540/662] log_in... ✅
  [ 541/662] log_off... ✅
  [ 542/662] log_on... ✅
  [ 543/662] log_out... ✅
  [ 544/662] logo... ✅
  [ 545/662] logotipo... ✅
  [ 546/662] loguear(se)... ✅
  [ 547/662] loiceño,ña... ✅
  [ 548/662] loma... ✅
  [ 549/662] lombricera... ✅
  [ 550/662] lombriciento,_cienta... ✅
  [ 551/662] lombriz_de_tierra... ✅
  [ 552/662] lomillo... ✅
  [ 553/662] lomita... ✅
  [ 554/662] lomo... ✅
  [ 555/662] lona... ✅
  [ 556/662] lonayuero... ✅
  [ 557/662] lonchar... ✅
  [ 558/662] lonche... ✅
  [ 559/662] lonchear... ✅
  [ 560/662] lonchera... ✅
  [ 561/662] londry... ✅
  [ 562/662] long_distance... ✅
  [ 563/662] long_playing... ✅
  [ 564/662] long_playing_disk... ✅
  [ 565/662] longaniza... ✅
  [ 566/662] look... ✅
  [ 567/662] lookear... ✅
  [ 568/662] loquear... ✅
  [ 569/662] loquera... ✅
  [ 570/662] loquero,_ra... ✅
  [ 571/662] loquinario,_ria... ✅
  [ 572/662] lora... ✅
  [ 573/662] loraine... ✅
  [ 574/662] lord... ✅
  [ 575/662] lordoso,_sa... ✅
  [ 576/662] lorenza... ✅
  [ 577/662] lorenzana... ✅
  [ 578/662] loreta... ✅
  [ 579/662] lorigado,_da... ✅
  [ 580/662] lorigo,_ga... ✅
  [ 581/662] loro... ✅
  [ 582/662] loro_azul... ✅
  [ 583/662] loro_capitán... ✅
  [ 584/662] loro_verde... ✅
  [ 585/662] lorín... ✅
  [ 586/662] losa... ✅
  [ 587/662] loseta... ✅
  [ 588/662] lote... ✅
  [ 589/662] lotificación... ✅
  [ 590/662] lotificar... ✅
  [ 591/662] louder... ✅
  [ 592/662] lounge... ✅
  [ 593/662] love_seat... ✅
  [ 594/662] low-tech... ✅
  [ 595/662] low... ✅
  [ 596/662] low_budget... ✅
  [ 597/662] low_fat... ✅
  [ 598/662] low_key... ✅
  [ 599/662] low_profile... ✅
  [ 600/662] lp... ✅
  [ 601/662] lsd... ✅
  [ 602/662] lucayo,_ya... ✅
  [ 603/662] lucena... ✅
  [ 604/662] lucerna... ✅
  [ 605/662] lucero_del_día... ✅
  [ 606/662] luchadero... ✅
  [ 607/662] luchar_al_dedo... ✅
  [ 608/662] luchón,_na... ✅
  [ 609/662] lucia... ✅
  [ 610/662] lucirse_tayote... ✅
  [ 611/662] lucérnaga... ✅
  [ 612/662] lucía... ✅
  [ 613/662] lucío,_cía... ✅
  [ 614/662] ludir... ✅
  [ 615/662] luego... ✅
  [ 616/662] luenga... ✅
  [ 617/662] lukeada... ✅
  [ 618/662] lukiar... ✅
  [ 619/662] lumpectomía... ✅
  [ 620/662] lumpen... ✅
  [ 621/662] luna... ✅
  [ 622/662] lunch... ✅
  [ 623/662] lunchear... ✅
  [ 624/662] lunge... ✅
  [ 625/662] luquiar... ✅
  [ 626/662] luquillano,_na... ✅
  [ 627/662] luquillense... ✅
  [ 628/662] lustrado,_da... ✅
  [ 629/662] luz... ✅
  [ 630/662] luz_blanca... ✅
  [ 631/662] luz_de_bengala... ✅
  [ 632/662] lycra... ✅
  [ 633/662] lycras... ✅
  [ 634/662] lágrima_de_hombre... ✅
  [ 635/662] lágrima_de_mangle... ✅
  [ 636/662] lágrima_del_monte... ✅
  [ 637/662] lámina... ✅
  [ 638/662] lámpara... ✅
  [ 639/662] lápida... ✅
  [ 640/662] lápiz_de_labios... ✅
  [ 641/662] lápiz_de_mina... ✅
  [ 642/662] láser... ✅
  [ 643/662] látele... ✅
  [ 644/662] látere... ✅
  [ 645/662] lático... ✅
  [ 646/662] látigo... ✅
  [ 647/662] látil... ✅
  [ 648/662] látile... ✅
  [ 649/662] látire... ✅
  [ 650/662] líder... ✅
  [ 651/662] líder_comunitario... ✅
  [ 652/662] límber... ✅
  [ 653/662] línea... ✅
  [ 654/662] línea_aérea... ✅
  [ 655/662] línea_caliente... ✅
  [ 656/662] línea_de_crédito... ✅
  [ 657/662] línea_de_foul... ✅
  [ 658/662] línea_de_mano... ✅
  [ 659/662] línea_de_sirga... ✅
  [ 660/662] línea_para_pescar_a_mano... ✅
  [ 661/662] lío... ✅
  [ 662/662] líquido,_da... ✅

================================================================================
CONSOLIDATION COMPLETE
================================================================================
  Letter:        L
  Processed:     662
  Failed:        0
  Output folder: /Users/andrewcasanova/Documents/data_science_projects/ai_projects/TESORO_BORICUA/webscrape/data/preprocessed_tesoro_v2/l


================================================================================
CONSOLIDATING LETTER 'M' - 1651 words
================================================================================

  [   1/1651] ma... ✅
  [   2/1651] mabelén... ✅
  [   3/1651] mabicero... ✅
  [   4/1651] mabicería... ✅
  [   5/1651] mabiche... ✅
  [   6/1651] mabisero... ✅
  [   7/1651] mabita... ✅
  [   8/1651] mabo... ✅
  [   9/1651] maboiá... ✅
  [  10/1651] maboya... ✅
  [  11/1651] mabuya... ✅
  [  12/1651] mabí... ✅
  [  13/1651] maca... ✅
  [  14/1651] macabo... ✅
  [  15/1651] macabro,_bra... ✅
  [  16/1651] macabí... ✅
  [  17/1651] macaco... ✅
  [  18/1651] macacoa... ✅
  [  19/1651] macadán... ✅
  [  20/1651] macana... ✅
  [  21/1651] macanar... ✅
  [  22/1651] macanazo... ✅
  [  23/1651] macandá... ✅
  [  24/1651] macandú... ✅
  [  25/1651] macanear... ✅
  [  26/1651] macaneo... ✅
  [  27/1651] macanero... ✅
  [  28/1651] macanudo,_da... ✅
  [  29/1651] macarela... ✅
  [  30/1651] macarela_culebra... ✅
  [  31/1651] macarronada... ✅
  [  32/1651] macarronudo,_da... ✅
  [  33/1651] macarthismo... ✅
  [  34/1651] maceador... ✅
  [  35/1651] macero... ✅
  [  36/1651] maceta... ✅
  [  37/1651] maceta_de_grillo... ✅
  [  38/1651] macetazo... ✅
  [  39/1651] macetear... ✅
  [  40/1651] maceteo... ✅
  [  41/1651] macetero... ✅
  [  42/1651] macetita... ✅
  [  43/1651] macetón... ✅
  [  44/1651] macetúa... ✅
  [  45/1651] mach... ✅
  [  46/1651] macha... ✅
  [  47/1651] machaca... ✅
  [  48/1651] machacador,_ra... ✅
  [  49/1651] machacante... ✅
  [  50/1651] machambo... ✅
  [  51/1651] machanga... ✅
  [  52/1651] machango... ✅
  [  53/1651] machangón,_na... ✅
  [  54/1651] machaquear... ✅
  [  55/1651] machaqueo... ✅
  [  56/1651] machaquero,_ra... ✅
  [  57/1651] machar... ✅
  [  58/1651] macharrán... ✅
  [  59/1651] machear... ✅
  [  60/1651] machero,_ra... ✅
  [  61/1651] machero... ✅
  [  62/1651] macheta... ✅
  [  63/1651] machetado,_da... ✅
  [  64/1651] machetazo... ✅
  [  65/1651] machete... ✅
  [  66/1651] macheteado,_da... ✅
  [  67/1651] machetear... ✅
  [  68/1651] macheteo... ✅
  [  69/1651] machetera... ✅
  [  70/1651] machetero,_ra... ✅
  [  71/1651] machetero... ✅
  [  72/1651] machetero_de_salón... ✅
  [  73/1651] macheteros... ✅
  [  74/1651] machetería... ✅
  [  75/1651] machetín... ✅
  [  76/1651] machichero,_ra... ✅
  [  77/1651] machiembrado,_da... ✅
  [  78/1651] machiembrarse... ✅
  [  79/1651] machina... ✅
  [  80/1651] machinear... ✅
  [  81/1651] machinero... ✅
  [  82/1651] macho... ✅
  [  83/1651] machorra... ✅
  [  84/1651] machote... ✅
  [  85/1651] machucador... ✅
  [  86/1651] machucadura... ✅
  [  87/1651] machucar... ✅
  [  88/1651] machucazo... ✅
  [  89/1651] machuchal... ✅
  [  90/1651] machucón... ✅
  [  91/1651] machuelo... ✅
  [  92/1651] machón,_na... ✅
  [  93/1651] machú... ✅
  [  94/1651] machúa... ✅
  [  95/1651] macilla... ✅
  [  96/1651] macizo,_za... ✅
  [  97/1651] maclén... ✅
  [  98/1651] maco... ✅
  [  99/1651] macoco... ✅
  [ 100/1651] macornia... ✅
  [ 101/1651] macrón,_na... ✅
  [ 102/1651] macuco,_ca... ✅
  [ 103/1651] macuenco,_ca... ✅
  [ 104/1651] macumbé... ✅
  [ 105/1651] macuquero,_ra... ✅
  [ 106/1651] macuquina... ✅
  [ 107/1651] macurí... ✅
  [ 108/1651] macuta... ✅
  [ 109/1651] macuto... ✅
  [ 110/1651] madamo,_ma... ✅
  [ 111/1651] made_in... ✅
  [ 112/1651] madeja... ✅
  [ 113/1651] madera_de_ébano... ✅
  [ 114/1651] madre... ✅
  [ 115/1651] madre_de_cacao... ✅
  [ 116/1651] madre_de_comején... ✅
  [ 117/1651] madre_de_yautía... ✅
  [ 118/1651] madregal... ✅
  [ 119/1651] madrejón... ✅
  [ 120/1651] madres... ✅
  [ 121/1651] madriguera_de_comején... ✅
  [ 122/1651] madrina... ✅
  [ 123/1651] madrino... ✅
  [ 124/1651] madro... ✅
  [ 125/1651] madrugá_grande... ✅
  [ 126/1651] madura... ✅
  [ 127/1651] madurada... ✅
  [ 128/1651] madurada_grande... ✅
  [ 129/1651] maduro... ✅
  [ 130/1651] mae... ✅
  [ 131/1651] mafafo... ✅
  [ 132/1651] mafia... ✅
  [ 133/1651] mafiar... ✅
  [ 134/1651] mafolongo,_ga... ✅
  [ 135/1651] mafuafo... ✅
  [ 136/1651] mafufa... ✅
  [ 137/1651] mafutear... ✅
  [ 138/1651] mafutero,_ra... ✅
  [ 139/1651] mafú... ✅
  [ 140/1651] maga... ✅
  [ 141/1651] magacín... ✅
  [ 142/1651] magalena... ✅
  [ 143/1651] magalla... ✅
  [ 144/1651] magar... ✅
  [ 145/1651] magasín... ✅
  [ 146/1651] magazine... ✅
  [ 147/1651] magazín... ✅
  [ 148/1651] magic_marker... ✅
  [ 149/1651] magnate... ✅
  [ 150/1651] magnificación... ✅
  [ 151/1651] magnificar... ✅
  [ 152/1651] magnoc... ✅
  [ 153/1651] maguarse... ✅
  [ 154/1651] maguey... ✅
  [ 155/1651] maguey_criollo... ✅
  [ 156/1651] maguilla... ✅
  [ 157/1651] magullón... ✅
  [ 158/1651] magüey... ✅
  [ 159/1651] mahón... ✅
  [ 160/1651] mai... ✅
  [ 161/1651] maicena... ✅
  [ 162/1651] maicero... ✅
  [ 163/1651] maicillo... ✅
  [ 164/1651] maid... ✅
  [ 165/1651] mail... ✅
  [ 166/1651] mail_server... ✅
  [ 167/1651] mailing_list... ✅
  [ 168/1651] mainframe... ✅
  [ 169/1651] maipriola... ✅
  [ 170/1651] maipriolo... ✅
  [ 171/1651] maipriora... ✅
  [ 172/1651] maizal... ✅
  [ 173/1651] maja... ✅
  [ 174/1651] majadero,_ra... ✅
  [ 175/1651] majagua... ✅
  [ 176/1651] majagua_brava... ✅
  [ 177/1651] majagua_de_sierra... ✅
  [ 178/1651] majagua_quemadora... ✅
  [ 179/1651] majagua_quemona... ✅
  [ 180/1651] majagual... ✅
  [ 181/1651] majagüilla... ✅
  [ 182/1651] majarete... ✅
  [ 183/1651] maje... ✅
  [ 184/1651] majuana... ✅
  [ 185/1651] majá... ✅
  [ 186/1651] make_up... ✅
  [ 187/1651] make_up_remover... ✅
  [ 188/1651] makeup... ✅
  [ 189/1651] making_of... ✅
  [ 190/1651] mal... ✅
  [ 191/1651] mal_aspectado... ✅
  [ 192/1651] mal_de_bubas... ✅
  [ 193/1651] mal_de_pelea... ✅
  [ 194/1651] mal_de_sambito... ✅
  [ 195/1651] mal_de_san_vito... ✅
  [ 196/1651] mala_leche... ✅
  [ 197/1651] mala_maña... ✅
  [ 198/1651] mala_palabra... ✅
  [ 199/1651] mala_práctica... ✅
  [ 200/1651] malabarriga... ✅
  [ 201/1651] malacate... ✅
  [ 202/1651] malacrianza... ✅
  [ 203/1651] malagueta... ✅
  [ 204/1651] malamaña... ✅
  [ 205/1651] malamañoso,_sa... ✅
  [ 206/1651] malambo,_ba... ✅
  [ 207/1651] malambo... ✅
  [ 208/1651] malandrín,_na... ✅
  [ 209/1651] malanga... ✅
  [ 210/1651] malangal... ✅
  [ 211/1651] malango,_ga... ✅
  [ 212/1651] malango... ✅
  [ 213/1651] malatobo... ✅
  [ 214/1651] malba... ✅
  [ 215/1651] malcriadez... ✅
  [ 216/1651] malcriador,_ra... ✅
  [ 217/1651] maldad... ✅
  [ 218/1651] maldita... ✅
  [ 219/1651] maldito,_ta... ✅
  [ 220/1651] maleante... ✅
  [ 221/1651] malecón... ✅
  [ 222/1651] maleta... ✅
  [ 223/1651] maleta_tibidón... ✅
  [ 224/1651] maletero... ✅
  [ 225/1651] malevo,_va... ✅
  [ 226/1651] malezar... ✅
  [ 227/1651] malfuncionamiento... ✅
  [ 228/1651] maligna... ✅
  [ 229/1651] malita... ✅
  [ 230/1651] malito,_ta... ✅
  [ 231/1651] malitud... ✅
  [ 232/1651] mall... ✅
  [ 233/1651] malla... ✅
  [ 234/1651] malla_de_quico... ✅
  [ 235/1651] mallete... ✅
  [ 236/1651] mallorca... ✅
  [ 237/1651] malluelo... ✅
  [ 238/1651] malnutrición... ✅
  [ 239/1651] malnutrido,_da... ✅
  [ 240/1651] malogrado... ✅
  [ 241/1651] malograrse... ✅
  [ 242/1651] maloja... ✅
  [ 243/1651] malojal... ✅
  [ 244/1651] malojilla... ✅
  [ 245/1651] malojillal... ✅
  [ 246/1651] malojillo... ✅
  [ 247/1651] malojo... ✅
  [ 248/1651] malote... ✅
  [ 249/1651] malpadre... ✅
  [ 250/1651] malparir... ✅
  [ 251/1651] malpractice... ✅
  [ 252/1651] malrayo... ✅
  [ 253/1651] malta... ✅
  [ 254/1651] malungo,_ga... ✅
  [ 255/1651] malva... ✅
  [ 256/1651] malvasco... ✅
  [ 257/1651] maléfico,_ca... ✅
  [ 258/1651] malón,_na... ✅
  [ 259/1651] mama's_boy... ✅
  [ 260/1651] mama... ✅
  [ 261/1651] mamabolas... ✅
  [ 262/1651] mamachochas... ✅
  [ 263/1651] mamacita... ✅
  [ 264/1651] mamada... ✅
  [ 265/1651] mamadera... ✅
  [ 266/1651] mamado,_da... ✅
  [ 267/1651] mamador,_ra... ✅
  [ 268/1651] mamalonería... ✅
  [ 269/1651] mamalón,_na... ✅
  [ 270/1651] mamantear... ✅
  [ 271/1651] mamao,_má... ✅
  [ 272/1651] mamar... ✅
  [ 273/1651] mamarse_el_dedo... ✅
  [ 274/1651] mamarón,_na... ✅
  [ 275/1651] mamasota... ✅
  [ 276/1651] mamazonga... ✅
  [ 277/1651] mambo... ✅
  [ 278/1651] mambrú... ✅
  [ 279/1651] mambual... ✅
  [ 280/1651] mambí... ✅
  [ 281/1651] mambúa... ✅
  [ 282/1651] mameluco... ✅
  [ 283/1651] mamerro,_rra... ✅
  [ 284/1651] mamerto,_ta... ✅
  [ 285/1651] mamey... ✅
  [ 286/1651] mamey_del_cura... ✅
  [ 287/1651] mamey_macho... ✅
  [ 288/1651] mameyal... ✅
  [ 289/1651] mameyazo... ✅
  [ 290/1651] mameyazo_fatal... ✅
  [ 291/1651] mameyo... ✅
  [ 292/1651] mameyuelo... ✅
  [ 293/1651] mamflorita... ✅
  [ 294/1651] mami... ✅
  [ 295/1651] mami_rica... ✅
  [ 296/1651] mamichula... ✅
  [ 297/1651] mamisonga... ✅
  [ 298/1651] mamita... ✅
  [ 299/1651] mamitear... ✅
  [ 300/1651] mamitis... ✅
  [ 301/1651] mamito... ✅
  [ 302/1651] mamitón... ✅
  [ 303/1651] mamizonga... ✅
  [ 304/1651] mamoncillo... ✅
  [ 305/1651] mamoncito... ✅
  [ 306/1651] mamota... ✅
  [ 307/1651] mampara... ✅
  [ 308/1651] mampera... ✅
  [ 309/1651] mampley... ✅
  [ 310/1651] mamplé... ✅
  [ 311/1651] mamposteado... ✅
  [ 312/1651] mampostial... ✅
  [ 313/1651] mampriola... ✅
  [ 314/1651] mampriolo,_la... ✅
  [ 315/1651] mamá... ✅
  [ 316/1651] mamón,_na... ✅
  [ 317/1651] mamón... ✅
  [ 318/1651] man... ✅
  [ 319/1651] mana... ✅
  [ 320/1651] manaca... ✅
  [ 321/1651] manada... ✅
  [ 322/1651] management... ✅
  [ 323/1651] manager... ✅
  [ 324/1651] managuí... ✅
  [ 325/1651] managüeca... ✅
  [ 326/1651] managüis... ✅
  [ 327/1651] manahueca... ✅
  [ 328/1651] manajú... ✅
  [ 329/1651] manantial... ✅
  [ 330/1651] manatieño,_ña... ✅
  [ 331/1651] manatí... ✅
  [ 332/1651] manaya... ✅
  [ 333/1651] mancar... ✅
  [ 334/1651] manceras... ✅
  [ 335/1651] mancha... ✅
  [ 336/1651] mancha_de_plátano... ✅
  [ 337/1651] manchado,_da... ✅
  [ 338/1651] manchego... ✅
  [ 339/1651] mancheplátano... ✅
  [ 340/1651] manchoso... ✅
  [ 341/1651] manchuerisa... ✅
  [ 342/1651] manco,_ca... ✅
  [ 343/1651] manco_de_pierna... ✅
  [ 344/1651] mancorenco,_ca... ✅
  [ 345/1651] mancorna... ✅
  [ 346/1651] mancornear... ✅
  [ 347/1651] mancornia... ✅
  [ 348/1651] mancuerna... ✅
  [ 349/1651] manda... ✅
  [ 350/1651] mandado... ✅
  [ 351/1651] mandamientos... ✅
  [ 352/1651] mandar... ✅
  [ 353/1651] mandar_a_freír_monos... ✅
  [ 354/1651] mandar_a_freír_tusas... ✅
  [ 355/1651] mandar_coco... ✅
  [ 356/1651] mandar_daga... ✅
  [ 357/1651] mandar_diente... ✅
  [ 358/1651] mandar_lengua... ✅
  [ 359/1651] mandar_madre... ✅
  [ 360/1651] mandar_ojo... ✅
  [ 361/1651] mandar_oreja... ✅
  [ 362/1651] mandar_para_buen_sitio... ✅
  [ 363/1651] mandar_para_el_carajo... ✅
  [ 364/1651] mandar_pepa... ✅
  [ 365/1651] mandar_pie... ✅
  [ 366/1651] mandarse... ✅
  [ 367/1651] mandatorio... ✅
  [ 368/1651] mandinga... ✅
  [ 369/1651] mandioca... ✅
  [ 370/1651] mandoca... ✅
  [ 371/1651] mandolina... ✅
  [ 372/1651] mandraca... ✅
  [ 373/1651] mandril... ✅
  [ 374/1651] manduleta... ✅
  [ 375/1651] mandulete... ✅
  [ 376/1651] mandullo... ✅
  [ 377/1651] mandurria... ✅
  [ 378/1651] maneco,_ca... ✅
  [ 379/1651] manejador... ✅
  [ 380/1651] manejar... ✅
  [ 381/1651] manejo... ✅
  [ 382/1651] manejoso,_sa... ✅
  [ 383/1651] maneto,_ta... ✅
  [ 384/1651] manflora... ✅
  [ 385/1651] manflorita... ✅
  [ 386/1651] manga... ✅
  [ 387/1651] mangado,_da... ✅
  [ 388/1651] mangancha... ✅
  [ 389/1651] mangansón,_na... ✅
  [ 390/1651] manganzonería... ✅
  [ 391/1651] manganzón,_na... ✅
  [ 392/1651] mangar... ✅
  [ 393/1651] mangar_un_pargo... ✅
  [ 394/1651] mangazo... ✅
  [ 395/1651] mangioca... ✅
  [ 396/1651] manglar... ✅
  [ 397/1651] mangle... ✅
  [ 398/1651] mangle_blanco... ✅
  [ 399/1651] mangle_bobo... ✅
  [ 400/1651] mangle_botón... ✅
  [ 401/1651] mangle_colorado... ✅
  [ 402/1651] mangle_de_chifle... ✅
  [ 403/1651] mangle_prieto... ✅
  [ 404/1651] mango... ✅
  [ 405/1651] mangocillo... ✅
  [ 406/1651] mangoero,_ra... ✅
  [ 407/1651] mangonear... ✅
  [ 408/1651] mangoneo... ✅
  [ 409/1651] mangonería... ✅
  [ 410/1651] mangosta... ✅
  [ 411/1651] mangotada... ✅
  [ 412/1651] mangotinito... ✅
  [ 413/1651] mangotín... ✅
  [ 414/1651] mangue... ✅
  [ 415/1651] manguear... ✅
  [ 416/1651] mangueo... ✅
  [ 417/1651] manguera... ✅
  [ 418/1651] manguera_viequense... ✅
  [ 419/1651] manguerazo... ✅
  [ 420/1651] manguillo... ✅
  [ 421/1651] mangó... ✅
  [ 422/1651] mangó_bajito... ✅
  [ 423/1651] mangó_chino... ✅
  [ 424/1651] mangó_de_avispa... ✅
  [ 425/1651] mangó_de_hebra... ✅
  [ 426/1651] mangó_de_jobo... ✅
  [ 427/1651] mangó_de_mayagüez... ✅
  [ 428/1651] mangó_de_piña... ✅
  [ 429/1651] mangó_de_rosa... ✅
  [ 430/1651] mangó_de_toro... ✅
  [ 431/1651] mangó_langostino... ✅
  [ 432/1651] mangó_mayagüezano... ✅
  [ 433/1651] mangón,_na... ✅
  [ 434/1651] mangú-gua... ✅
  [ 435/1651] mangú... ✅
  [ 436/1651] mangüise... ✅
  [ 437/1651] manibarí... ✅
  [ 438/1651] manicato... ✅
  [ 439/1651] manicero,_ra... ✅
  [ 440/1651] manicure... ✅
  [ 441/1651] manicurista... ✅
  [ 442/1651] manido,_da... ✅
  [ 443/1651] manigua... ✅
  [ 444/1651] manigual... ✅
  [ 445/1651] maniguar... ✅
  [ 446/1651] manigueta... ✅
  [ 447/1651] manigüero,_ra... ✅
  [ 448/1651] manigüero... ✅
  [ 449/1651] manija... ✅
  [ 450/1651] manila... ✅
  [ 451/1651] manilargo,_ga... ✅
  [ 452/1651] maniligero,_ra... ✅
  [ 453/1651] manilla... ✅
  [ 454/1651] manilo,_la... ✅
  [ 455/1651] manilo... ✅
  [ 456/1651] maniobra... ✅
  [ 457/1651] maniobrero,_ra... ✅
  [ 458/1651] manipulador,_ra... ✅
  [ 459/1651] manipulativo... ✅
  [ 460/1651] manipulear... ✅
  [ 461/1651] maniqueo... ✅
  [ 462/1651] manir... ✅
  [ 463/1651] manisero,_ra... ✅
  [ 464/1651] manisuelto,_ta... ✅
  [ 465/1651] manito... ✅
  [ 466/1651] manizal... ✅
  [ 467/1651] manjar_blanco... ✅
  [ 468/1651] manjarblanco... ✅
  [ 469/1651] manjarete... ✅
  [ 470/1651] manjúa... ✅
  [ 471/1651] mano... ✅
  [ 472/1651] mano_brother... ✅
  [ 473/1651] mano_de_gato... ✅
  [ 474/1651] mano_del_área... ✅
  [ 475/1651] mano_derecha... ✅
  [ 476/1651] mano_pana... ✅
  [ 477/1651] manojo... ✅
  [ 478/1651] manolito... ✅
  [ 479/1651] manonino,_na... ✅
  [ 480/1651] manopla... ✅
  [ 481/1651] manoplazo... ✅
  [ 482/1651] manos_porroñosa... ✅
  [ 483/1651] manque... ✅
  [ 484/1651] mansa_paloma... ✅
  [ 485/1651] manta... ✅
  [ 486/1651] mantear... ✅
  [ 487/1651] manteca... ✅
  [ 488/1651] manteca_de_ubre... ✅
  [ 489/1651] mantecado... ✅
  [ 490/1651] mantecoso,_sa... ✅
  [ 491/1651] mantecudo,_da... ✅
  [ 492/1651] mantecú,_cua... ✅
  [ 493/1651] mantención... ✅
  [ 494/1651] mantenga... ✅
  [ 495/1651] mantengo... ✅
  [ 496/1651] mantenimiento_preventivo... ✅
  [ 497/1651] mantequero... ✅
  [ 498/1651] mantequilla... ✅
  [ 499/1651] mantequillazo... ✅
  [ 500/1651] mantequilloso,_sa... ✅
  [ 501/1651] mantisa... ✅
  [ 502/1651] manubrio... ✅
  [ 503/1651] manusear... ✅
  [ 504/1651] manuseo... ✅
  [ 505/1651] manzana... ✅
  [ 506/1651] manzana_de_adán... ✅
  [ 507/1651] manzanilla... ✅
  [ 508/1651] manzanilla_cimarrona... ✅
  [ 509/1651] manzanillo... ✅
  [ 510/1651] manzano... ✅
  [ 511/1651] maná... ✅
  [ 512/1651] maní... ✅
  [ 513/1651] mao... ✅
  [ 514/1651] mapanga... ✅
  [ 515/1651] mapear... ✅
  [ 516/1651] mapeo... ✅
  [ 517/1651] mapeyé... ✅
  [ 518/1651] mapiro... ✅
  [ 519/1651] mapiro_masaguán... ✅
  [ 520/1651] mapo... ✅
  [ 521/1651] mapo_de_presidio... ✅
  [ 522/1651] mapola... ✅
  [ 523/1651] mapoleta... ✅
  [ 524/1651] mapping... ✅
  [ 525/1651] mapriola... ✅
  [ 526/1651] mapuey... ✅
  [ 527/1651] mapuleto... ✅
  [ 528/1651] mapurito... ✅
  [ 529/1651] mapué... ✅
  [ 530/1651] mapén... ✅
  [ 531/1651] maquenco,_ca... ✅
  [ 532/1651] maqueín... ✅
  [ 533/1651] maquillista... ✅
  [ 534/1651] maquimbamba... ✅
  [ 535/1651] maquinilla... ✅
  [ 536/1651] maquinillero... ✅
  [ 537/1651] maquinón... ✅
  [ 538/1651] maquén... ✅
  [ 539/1651] mar_alta... ✅
  [ 540/1651] mar_baja... ✅
  [ 541/1651] mar_brava... ✅
  [ 542/1651] mar_buena... ✅
  [ 543/1651] mar_corrida... ✅
  [ 544/1651] mar_de_fondo... ✅
  [ 545/1651] mar_en_bonanza... ✅
  [ 546/1651] mar_en_calma... ✅
  [ 547/1651] mar_fuerte... ✅
  [ 548/1651] mar_llena... ✅
  [ 549/1651] mar_muerta... ✅
  [ 550/1651] mar_picada... ✅
  [ 551/1651] mara... ✅
  [ 552/1651] maraca... ✅
  [ 553/1651] maraca_de_pantano... ✅
  [ 554/1651] maraca_roja... ✅
  [ 555/1651] maraca_silvestre... ✅
  [ 556/1651] maraca_sin_palo... ✅
  [ 557/1651] maracal... ✅
  [ 558/1651] maracate... ✅
  [ 559/1651] maracato... ✅
  [ 560/1651] maraguato... ✅
  [ 561/1651] maranda... ✅
  [ 562/1651] maranta... ✅
  [ 563/1651] maraquear... ✅
  [ 564/1651] maraquero,_ra... ✅
  [ 565/1651] maraquero... ✅
  [ 566/1651] maraquilla... ✅
  [ 567/1651] marasmo... ✅
  [ 568/1651] maratón... ✅
  [ 569/1651] maratónico,_ca... ✅
  [ 570/1651] maravedí... ✅
  [ 571/1651] maravilla... ✅
  [ 572/1651] maray-maray... ✅
  [ 573/1651] maray... ✅
  [ 574/1651] maraymaray... ✅
  [ 575/1651] marayo... ✅
  [ 576/1651] marcadiablo... ✅
  [ 577/1651] marcador... ✅
  [ 578/1651] marcar... ✅
  [ 579/1651] marcar_el_paso_a_otro... ✅
  [ 580/1651] marcar_la_varilla... ✅
  [ 581/1651] marcas... ✅
  [ 582/1651] marcate... ✅
  [ 583/1651] marcha... ✅
  [ 584/1651] marchanta... ✅
  [ 585/1651] marchantaje... ✅
  [ 586/1651] marchante... ✅
  [ 587/1651] marchantería... ✅
  [ 588/1651] marchantía... ✅
  [ 589/1651] marcial... ✅
  [ 590/1651] marciano... ✅
  [ 591/1651] marcigo,_ga... ✅
  [ 592/1651] marcigón,_na... ✅
  [ 593/1651] marco... ✅
  [ 594/1651] marea_alta... ✅
  [ 595/1651] marea_baja... ✅
  [ 596/1651] marea_llena... ✅
  [ 597/1651] marea_seca... ✅
  [ 598/1651] mareaje... ✅
  [ 599/1651] marearse... ✅
  [ 600/1651] mareca... ✅
  [ 601/1651] marejada... ✅
  [ 602/1651] marey... ✅
  [ 603/1651] margarita... ✅
  [ 604/1651] margarita_silvestre... ✅
  [ 605/1651] margaro,_ra... ✅
  [ 606/1651] marginado,_da... ✅
  [ 607/1651] marginal... ✅
  [ 608/1651] marginata... ✅
  [ 609/1651] mariandá... ✅
  [ 610/1651] mariangola... ✅
  [ 611/1651] maribembé... ✅
  [ 612/1651] maricaeño,_ña... ✅
  [ 613/1651] maricao... ✅
  [ 614/1651] maricao_cimarrón... ✅
  [ 615/1651] maricao_verde... ✅
  [ 616/1651] maricona... ✅
  [ 617/1651] mariconera... ✅
  [ 618/1651] mariconería... ✅
  [ 619/1651] maricongo... ✅
  [ 620/1651] maricutana... ✅
  [ 621/1651] marido... ✅
  [ 622/1651] marieño,_ña... ✅
  [ 623/1651] marifinga... ✅
  [ 624/1651] mariguanero,_ra... ✅
  [ 625/1651] mariguano,_na... ✅
  [ 626/1651] marihuanero,_ra... ✅
  [ 627/1651] marilópez... ✅
  [ 628/1651] marimacho... ✅
  [ 629/1651] marimba... ✅
  [ 630/1651] marimbero,_ra... ✅
  [ 631/1651] marimbo... ✅
  [ 632/1651] marimoña... ✅
  [ 633/1651] marine... ✅
  [ 634/1651] marinerito_sobre_cubierta... ✅
  [ 635/1651] marinero... ✅
  [ 636/1651] marinovio... ✅
  [ 637/1651] maripo... ✅
  [ 638/1651] mariposa... ✅
  [ 639/1651] mariposario... ✅
  [ 640/1651] mariposear... ✅
  [ 641/1651] mariposero,_ra... ✅
  [ 642/1651] mariposo... ✅
  [ 643/1651] mariquita... ✅
  [ 644/1651] mariquita_de_puerto_rico... ✅
  [ 645/1651] mariyandá... ✅
  [ 646/1651] mariñaque... ✅
  [ 647/1651] market_share... ✅
  [ 648/1651] marketa... ✅
  [ 649/1651] marketing... ✅
  [ 650/1651] marlin... ✅
  [ 651/1651] marlin_azul... ✅
  [ 652/1651] marlin_blanco... ✅
  [ 653/1651] marlote... ✅
  [ 654/1651] marmoleado,_da... ✅
  [ 655/1651] maroho... ✅
  [ 656/1651] marojo... ✅
  [ 657/1651] maroma... ✅
  [ 658/1651] maromear... ✅
  [ 659/1651] maromero,_ra... ✅
  [ 660/1651] marometa... ✅
  [ 661/1651] maronear... ✅
  [ 662/1651] marota... ✅
  [ 663/1651] marou... ✅
  [ 664/1651] marquesa... ✅
  [ 665/1651] marquesina... ✅
  [ 666/1651] marrayito... ✅
  [ 667/1651] marrayo... ✅
  [ 668/1651] marrija... ✅
  [ 669/1651] marronazo... ✅
  [ 670/1651] marroneado,_da... ✅
  [ 671/1651] marronear... ✅
  [ 672/1651] marroneo... ✅
  [ 673/1651] marronero,_ra... ✅
  [ 674/1651] marroniar... ✅
  [ 675/1651] marroquín... ✅
  [ 676/1651] marrubio... ✅
  [ 677/1651] marrueco,_ca... ✅
  [ 678/1651] marrueco... ✅
  [ 679/1651] marrullero,_ra... ✅
  [ 680/1651] marrullero... ✅
  [ 681/1651] marrullería... ✅
  [ 682/1651] marrón... ✅
  [ 683/1651] marrón_científico... ✅
  [ 684/1651] marshal... ✅
  [ 685/1651] marshall... ✅
  [ 686/1651] marshmallow... ✅
  [ 687/1651] martillar... ✅
  [ 688/1651] martillero... ✅
  [ 689/1651] martillina... ✅
  [ 690/1651] martillo... ✅
  [ 691/1651] martinete... ✅
  [ 692/1651] martingala... ✅
  [ 693/1651] martinica... ✅
  [ 694/1651] martinico... ✅
  [ 695/1651] martiricio... ✅
  [ 696/1651] martín_ávila... ✅
  [ 697/1651] maruca... ✅
  [ 698/1651] marujita... ✅
  [ 699/1651] marullo... ✅
  [ 700/1651] marullo_alto... ✅
  [ 701/1651] marullo_grande... ✅
  [ 702/1651] marunga... ✅
  [ 703/1651] marunguear... ✅
  [ 704/1651] marunguey... ✅
  [ 705/1651] maruyo... ✅
  [ 706/1651] mary_jane... ✅
  [ 707/1651] marán... ✅
  [ 708/1651] maría... ✅
  [ 709/1651] marú... ✅
  [ 710/1651] masa... ✅
  [ 711/1651] masacote... ✅
  [ 712/1651] masacrar_en_la_primera_base... ✅
  [ 713/1651] masaguán... ✅
  [ 714/1651] masambo... ✅
  [ 715/1651] masas... ✅
  [ 716/1651] mascada... ✅
  [ 717/1651] mascadura... ✅
  [ 718/1651] mascadura_de_vieja... ✅
  [ 719/1651] mascar... ✅
  [ 720/1651] mascara... ✅
  [ 721/1651] mascota... ✅
  [ 722/1651] mascón,_na... ✅
  [ 723/1651] maseta... ✅
  [ 724/1651] masetear... ✅
  [ 725/1651] masivo,_va... ✅
  [ 726/1651] masking_tape... ✅
  [ 727/1651] maslote... ✅
  [ 728/1651] mass-media... ✅
  [ 729/1651] mass_media... ✅
  [ 730/1651] master... ✅
  [ 731/1651] master_(degree)... ✅
  [ 732/1651] master_bedroom... ✅
  [ 733/1651] master_key... ✅
  [ 734/1651] master_room... ✅
  [ 735/1651] masticado... ✅
  [ 736/1651] masticar... ✅
  [ 737/1651] mastuerzo... ✅
  [ 738/1651] masuchi... ✅
  [ 739/1651] mat... ✅
  [ 740/1651] mata... ✅
  [ 741/1651] mata_de_agua... ✅
  [ 742/1651] mata_de_gallina... ✅
  [ 743/1651] mata_de_guineo... ✅
  [ 744/1651] mata_de_güícharo... ✅
  [ 745/1651] mata_de_la_piña... ✅
  [ 746/1651] mata_de_marimbo... ✅
  [ 747/1651] mata_de_nigua... ✅
  [ 748/1651] mata_de_plátano... ✅
  [ 749/1651] mata_de_ñame... ✅
  [ 750/1651] matabuey... ✅
  [ 751/1651] matacallar... ✅
  [ 752/1651] matacano... ✅
  [ 753/1651] matachango... ✅
  [ 754/1651] matacán,_na... ✅
  [ 755/1651] matacán... ✅
  [ 756/1651] matadero... ✅
  [ 757/1651] matado,_da... ✅
  [ 758/1651] matadura... ✅
  [ 759/1651] mataero... ✅
  [ 760/1651] matagallina... ✅
  [ 761/1651] matagallo... ✅
  [ 762/1651] matahambre... ✅
  [ 763/1651] matamoros... ✅
  [ 764/1651] matao_y_espelusao... ✅
  [ 765/1651] matapaso... ✅
  [ 766/1651] mataperro... ✅
  [ 767/1651] matapiojos... ✅
  [ 768/1651] matar... ✅
  [ 769/1651] matar_a_hierro_frío... ✅
  [ 770/1651] matar_el_gallo_en_la_mano... ✅
  [ 771/1651] matar_la_changa... ✅
  [ 772/1651] matar_la_vieja... ✅
  [ 773/1651] matar_mentiras... ✅
  [ 774/1651] matarife... ✅
  [ 775/1651] matarile... ✅
  [ 776/1651] matarratón... ✅
  [ 777/1651] matarrón... ✅
  [ 778/1651] matatoros... ✅
  [ 779/1651] matayugo... ✅
  [ 780/1651] matazón... ✅
  [ 781/1651] match-point... ✅
  [ 782/1651] match... ✅
  [ 783/1651] match_point... ✅
  [ 784/1651] matchear... ✅
  [ 785/1651] matching... ✅
  [ 786/1651] matching_grant... ✅
  [ 787/1651] matejuelo... ✅
  [ 788/1651] matequillazo... ✅
  [ 789/1651] material... ✅
  [ 790/1651] material_bélico... ✅
  [ 791/1651] material_nuevo... ✅
  [ 792/1651] material_trililí... ✅
  [ 793/1651] materializar... ✅
  [ 794/1651] matillo... ✅
  [ 795/1651] matiné... ✅
  [ 796/1651] matita_de_la_piña... ✅
  [ 797/1651] matito... ✅
  [ 798/1651] matizado,_da... ✅
  [ 799/1651] matizado... ✅
  [ 800/1651] mato... ✅
  [ 801/1651] mato_colorado... ✅
  [ 802/1651] mato_de_playa... ✅
  [ 803/1651] mato_picador... ✅
  [ 804/1651] matojal... ✅
  [ 805/1651] matojo... ✅
  [ 806/1651] matojo_de_burro... ✅
  [ 807/1651] matorro... ✅
  [ 808/1651] matos... ✅
  [ 809/1651] matos_coloraos... ✅
  [ 810/1651] matoso... ✅
  [ 811/1651] matraca... ✅
  [ 812/1651] matracarse... ✅
  [ 813/1651] matracazo... ✅
  [ 814/1651] matraco... ✅
  [ 815/1651] matraquearse... ✅
  [ 816/1651] matre... ✅
  [ 817/1651] matrero,_ra... ✅
  [ 818/1651] matres... ✅
  [ 819/1651] matrimonio... ✅
  [ 820/1651] matrimonio_divorciado... ✅
  [ 821/1651] matrícula_doble... ✅
  [ 822/1651] matrón,_na... ✅
  [ 823/1651] mattress... ✅
  [ 824/1651] matuco... ✅
  [ 825/1651] matulear... ✅
  [ 826/1651] matulo... ✅
  [ 827/1651] matum... ✅
  [ 828/1651] matungo,_ga... ✅
  [ 829/1651] matunherí... ✅
  [ 830/1651] matunjerí... ✅
  [ 831/1651] matón... ✅
  [ 832/1651] matón_de_chiste... ✅
  [ 833/1651] maubeca... ✅
  [ 834/1651] maunabeño,_ña... ✅
  [ 835/1651] mauricio... ✅
  [ 836/1651] maví... ✅
  [ 837/1651] maximizar... ✅
  [ 838/1651] maya... ✅
  [ 839/1651] mayagüezano,_na... ✅
  [ 840/1651] mayal... ✅
  [ 841/1651] mayita... ✅
  [ 842/1651] mayohavau... ✅
  [ 843/1651] mayoketchup... ✅
  [ 844/1651] mayokétchup... ✅
  [ 845/1651] mayordomo... ✅
  [ 846/1651] mayú,_yua... ✅
  [ 847/1651] maza... ✅
  [ 848/1651] mazacote... ✅
  [ 849/1651] mazambique... ✅
  [ 850/1651] mazambo... ✅
  [ 851/1651] mazamorra... ✅
  [ 852/1651] mazo... ✅
  [ 853/1651] mazorcar... ✅
  [ 854/1651] maíz... ✅
  [ 855/1651] maíz_lejos... ✅
  [ 856/1651] mañanear... ✅
  [ 857/1651] mañanita... ✅
  [ 858/1651] mañeto,_ta... ✅
  [ 859/1651] mañoca... ✅
  [ 860/1651] mañoco... ✅
  [ 861/1651] mañosería... ✅
  [ 862/1651] mañosidad... ✅
  [ 863/1651] mañoso,_sa... ✅
  [ 864/1651] mañujos... ✅
  [ 865/1651] mb... ✅
  [ 866/1651] md... ✅
  [ 867/1651] me_cacho_en_ná... ✅
  [ 868/1651] me_cachín_de... ✅
  [ 869/1651] me_cachín_dei... ✅
  [ 870/1651] me_muero_de_la_pena... ✅
  [ 871/1651] meadera... ✅
  [ 872/1651] mear_dulce... ✅
  [ 873/1651] mearse_por... ✅
  [ 874/1651] meaíto... ✅
  [ 875/1651] mecaniquear... ✅
  [ 876/1651] mecaniquiar... ✅
  [ 877/1651] mecate... ✅
  [ 878/1651] mecedora... ✅
  [ 879/1651] mecha... ✅
  [ 880/1651] mechero... ✅
  [ 881/1651] mechón... ✅
  [ 882/1651] mechón_de_gas... ✅
  [ 883/1651] meción... ✅
  [ 884/1651] medallista... ✅
  [ 885/1651] media... ✅
  [ 886/1651] media_agua... ✅
  [ 887/1651] media_corta... ✅
  [ 888/1651] mediagua... ✅
  [ 889/1651] mediagüita... ✅
  [ 890/1651] medialengua... ✅
  [ 891/1651] medialuna... ✅
  [ 892/1651] medianero... ✅
  [ 893/1651] medianería... ✅
  [ 894/1651] medianoche... ✅
  [ 895/1651] mediarraja... ✅
  [ 896/1651] medias_nailon... ✅
  [ 897/1651] mediasangre... ✅
  [ 898/1651] medicación... ✅
  [ 899/1651] medicina_de_botica... ✅
  [ 900/1651] medicina_familiar... ✅
  [ 901/1651] medida... ✅
  [ 902/1651] medidas_disciplinarias... ✅
  [ 903/1651] medidor... ✅
  [ 904/1651] medio... ✅
  [ 905/1651] medio_ambiente... ✅
  [ 906/1651] medio_metro... ✅
  [ 907/1651] medio_punto... ✅
  [ 908/1651] mediometro... ✅
  [ 909/1651] mediopartido... ✅
  [ 910/1651] mediopeso... ✅
  [ 911/1651] mediopie... ✅
  [ 912/1651] mediopollo... ✅
  [ 913/1651] medios... ✅
  [ 914/1651] medium-low... ✅
  [ 915/1651] medium-rare... ✅
  [ 916/1651] medium... ✅
  [ 917/1651] medium_(size)... ✅
  [ 918/1651] medium_low... ✅
  [ 919/1651] medium_rare... ✅
  [ 920/1651] medregal... ✅
  [ 921/1651] medular... ✅
  [ 922/1651] meeting... ✅
  [ 923/1651] meeting_report... ✅
  [ 924/1651] mega-store... ✅
  [ 925/1651] mega_puerto... ✅
  [ 926/1651] mega_store... ✅
  [ 927/1651] mega_tienda... ✅
  [ 928/1651] megabyte... ✅
  [ 929/1651] megalómano,_na... ✅
  [ 930/1651] megaoperativo... ✅
  [ 931/1651] megapuerto... ✅
  [ 932/1651] megatienda... ✅
  [ 933/1651] mejengue... ✅
  [ 934/1651] mejicana... ✅
  [ 935/1651] mejigón... ✅
  [ 936/1651] mejor_cuéntame_una_de_vaqueros... ✅
  [ 937/1651] mejorar_la_imagen... ✅
  [ 938/1651] mejorar_la_raza... ✅
  [ 939/1651] mel... ✅
  [ 940/1651] meladero... ✅
  [ 941/1651] melador... ✅
  [ 942/1651] meladora... ✅
  [ 943/1651] melao... ✅
  [ 944/1651] melaza... ✅
  [ 945/1651] melaíllo... ✅
  [ 946/1651] melaíto... ✅
  [ 947/1651] melcocha... ✅
  [ 948/1651] melcochar... ✅
  [ 949/1651] melcoche... ✅
  [ 950/1651] melcochoso,_sa... ✅
  [ 951/1651] melecina... ✅
  [ 952/1651] melecina_de_botica... ✅
  [ 953/1651] melembrillo... ✅
  [ 954/1651] melena... ✅
  [ 955/1651] melindro... ✅
  [ 956/1651] melindrosidad... ✅
  [ 957/1651] melindroso,_sa... ✅
  [ 958/1651] melladura... ✅
  [ 959/1651] melting_pot... ✅
  [ 960/1651] meluza... ✅
  [ 961/1651] melón... ✅
  [ 962/1651] melón_de_agua... ✅
  [ 963/1651] melón_de_costa... ✅
  [ 964/1651] membrecía... ✅
  [ 965/1651] membresía... ✅
  [ 966/1651] membrillo... ✅
  [ 967/1651] memo... ✅
  [ 968/1651] memotécnica... ✅
  [ 969/1651] men... ✅
  [ 970/1651] men_brother... ✅
  [ 971/1651] mendingar... ✅
  [ 972/1651] mendé... ✅
  [ 973/1651] meneacola... ✅
  [ 974/1651] meneadera... ✅
  [ 975/1651] menear_el_guarapo... ✅
  [ 976/1651] menear_el_rabo... ✅
  [ 977/1651] menear_la_cosa... ✅
  [ 978/1651] menear_la_parcela... ✅
  [ 979/1651] meneo... ✅
  [ 980/1651] meneíllo... ✅
  [ 981/1651] mensaje_de_texto... ✅
  [ 982/1651] mensaje_de_voz... ✅
  [ 983/1651] mensaje_subliminal... ✅
  [ 984/1651] menso,_sa... ✅
  [ 985/1651] menta... ✅
  [ 986/1651] menta_en_pote... ✅
  [ 987/1651] mentada_de_madre... ✅
  [ 988/1651] mentado,_da... ✅
  [ 989/1651] mentar_la_madre... ✅
  [ 990/1651] mentolato... ✅
  [ 991/1651] mentolátum... ✅
  [ 992/1651] menu_value... ✅
  [ 993/1651] menudo... ✅
  [ 994/1651] menzo,_za... ✅
  [ 995/1651] mercadeable... ✅
  [ 996/1651] mercadear... ✅
  [ 997/1651] mercadeo... ✅
  [ 998/1651] mercado_deprimido... ✅
  [ 999/1651] mercado_negro... ✅
  [1000/1651] mercadotecnia... ✅
  [1001/1651] mercancía_muerta... ✅
  [1002/1651] mercería... ✅
  [1003/1651] merecida... ✅
  [1004/1651] merengar... ✅
  [1005/1651] merengo... ✅
  [1006/1651] merengue... ✅
  [1007/1651] merenguear... ✅
  [1008/1651] merenguearse... ✅
  [1009/1651] merenguero,_ra... ✅
  [1010/1651] merenguito... ✅
  [1011/1651] merequetén... ✅
  [1012/1651] merey... ✅
  [1013/1651] merienda... ✅
  [1014/1651] merit_badge... ✅
  [1015/1651] meritado,_da... ✅
  [1016/1651] merma... ✅
  [1017/1651] mero... ✅
  [1018/1651] mero_batata... ✅
  [1019/1651] mero_cabrilla... ✅
  [1020/1651] mero_cherna... ✅
  [1021/1651] mero_grande... ✅
  [1022/1651] mero_guasa... ✅
  [1023/1651] mero_pinto... ✅
  [1024/1651] mero_sapo... ✅
  [1025/1651] mesa... ✅
  [1026/1651] mesanine... ✅
  [1027/1651] mesanín... ✅
  [1028/1651] mesero,_ra... ✅
  [1029/1651] mesh... ✅
  [1030/1651] mesmo,_ma... ✅
  [1031/1651] messenger... ✅
  [1032/1651] mestiza... ✅
  [1033/1651] mestizo,_za... ✅
  [1034/1651] mestro... ✅
  [1035/1651] mestura... ✅
  [1036/1651] mesturar... ✅
  [1037/1651] meta_mano... ✅
  [1038/1651] metabuscador... ✅
  [1039/1651] metadata... ✅
  [1040/1651] metecabeza... ✅
  [1041/1651] metedera... ✅
  [1042/1651] meter... ✅
  [1043/1651] meter_a_alguien_dentro_del_coco... ✅
  [1044/1651] meter_casco... ✅
  [1045/1651] meter_caña... ✅
  [1046/1651] meter_cráneo... ✅
  [1047/1651] meter_cuchilla... ✅
  [1048/1651] meter_cuchillo... ✅
  [1049/1651] meter_dentro_del_coco... ✅
  [1050/1651] meter_el_chambón... ✅
  [1051/1651] meter_el_diente... ✅
  [1052/1651] meter_el_pico... ✅
  [1053/1651] meter_en_farufa... ✅
  [1054/1651] meter_en_un_coco... ✅
  [1055/1651] meter_faroles... ✅
  [1056/1651] meter_forros_mojados... ✅
  [1057/1651] meter_guayabas... ✅
  [1058/1651] meter_la_pata... ✅
  [1059/1651] meter_las_cabras_al_corral... ✅
  [1060/1651] meter_las_cuatro... ✅
  [1061/1651] meter_las_cuatro_(patas)... ✅
  [1062/1651] meter_las_cuatro_patas... ✅
  [1063/1651] meter_las_patas... ✅
  [1064/1651] meter_leña_al_fuego... ✅
  [1065/1651] meter_los_mochos... ✅
  [1066/1651] meter_los_monos... ✅
  [1067/1651] meter_mano... ✅
  [1068/1651] meter_puya... ✅
  [1069/1651] meter_un_chivo... ✅
  [1070/1651] meter_un_paquete... ✅
  [1071/1651] meter_un_yerbo... ✅
  [1072/1651] meter_uña... ✅
  [1073/1651] meterle_duro... ✅
  [1074/1651] meterse... ✅
  [1075/1651] meterse_en_brisca... ✅
  [1076/1651] meterse_en_julepe... ✅
  [1077/1651] meterse_en_ruta... ✅
  [1078/1651] meterse_un_tabaco... ✅
  [1079/1651] meterse_un_yerbo... ✅
  [1080/1651] metiche... ✅
  [1081/1651] metida_de_pata... ✅
  [1082/1651] metido,_da... ✅
  [1083/1651] metido_en_fiesta... ✅
  [1084/1651] metido_en_palos... ✅
  [1085/1651] metimiento... ✅
  [1086/1651] metralla... ✅
  [1087/1651] metrallazo... ✅
  [1088/1651] metrao... ✅
  [1089/1651] metro... ✅
  [1090/1651] metío,_tia... ✅
  [1091/1651] mezanine... ✅
  [1092/1651] mezcladora... ✅
  [1093/1651] mezclero... ✅
  [1094/1651] mezzanine... ✅
  [1095/1651] mi_capú... ✅
  [1096/1651] mi_gente... ✅
  [1097/1651] mi_hermano,_na... ✅
  [1098/1651] mi_hijo,_ja... ✅
  [1099/1651] miaja... ✅
  [1100/1651] miami... ✅
  [1101/1651] miasma... ✅
  [1102/1651] mica... ✅
  [1103/1651] michigan... ✅
  [1104/1651] microbio,_bia... ✅
  [1105/1651] microchip... ✅
  [1106/1651] microcomputadora... ✅
  [1107/1651] microfilm... ✅
  [1108/1651] microfilmar... ✅
  [1109/1651] microfilme... ✅
  [1110/1651] microondas... ✅
  [1111/1651] microwave_(oven)... ✅
  [1112/1651] micróbico,_ca... ✅
  [1113/1651] mid_trial... ✅
  [1114/1651] middle_school... ✅
  [1115/1651] miedo... ✅
  [1116/1651] miel... ✅
  [1117/1651] miel_de_purga... ✅
  [1118/1651] miel_silvestre... ✅
  [1119/1651] mieldepulga... ✅
  [1120/1651] mieles... ✅
  [1121/1651] miembrudo... ✅
  [1122/1651] miembrú... ✅
  [1123/1651] mientras_más... ✅
  [1124/1651] mierda... ✅
  [1125/1651] mierda_de_gato... ✅
  [1126/1651] mierda_en_cajeta... ✅
  [1127/1651] mierdero... ✅
  [1128/1651] mierdísimo,_ma... ✅
  [1129/1651] mija... ✅
  [1130/1651] mijaga... ✅
  [1131/1651] mijarra... ✅
  [1132/1651] mijo,_ja... ✅
  [1133/1651] mijo... ✅
  [1134/1651] mijúa... ✅
  [1135/1651] milejos... ✅
  [1136/1651] milimilinda... ✅
  [1137/1651] milingo... ✅
  [1138/1651] millaje... ✅
  [1139/1651] millo... ✅
  [1140/1651] millo_trepador... ✅
  [1141/1651] milonga... ✅
  [1142/1651] mime... ✅
  [1143/1651] mimero... ✅
  [1144/1651] mimiquear... ✅
  [1145/1651] mina... ✅
  [1146/1651] minador... ✅
  [1147/1651] mingajo,_ja... ✅
  [1148/1651] mingambó... ✅
  [1149/1651] mingo,_ga... ✅
  [1150/1651] mingolo... ✅
  [1151/1651] mini-split... ✅
  [1152/1651] mini_jet... ✅
  [1153/1651] mini_master... ✅
  [1154/1651] miniatura... ✅
  [1155/1651] minibar... ✅
  [1156/1651] minifalda... ✅
  [1157/1651] minigolf... ✅
  [1158/1651] minimizar... ✅
  [1159/1651] minipick-up... ✅
  [1160/1651] minivan... ✅
  [1161/1651] minjúa... ✅
  [1162/1651] mink... ✅
  [1163/1651] mino... ✅
  [1164/1651] mino_rosado... ✅
  [1165/1651] minuto_reglamentario... ✅
  [1166/1651] miopio,_pia... ✅
  [1167/1651] miqueador... ✅
  [1168/1651] miquear... ✅
  [1169/1651] miqueo... ✅
  [1170/1651] miquero,_ra... ✅
  [1171/1651] miquillo... ✅
  [1172/1651] mirada_pastelillo... ✅
  [1173/1651] mirador... ✅
  [1174/1651] miramelinda... ✅
  [1175/1651] mirar_atravesado... ✅
  [1176/1651] mirar_la_televisión... ✅
  [1177/1651] mirar_para_el_lado... ✅
  [1178/1651] mirasol... ✅
  [1179/1651] miriñaque... ✅
  [1180/1651] miriñaqui... ✅
  [1181/1651] mirlar... ✅
  [1182/1651] mirlarse... ✅
  [1183/1651] mirror... ✅
  [1184/1651] mirto... ✅
  [1185/1651] mis... ✅
  [1186/1651] misa_de_aguinaldos... ✅
  [1187/1651] misacanteco... ✅
  [1188/1651] misas_sueltas... ✅
  [1189/1651] misdemeanor... ✅
  [1190/1651] misdeminor... ✅
  [1191/1651] misifú... ✅
  [1192/1651] misil... ✅
  [1193/1651] misis... ✅
  [1194/1651] misorioco,_ca... ✅
  [1195/1651] miss... ✅
  [1196/1651] missis... ✅
  [1197/1651] mister... ✅
  [1198/1651] misticón,_na... ✅
  [1199/1651] mistiquería... ✅
  [1200/1651] mistiquez... ✅
  [1201/1651] mistress... ✅
  [1202/1651] mita... ✅
  [1203/1651] mitin... ✅
  [1204/1651] mitinear... ✅
  [1205/1651] mitineo... ✅
  [1206/1651] mitinguear... ✅
  [1207/1651] mitinguero,_ra... ✅
  [1208/1651] mitra... ✅
  [1209/1651] miura... ✅
  [1210/1651] mixear... ✅
  [1211/1651] mixología... ✅
  [1212/1651] mixta... ✅
  [1213/1651] mixta_con_pájaro_en_el_estribo... ✅
  [1214/1651] mixto... ✅
  [1215/1651] mixtos... ✅
  [1216/1651] mixtura... ✅
  [1217/1651] mixturar... ✅
  [1218/1651] mixólogo,_ga... ✅
  [1219/1651] miñaña... ✅
  [1220/1651] miñuelo... ✅
  [1221/1651] mob... ✅
  [1222/1651] mobbing... ✅
  [1223/1651] mobilhome... ✅
  [1224/1651] mobío,_bía... ✅
  [1225/1651] moca... ✅
  [1226/1651] moca_blanca... ✅
  [1227/1651] mocano,_na... ✅
  [1228/1651] mocasín... ✅
  [1229/1651] mocezuelo... ✅
  [1230/1651] mochar... ✅
  [1231/1651] mochazo... ✅
  [1232/1651] moche... ✅
  [1233/1651] mochero,_ra... ✅
  [1234/1651] mochila... ✅
  [1235/1651] mochilita_de_carbón... ✅
  [1236/1651] mocho,_cha... ✅
  [1237/1651] mocho... ✅
  [1238/1651] mocho_bacalao... ✅
  [1239/1651] mochuelo... ✅
  [1240/1651] mocleca... ✅
  [1241/1651] moco... ✅
  [1242/1651] moco_de_pavo... ✅
  [1243/1651] mocongó... ✅
  [1244/1651] mocotazo... ✅
  [1245/1651] modelaje... ✅
  [1246/1651] modelar... ✅
  [1247/1651] modem... ✅
  [1248/1651] modista... ✅
  [1249/1651] modorriento,_ta... ✅
  [1250/1651] modorroso,_sa... ✅
  [1251/1651] modoso,_sa... ✅
  [1252/1651] mofle... ✅
  [1253/1651] mofolongo,_ga... ✅
  [1254/1651] mofongo... ✅
  [1255/1651] mogolla... ✅
  [1256/1651] mogollarse... ✅
  [1257/1651] mogollón... ✅
  [1258/1651] mogote... ✅
  [1259/1651] mohair... ✅
  [1260/1651] mohic... ✅
  [1261/1651] mohoso,_sa... ✅
  [1262/1651] mohuy... ✅
  [1263/1651] moist... ✅
  [1264/1651] mojabobo... ✅
  [1265/1651] mojado,_da... ✅
  [1266/1651] mojar... ✅
  [1267/1651] mojarra... ✅
  [1268/1651] mojarra_blanquilla... ✅
  [1269/1651] mojarreta... ✅
  [1270/1651] mojarse... ✅
  [1271/1651] mojarse_los_cartones... ✅
  [1272/1651] moje... ✅
  [1273/1651] mojicón... ✅
  [1274/1651] mojiganga... ✅
  [1275/1651] mojirbe... ✅
  [1276/1651] mojito... ✅
  [1277/1651] mojito_isleño... ✅
  [1278/1651] mojo... ✅
  [1279/1651] mojo_isleño... ✅
  [1280/1651] mojonear... ✅
  [1281/1651] mojonero,_ra... ✅
  [1282/1651] mojuy... ✅
  [1283/1651] mojón... ✅
  [1284/1651] molacha... ✅
  [1285/1651] moledor... ✅
  [1286/1651] moler... ✅
  [1287/1651] moler_vidrio... ✅
  [1288/1651] molesta... ✅
  [1289/1651] molestar_más_que_un_cangrejo_en_un_latón... ✅
  [1290/1651] molestoso,_sa... ✅
  [1291/1651] molinete... ✅
  [1292/1651] molinillo... ✅
  [1293/1651] molleja... ✅
  [1294/1651] mollero... ✅
  [1295/1651] molleto,_ta... ✅
  [1296/1651] molondrón... ✅
  [1297/1651] molote... ✅
  [1298/1651] momo... ✅
  [1299/1651] mona... ✅
  [1300/1651] monato... ✅
  [1301/1651] monchar... ✅
  [1302/1651] monchi... ✅
  [1303/1651] monchis... ✅
  [1304/1651] moncho... ✅
  [1305/1651] monda... ✅
  [1306/1651] mondao,_dá... ✅
  [1307/1651] mondar... ✅
  [1308/1651] mondarse_como_un_ñame_nuevo... ✅
  [1309/1651] mondicia... ✅
  [1310/1651] mondongada... ✅
  [1311/1651] mondongo... ✅
  [1312/1651] mondonguera... ✅
  [1313/1651] mondonguero,_ra... ✅
  [1314/1651] mondá... ✅
  [1315/1651] monear... ✅
  [1316/1651] money_market_(account)... ✅
  [1317/1651] money_order... ✅
  [1318/1651] monga... ✅
  [1319/1651] mongazo... ✅
  [1320/1651] mongo,_ga... ✅
  [1321/1651] monguera... ✅
  [1322/1651] monguito,_ta... ✅
  [1323/1651] moni... ✅
  [1324/1651] moniato... ✅
  [1325/1651] monifato,_ta... ✅
  [1326/1651] monita... ✅
  [1327/1651] monito... ✅
  [1328/1651] monitor... ✅
  [1329/1651] monitor_plano... ✅
  [1330/1651] monitorear... ✅
  [1331/1651] monitoreo... ✅
  [1332/1651] monitorizar... ✅
  [1333/1651] mono... ✅
  [1334/1651] monoestrellada... ✅
  [1335/1651] monofónico... ✅
  [1336/1651] monokini... ✅
  [1337/1651] monstruo_blanco... ✅
  [1338/1651] monta... ✅
  [1339/1651] montador... ✅
  [1340/1651] montante... ✅
  [1341/1651] montar... ✅
  [1342/1651] montar_la_chica_pidiona... ✅
  [1343/1651] montar_la_chica_pidona... ✅
  [1344/1651] montar_tribuna... ✅
  [1345/1651] montar_un_cerebro... ✅
  [1346/1651] montar_un_show... ✅
  [1347/1651] montar_un_tinglado... ✅
  [1348/1651] montar_una_horquilla... ✅
  [1349/1651] montarse_en_la_burra... ✅
  [1350/1651] montarse_en_tribuna... ✅
  [1351/1651] montaña... ✅
  [1352/1651] monte... ✅
  [1353/1651] monteador... ✅
  [1354/1651] montecito... ✅
  [1355/1651] montecristo... ✅
  [1356/1651] montera... ✅
  [1357/1651] montería... ✅
  [1358/1651] montevideo... ✅
  [1359/1651] montuno,_na... ✅
  [1360/1651] montársela... ✅
  [1361/1651] montículo... ✅
  [1362/1651] montón... ✅
  [1363/1651] monumento... ✅
  [1364/1651] mood... ✅
  [1365/1651] moody... ✅
  [1366/1651] mopa... ✅
  [1367/1651] mopear... ✅
  [1368/1651] moqueado,_da... ✅
  [1369/1651] moquense... ✅
  [1370/1651] moquera... ✅
  [1371/1651] moquero... ✅
  [1372/1651] moquetazo... ✅
  [1373/1651] moquillento,_ta... ✅
  [1374/1651] moquillo... ✅
  [1375/1651] moquilloso,_sa... ✅
  [1376/1651] mora... ✅
  [1377/1651] moradilla... ✅
  [1378/1651] moral... ✅
  [1379/1651] moral_de_la_paz... ✅
  [1380/1651] moralón... ✅
  [1381/1651] morao... ✅
  [1382/1651] moratoria... ✅
  [1383/1651] morcilla... ✅
  [1384/1651] mordaza... ✅
  [1385/1651] mordedor,_ra... ✅
  [1386/1651] mordedor... ✅
  [1387/1651] morder... ✅
  [1388/1651] morder_grieta... ✅
  [1389/1651] morder_y_soplar... ✅
  [1390/1651] morderse_el_rabo... ✅
  [1391/1651] morderse_un_ojo... ✅
  [1392/1651] mordida... ✅
  [1393/1651] mordido,_da... ✅
  [1394/1651] mordiscón... ✅
  [1395/1651] mordisquear... ✅
  [1396/1651] morena... ✅
  [1397/1651] moreno,_na... ✅
  [1398/1651] moretearse... ✅
  [1399/1651] morfi... ✅
  [1400/1651] moriche... ✅
  [1401/1651] morinda... ✅
  [1402/1651] moriquitirse... ✅
  [1403/1651] morir_bien... ✅
  [1404/1651] morir_como_el_alcatraz... ✅
  [1405/1651] morir_en_la_raya... ✅
  [1406/1651] morir_en_ley... ✅
  [1407/1651] morir_en_su_línea... ✅
  [1408/1651] morirse_a_plazos... ✅
  [1409/1651] morirse_de_mocezuelo... ✅
  [1410/1651] morirse_en_la_raya... ✅
  [1411/1651] morirse_uno_de_ganas... ✅
  [1412/1651] morisqueta... ✅
  [1413/1651] moriviví... ✅
  [1414/1651] moriña... ✅
  [1415/1651] moro_viejo,_mal_cristiano... ✅
  [1416/1651] morocho,_cha... ✅
  [1417/1651] morocota... ✅
  [1418/1651] morocotudo,_da... ✅
  [1419/1651] moroncillo... ✅
  [1420/1651] moronía... ✅
  [1421/1651] moroveño,_ña... ✅
  [1422/1651] morra... ✅
  [1423/1651] morralla... ✅
  [1424/1651] morranga... ✅
  [1425/1651] morriña... ✅
  [1426/1651] morriñoso,_sa... ✅
  [1427/1651] morrión... ✅
  [1428/1651] morrocollo... ✅
  [1429/1651] morrocota... ✅
  [1430/1651] morrocotudo,_da... ✅
  [1431/1651] morrocoy... ✅
  [1432/1651] morrocoyo... ✅
  [1433/1651] morronga... ✅
  [1434/1651] morroñoso,_sa... ✅
  [1435/1651] morrón,_na... ✅
  [1436/1651] morta... ✅
  [1437/1651] mortal... ✅
  [1438/1651] mortalecido,_da... ✅
  [1439/1651] moruno,_na... ✅
  [1440/1651] moruno... ✅
  [1441/1651] morusa... ✅
  [1442/1651] moruto... ✅
  [1443/1651] morón,_na... ✅
  [1444/1651] morón... ✅
  [1445/1651] mosaico... ✅
  [1446/1651] mosca... ✅
  [1447/1651] mosca_de_luz... ✅
  [1448/1651] mosco... ✅
  [1449/1651] moscón... ✅
  [1450/1651] mosqueado,_da... ✅
  [1451/1651] mosquero... ✅
  [1452/1651] mosquita... ✅
  [1453/1651] mosquito... ✅
  [1454/1651] mosto... ✅
  [1455/1651] mostrador... ✅
  [1456/1651] mostrita... ✅
  [1457/1651] mostro... ✅
  [1458/1651] mota... ✅
  [1459/1651] motao... ✅
  [1460/1651] moteado... ✅
  [1461/1651] motearse... ✅
  [1462/1651] motel... ✅
  [1463/1651] motete... ✅
  [1464/1651] motillo... ✅
  [1465/1651] motimoti... ✅
  [1466/1651] moto... ✅
  [1467/1651] motocross... ✅
  [1468/1651] motoniveladora... ✅
  [1469/1651] motora... ✅
  [1470/1651] motorista... ✅
  [1471/1651] motín... ✅
  [1472/1651] mouse... ✅
  [1473/1651] mouse_pad... ✅
  [1474/1651] mover_el_piso... ✅
  [1475/1651] mover_el_rabo... ✅
  [1476/1651] mover_el_tapete... ✅
  [1477/1651] moverse... ✅
  [1478/1651] movida... ✅
  [1479/1651] movie... ✅
  [1480/1651] mozambique... ✅
  [1481/1651] mozo... ✅
  [1482/1651] mozo_jumacero... ✅
  [1483/1651] mozzarella_stick... ✅
  [1484/1651] moña... ✅
  [1485/1651] moña_de_hueso... ✅
  [1486/1651] moña_de_la_piña... ✅
  [1487/1651] moñero... ✅
  [1488/1651] moñinga... ✅
  [1489/1651] moño... ✅
  [1490/1651] moñoña... ✅
  [1491/1651] moñuda... ✅
  [1492/1651] moñudo,_da... ✅
  [1493/1651] moñuá... ✅
  [1494/1651] moñíngola... ✅
  [1495/1651] mp3... ✅
  [1496/1651] mri... ✅
  [1497/1651] mtv... ✅
  [1498/1651] mucama... ✅
  [1499/1651] muchacha... ✅
  [1500/1651] muchacha_bien... ✅
  [1501/1651] muchacha_dura... ✅
  [1502/1651] muchacha_efe_eme_(f.m.)... ✅
  [1503/1651] muchacha_kinky... ✅
  [1504/1651] muchacha_que_josea... ✅
  [1505/1651] muchachería... ✅
  [1506/1651] muchacherío... ✅
  [1507/1651] muchacho... ✅
  [1508/1651] muchacho_taco... ✅
  [1509/1651] muchacho_willie_may... ✅
  [1510/1651] muchacho_wilson,_wilson... ✅
  [1511/1651] muchachos_camarones... ✅
  [1512/1651] muchitanga... ✅
  [1513/1651] mucho_pote... ✅
  [1514/1651] muchos_caciques_y_pocos_indios... ✅
  [1515/1651] muchos_hermanos... ✅
  [1516/1651] muchos_limosneros_pierden_la_limosna... ✅
  [1517/1651] muda... ✅
  [1518/1651] muda_de_pico... ✅
  [1519/1651] muda_limpia... ✅
  [1520/1651] mudador_de_ganado... ✅
  [1521/1651] mudar... ✅
  [1522/1651] mudar_los_colmillos... ✅
  [1523/1651] mueble... ✅
  [1524/1651] mueblero,_ra... ✅
  [1525/1651] muela... ✅
  [1526/1651] muella... ✅
  [1527/1651] muelle... ✅
  [1528/1651] muellero... ✅
  [1529/1651] muengo,_ga... ✅
  [1530/1651] muercillo... ✅
  [1531/1651] muermo... ✅
  [1532/1651] muerto... ✅
  [1533/1651] muestrero... ✅
  [1534/1651] muey... ✅
  [1535/1651] muffin... ✅
  [1536/1651] muffler... ✅
  [1537/1651] mug... ✅
  [1538/1651] mujarra... ✅
  [1539/1651] mujer... ✅
  [1540/1651] mujer_barata... ✅
  [1541/1651] mujer_blanca... ✅
  [1542/1651] mujer_de_la_vieja_guardia... ✅
  [1543/1651] mujer_de_mal_vivir... ✅
  [1544/1651] mujer_pasá_de_moda... ✅
  [1545/1651] mujer_que_josea... ✅
  [1546/1651] mujerear... ✅
  [1547/1651] mujereguear... ✅
  [1548/1651] mujerota... ✅
  [1549/1651] mujerón... ✅
  [1550/1651] mula... ✅
  [1551/1651] mulato,_ta... ✅
  [1552/1651] mulecón,_na... ✅
  [1553/1651] muleque,_ca... ✅
  [1554/1651] mulequillo... ✅
  [1555/1651] muletazo... ✅
  [1556/1651] muleto... ✅
  [1557/1651] mulita... ✅
  [1558/1651] mulo,_la... ✅
  [1559/1651] multimedia... ✅
  [1560/1651] multimediático... ✅
  [1561/1651] multiple_choice... ✅
  [1562/1651] munchar... ✅
  [1563/1651] munchi... ✅
  [1564/1651] munchies... ✅
  [1565/1651] munchy... ✅
  [1566/1651] mundial... ✅
  [1567/1651] mundicia... ✅
  [1568/1651] mundo... ✅
  [1569/1651] mundonuevo... ✅
  [1570/1651] muniama... ✅
  [1571/1651] muniama_de_afuera... ✅
  [1572/1651] muppet... ✅
  [1573/1651] muralla... ✅
  [1574/1651] murciélago... ✅
  [1575/1651] murrión... ✅
  [1576/1651] murta... ✅
  [1577/1651] murtilla... ✅
  [1578/1651] murunguey... ✅
  [1579/1651] musaraña... ✅
  [1580/1651] musculación... ✅
  [1581/1651] mushroom... ✅
  [1582/1651] music_hall... ✅
  [1583/1651] musical... ✅
  [1584/1651] musilla... ✅
  [1585/1651] musiquero,_ra... ✅
  [1586/1651] mutual_fund... ✅
  [1587/1651] muérgano,_na... ✅
  [1588/1651] muñato... ✅
  [1589/1651] muñeca... ✅
  [1590/1651] muñeco... ✅
  [1591/1651] muñequear... ✅
  [1592/1651] muñequitos... ✅
  [1593/1651] muñocismo... ✅
  [1594/1651] muñocista... ✅
  [1595/1651] mánager... ✅
  [1596/1651] máquina... ✅
  [1597/1651] máquina_atlas... ✅
  [1598/1651] máquina_clas... ✅
  [1599/1651] máquina_de_cultivo... ✅
  [1600/1651] máquina_de_limpieza... ✅
  [1601/1651] máquina_ibm... ✅
  [1602/1651] más_bravo_que_un_ají... ✅
  [1603/1651] más_cerrado_que_un_coco... ✅
  [1604/1651] más_cuadrado_que_un_dulce_de_coco... ✅
  [1605/1651] más_difícil_que_mondar_lerenes... ✅
  [1606/1651] más_dura_que_un_coco_seco... ✅
  [1607/1651] más_duro_que_un_coco_seco... ✅
  [1608/1651] más_duro_que_un_mojón_de_guayaba... ✅
  [1609/1651] más_duro_que_un_yoyo_de_caoba... ✅
  [1610/1651] más_feo_que_el_agua_de_coco... ✅
  [1611/1651] más_feo_que_el_agua_de_yuca... ✅
  [1612/1651] más_feo_que_una_cáscara_de_achiote... ✅
  [1613/1651] más_fuerte_que_el_guayacán... ✅
  [1614/1651] más_guayado_que_un_guayo... ✅
  [1615/1651] más_guayao_que_un_guayo... ✅
  [1616/1651] más_jalao_que_un_timbre_de_guagua... ✅
  [1617/1651] más_jendío_que_una_caña... ✅
  [1618/1651] más_jendío_que_uña_de_res... ✅
  [1619/1651] más_malo_que_el_cipote... ✅
  [1620/1651] más_malo_que_la_maya... ✅
  [1621/1651] más_malo_que_la_yuca... ✅
  [1622/1651] más_malo_que_un_límber_de_gas... ✅
  [1623/1651] más_metido_que_el_saco_del_medio... ✅
  [1624/1651] más_nunca... ✅
  [1625/1651] más_picado_que_un_metro_de_piedra... ✅
  [1626/1651] más_rajado_que_leña_de_panadería... ✅
  [1627/1651] más_rajado_que_un_toldo_de_café... ✅
  [1628/1651] más_salao_que_una_patita_de_mondongo... ✅
  [1629/1651] más_serio_que_una_tusa... ✅
  [1630/1651] más_tarde_cae_el_sereno... ✅
  [1631/1651] más_viejo_que_el_frío... ✅
  [1632/1651] máscara... ✅
  [1633/1651] máster... ✅
  [1634/1651] médico... ✅
  [1635/1651] médico_espiritista... ✅
  [1636/1651] médium... ✅
  [1637/1651] mégano... ✅
  [1638/1651] méndigo... ✅
  [1639/1651] mí... ✅
  [1640/1651] míster... ✅
  [1641/1651] místico,_ca... ✅
  [1642/1651] módem... ✅
  [1643/1651] múcara... ✅
  [1644/1651] múcaro... ✅
  [1645/1651] múcaro_de_doña_martina... ✅
  [1646/1651] múcaro_de_oreja_pequeña... ✅
  [1647/1651] múcaro_de_sabana... ✅
  [1648/1651] múcaro_real... ✅
  [1649/1651] múcura... ✅
  [1650/1651] música_brava... ✅
  [1651/1651] música_country... ✅

================================================================================
CONSOLIDATION COMPLETE
================================================================================
  Letter:        M
  Processed:     1651
  Failed:        0
  Output folder: /Users/andrewcasanova/Documents/data_science_projects/ai_projects/TESORO_BORICUA/webscrape/data/preprocessed_tesoro_v2/m


================================================================================
CONSOLIDATING LETTER 'N' - 468 words
================================================================================

  [   1/468] naboria... ✅
  [   2/468] naborí... ✅
  [   3/468] naboría... ✅
  [   4/468] nacencia... ✅
  [   5/468] nacer... ✅
  [   6/468] nacer_de_culo... ✅
  [   7/468] nacer_de_nuevo... ✅
  [   8/468] nacer_de_pie... ✅
  [   9/468] nacer_en_zurrón... ✅
  [  10/468] nacer_para_medio_y_no_llegar_a_real... ✅
  [  11/468] nacer_parado... ✅
  [  12/468] nacer_parao... ✅
  [  13/468] nacido... ✅
  [  14/468] nacimiento... ✅
  [  15/468] nación... ✅
  [  16/468] nacán... ✅
  [  17/468] nadadora... ✅
  [  18/468] nadadora_profesional... ✅
  [  19/468] nadar_en_dos_aguas... ✅
  [  20/468] nadar_y_guardar_la_ropa... ✅
  [  21/468] nadie... ✅
  [  22/468] nadie_sabe_para_quién_trabaja... ✅
  [  23/468] nadien... ✅
  [  24/468] nagua... ✅
  [  25/468] naguabeño,_ña... ✅
  [  26/468] nahe... ✅
  [  27/468] naiboa... ✅
  [  28/468] naiden... ✅
  [  29/468] naidie... ✅
  [  30/468] naidien... ✅
  [  31/468] nailon... ✅
  [  32/468] nais... ✅
  [  33/468] naive... ✅
  [  34/468] nalgaje... ✅
  [  35/468] nalgatorio... ✅
  [  36/468] nalgazo... ✅
  [  37/468] nalgón,_na... ✅
  [  38/468] nalgú,_gúa... ✅
  [  39/468] namú... ✅
  [  40/468] nanear... ✅
  [  41/468] naniqui... ✅
  [  42/468] nannie... ✅
  [  43/468] nanny... ✅
  [  44/468] nanotecnología... ✅
  [  45/468] nanómetro... ✅
  [  46/468] nap... ✅
  [  47/468] naranja... ✅
  [  48/468] naranja_china... ✅
  [  49/468] naranja_de_la_china... ✅
  [  50/468] naranja_dulce... ✅
  [  51/468] naranjillo... ✅
  [  52/468] naranjiteño,_ña... ✅
  [  53/468] narciso... ✅
  [  54/468] narco... ✅
  [  55/468] nardo... ✅
  [  56/468] nargutí... ✅
  [  57/468] nariancho,_cha... ✅
  [  58/468] narices... ✅
  [  59/468] narigón... ✅
  [  60/468] nariz... ✅
  [  61/468] nariz_chata... ✅
  [  62/468] nariz_empachurrá... ✅
  [  63/468] nariz_esparrachada... ✅
  [  64/468] nariz_parrachá... ✅
  [  65/468] narizancho,_cha... ✅
  [  66/468] narizudo,_da... ✅
  [  67/468] narizón... ✅
  [  68/468] narrow_minded... ✅
  [  69/468] narso... ✅
  [  70/468] nasa... ✅
  [  71/468] nasillo... ✅
  [  72/468] naso... ✅
  [  73/468] nasty... ✅
  [  74/468] nata... ✅
  [  75/468] natal... ✅
  [  76/468] natimuerto... ✅
  [  77/468] national_committee_man... ✅
  [  78/468] natural... ✅
  [  79/468] naturaleza_derecha... ✅
  [  80/468] naturaleza_tuerta... ✅
  [  81/468] navaja... ✅
  [  82/468] nave... ✅
  [  83/468] navegador... ✅
  [  84/468] navegar... ✅
  [  85/468] naíf... ✅
  [  86/468] nba... ✅
  [  87/468] nebuloso,_sa... ✅
  [  88/468] necesitar_fósforos... ✅
  [  89/468] necesitar_mofle_para_la_flema_del_pecho... ✅
  [  90/468] necesitar_un_tesecito_de_peinilla... ✅
  [  91/468] necio,_cia... ✅
  [  92/468] necrocomio... ✅
  [  93/468] negatismo... ✅
  [  94/468] negativismo... ✅
  [  95/468] negligé... ✅
  [  96/468] negligée... ✅
  [  97/468] negocear... ✅
  [  98/468] negocio... ✅
  [  99/468] negocio_leonino... ✅
  [ 100/468] negocito... ✅
  [ 101/468] negra... ✅
  [ 102/468] negra_de_pañuelo... ✅
  [ 103/468] negra_de_pañuelo_de_madrás... ✅
  [ 104/468] negra_lora... ✅
  [ 105/468] negrada... ✅
  [ 106/468] negralora... ✅
  [ 107/468] negrería... ✅
  [ 108/468] negrita... ✅
  [ 109/468] negrito,_ta... ✅
  [ 110/468] negrito_prieto... ✅
  [ 111/468] negro,_ra... ✅
  [ 112/468] negro_angolo... ✅
  [ 113/468] negro_catedrático... ✅
  [ 114/468] negro_como_el_culo_de_una_olla... ✅
  [ 115/468] negro_como_una_olla... ✅
  [ 116/468] negro_criollo... ✅
  [ 117/468] negro_de_castilla... ✅
  [ 118/468] negro_de_nación... ✅
  [ 119/468] negro_de_portugal... ✅
  [ 120/468] negro_ladino... ✅
  [ 121/468] negro_libre... ✅
  [ 122/468] negro_macuto... ✅
  [ 123/468] negro_parejero... ✅
  [ 124/468] negro_pero_decente... ✅
  [ 125/468] negro_prieto... ✅
  [ 126/468] negro_retinto... ✅
  [ 127/468] negro_tanco... ✅
  [ 128/468] negroide... ✅
  [ 129/468] negrolo,_la... ✅
  [ 130/468] neja... ✅
  [ 131/468] nekera... ✅
  [ 132/468] nemoscá... ✅
  [ 133/468] nena... ✅
  [ 134/468] nene... ✅
  [ 135/468] nenguno,_na... ✅
  [ 136/468] neordia... ✅
  [ 137/468] neorican... ✅
  [ 138/468] neorriqueño... ✅
  [ 139/468] neoyorican... ✅
  [ 140/468] nequén... ✅
  [ 141/468] nerd... ✅
  [ 142/468] nerdo,_da... ✅
  [ 143/468] ners... ✅
  [ 144/468] nerseri... ✅
  [ 145/468] nersería... ✅
  [ 146/468] nesti... ✅
  [ 147/468] network... ✅
  [ 148/468] networking... ✅
  [ 149/468] neura... ✅
  [ 150/468] neuralgia... ✅
  [ 151/468] neutro... ✅
  [ 152/468] nevado... ✅
  [ 153/468] nevera... ✅
  [ 154/468] new-metal... ✅
  [ 155/468] new_born... ✅
  [ 156/468] new_castle... ✅
  [ 157/468] new_metal... ✅
  [ 158/468] new_wave... ✅
  [ 159/468] newborn... ✅
  [ 160/468] newsgroup... ✅
  [ 161/468] newton... ✅
  [ 162/468] newyorican... ✅
  [ 163/468] newyorkino,_na... ✅
  [ 164/468] newyorquino,_na... ✅
  [ 165/468] nfl... ✅
  [ 166/468] ni_a_cañón_rayado... ✅
  [ 167/468] ni_a_changazos... ✅
  [ 168/468] ni_a_dos_tirones... ✅
  [ 169/468] ni_chicha_ni_limoná... ✅
  [ 170/468] ni_con_los_guardias... ✅
  [ 171/468] ni_de_chiste... ✅
  [ 172/468] ni_de_encargo... ✅
  [ 173/468] ni_de_ñapa... ✅
  [ 174/468] ni_el_humo... ✅
  [ 175/468] ni_el_médico_chino... ✅
  [ 176/468] ni_el_médico_chino_lo_acaba... ✅
  [ 177/468] ni_el_perro_le_entra... ✅
  [ 178/468] ni_güele_ni_jié... ✅
  [ 179/468] ni_hecho_chivo... ✅
  [ 180/468] ni_ji... ✅
  [ 181/468] ni_ji_ni_ja... ✅
  [ 182/468] ni_jota... ✅
  [ 183/468] ni_modo... ✅
  [ 184/468] ni_muerto_ni_vivo... ✅
  [ 185/468] ni_muy_muy_ni_tan_tan... ✅
  [ 186/468] ni_papa... ✅
  [ 187/468] ni_para_café_y_azúcar... ✅
  [ 188/468] ni_para_el_carajo... ✅
  [ 189/468] ni_para_vestir_santos... ✅
  [ 190/468] ni_parientes_ni_dolientes... ✅
  [ 191/468] ni_pelota... ✅
  [ 192/468] ni_picado... ✅
  [ 193/468] ni_por_pancho_andino... ✅
  [ 194/468] ni_por_pienso... ✅
  [ 195/468] ni_raspa... ✅
  [ 196/468] ni_san_ciriaco... ✅
  [ 197/468] ni_se_ocupe... ✅
  [ 198/468] ni_tanto... ✅
  [ 199/468] ni_tonto_ni_perezoso... ✅
  [ 200/468] nianti... ✅
  [ 201/468] nice... ✅
  [ 202/468] niche... ✅
  [ 203/468] nicho... ✅
  [ 204/468] nickel... ✅
  [ 205/468] nickname... ✅
  [ 206/468] nicola... ✅
  [ 207/468] nidal... ✅
  [ 208/468] nido_de_comején... ✅
  [ 209/468] nido_de_gallina... ✅
  [ 210/468] nido_de_gungulén... ✅
  [ 211/468] nido_de_trampa... ✅
  [ 212/468] nido_trampa... ✅
  [ 213/468] nieve... ✅
  [ 214/468] nifear... ✅
  [ 215/468] night_club... ✅
  [ 216/468] night_letter... ✅
  [ 217/468] nigua... ✅
  [ 218/468] nigua_de_playa... ✅
  [ 219/468] nigua_enredadera... ✅
  [ 220/468] nigüero... ✅
  [ 221/468] nigüita... ✅
  [ 222/468] nihuche... ✅
  [ 223/468] niky... ✅
  [ 224/468] nilón... ✅
  [ 225/468] nimio,_mia... ✅
  [ 226/468] ninaniná... ✅
  [ 227/468] ninfa,_fo... ✅
  [ 228/468] ningún_loco_come_candela... ✅
  [ 229/468] niquido,_da... ✅
  [ 230/468] nitayno... ✅
  [ 231/468] nitaíno... ✅
  [ 232/468] nitidez... ✅
  [ 233/468] nitidón... ✅
  [ 234/468] nitíbidi... ✅
  [ 235/468] niupre... ✅
  [ 236/468] niuyorican... ✅
  [ 237/468] niuyorquino,_na... ✅
  [ 238/468] niña_bonita... ✅
  [ 239/468] niño... ✅
  [ 240/468] niño_bolero... ✅
  [ 241/468] niño_escucha... ✅
  [ 242/468] niño_fosa... ✅
  [ 243/468] nje... ✅
  [ 244/468] njú... ✅
  [ 245/468] no_acordarse_de_santa_bárbara_sino_cuando_truena... ✅
  [ 246/468] no_aparecer_ni_en_los_centros_espiritistas... ✅
  [ 247/468] no_apearle_años_ni_san_ciriaco... ✅
  [ 248/468] no_apeársela... ✅
  [ 249/468] no_arrugues,_que_no_hay_quien_planche... ✅
  [ 250/468] no_bajar_la_nota... ✅
  [ 251/468] no_caberle_por_la_boca_a_alguien... ✅
  [ 252/468] no_calentarse_con_brusca... ✅
  [ 253/468] no_cargar_estilla... ✅
  [ 254/468] no_casarse_con_nadie... ✅
  [ 255/468] no_chavar_la_pita... ✅
  [ 256/468] no_comer_cuentos... ✅
  [ 257/468] no_comer_miedo... ✅
  [ 258/468] no_comerse_algo_con_melao... ✅
  [ 259/468] no_comerse_una_cosa_con_melao... ✅
  [ 260/468] no_creer_en_velorios... ✅
  [ 261/468] no_creer_ni_en_la_luz_eléctrica... ✅
  [ 262/468] no_criarse_con_leche_pedida... ✅
  [ 263/468] no_cruzar_el_puente_antes_de_llegar_a_él... ✅
  [ 264/468] no_culpable... ✅
  [ 265/468] no_dar_chance... ✅
  [ 266/468] no_dar_ni_el_medio... ✅
  [ 267/468] no_dar_paso_ni_por_las_guabas... ✅
  [ 268/468] no_dar_un_tajo... ✅
  [ 269/468] no_darse_de_pancho_andino... ✅
  [ 270/468] no_darse_un_guanime_por_algo... ✅
  [ 271/468] no_decir_ni_ají... ✅
  [ 272/468] no_decir_ni_ji... ✅
  [ 273/468] no_decir_ni_por_ahí_te_pudras... ✅
  [ 274/468] no_dejar_camino_por_vereda... ✅
  [ 275/468] no_dejar_ni_los_clavos... ✅
  [ 276/468] no_dejar_que_el_becerro_mame... ✅
  [ 277/468] no_dejarse_ver_la_pinta... ✅
  [ 278/468] no_dejársela_montar... ✅
  [ 279/468] no_doler_ni_una_uña... ✅
  [ 280/468] no_dársele_un_guanime_por_algo... ✅
  [ 281/468] no_echar_ni_humo... ✅
  [ 282/468] no_encontrar_dónde_pararse... ✅
  [ 283/468] no_entender_ni_papa... ✅
  [ 284/468] no_es_lo_mismo_jabón_que_hilo_negro... ✅
  [ 285/468] no_escapear_la_yegüita... ✅
  [ 286/468] no_escupir_la_mascadura... ✅
  [ 287/468] no_estar_en_nada... ✅
  [ 288/468] no_estar_la_magdalena_para_tafetanes... ✅
  [ 289/468] no_estar_muy_allá... ✅
  [ 290/468] no_estar_para_comer_higuillo... ✅
  [ 291/468] no_estar_para_comer_jiguillos... ✅
  [ 292/468] no_extrañar_gallera_ajena... ✅
  [ 293/468] no_ganar_ni_para_fumar... ✅
  [ 294/468] no_gastar_pólvora_en_mozambiques... ✅
  [ 295/468] no_guardar_vigilia... ✅
  [ 296/468] no_haber_bolada... ✅
  [ 297/468] no_haber_golpe... ✅
  [ 298/468] no_haber_para_nadie... ✅
  [ 299/468] no_haber_raspa_que_se_sujete... ✅
  [ 300/468] no_haber_volada_con_uno... ✅
  [ 301/468] no_halar_la_cadena... ✅
  [ 302/468] no_hay_cama_para_tanta_gente... ✅
  [ 303/468] no_hay_cráneo... ✅
  [ 304/468] no_hit_no_run... ✅
  [ 305/468] no_hitter... ✅
  [ 306/468] no_importar_un_pepino... ✅
  [ 307/468] no_importar_un_pepino_angolo... ✅
  [ 308/468] no_importar_una_papa... ✅
  [ 309/468] no_levantar_los_pies_del_suelo... ✅
  [ 310/468] no_llegar_ni_a_primera_base... ✅
  [ 311/468] no_llenar_el_coco_de_espuma... ✅
  [ 312/468] no_mojarse_ni_con_las_papas... ✅
  [ 313/468] no_mojarse_ni_con_papa... ✅
  [ 314/468] no_mojarse_ni_con_papas... ✅
  [ 315/468] no_más... ✅
  [ 316/468] no_oler_ni_las_azucenas... ✅
  [ 317/468] no_parar_ni_en_mientes... ✅
  [ 318/468] no_pararse_las_moscas_encima... ✅
  [ 319/468] no_parir_más... ✅
  [ 320/468] no_pedir_vuelta... ✅
  [ 321/468] no_pegarse_ni_bailando... ✅
  [ 322/468] no_perder_a_alguien_ni_pie_ni_pisada... ✅
  [ 323/468] no_perder_pie_ni_pisada... ✅
  [ 324/468] no_perderle_ni_pie_ni_pisada... ✅
  [ 325/468] no_perderle_ojo... ✅
  [ 326/468] no_poder_sacar_el_pescao... ✅
  [ 327/468] no_poder_sacar_la_pata... ✅
  [ 328/468] no_poner_un_pie_delante_a_uno... ✅
  [ 329/468] no_quedarse_sin_bueyes_para_arar... ✅
  [ 330/468] no_querer_puerca_a_medias... ✅
  [ 331/468] no_querer_puercas_a_medias... ✅
  [ 332/468] no_rendir_promedio... ✅
  [ 333/468] no_riegues... ✅
  [ 334/468] no_saber_cuántas_patas_tiene_el_gato... ✅
  [ 335/468] no_saber_de_la_misa_la_media... ✅
  [ 336/468] no_saber_de_letras... ✅
  [ 337/468] no_saber_dónde_aprieta_el_zapato... ✅
  [ 338/468] no_saber_dónde_está_parado... ✅
  [ 339/468] no_saber_dónde_pararse... ✅
  [ 340/468] no_saber_dónde_se_tiene_las_narices... ✅
  [ 341/468] no_saber_hacer_la_o_con_un_vaso... ✅
  [ 342/468] no_saber_lo_que_es_amor_de_gato... ✅
  [ 343/468] no_saber_ni_dónde_está_parado... ✅
  [ 344/468] no_saber_si_va_o_viene... ✅
  [ 345/468] no_saber_un_divino... ✅
  [ 346/468] no_sacar_el_pan_a_tiempo... ✅
  [ 347/468] no_sacar_los_pies_del_plato... ✅
  [ 348/468] no_salir_de_una... ✅
  [ 349/468] no_salvar_a_alguien_ni_el_guaco... ✅
  [ 350/468] no_salvar_ni_el_espíritu_santo... ✅
  [ 351/468] no_salvar_ni_el_guaco... ✅
  [ 352/468] no_salvar_ni_el_médico_brujo... ✅
  [ 353/468] no_salvar_ni_el_médico_chino... ✅
  [ 354/468] no_salvar_ni_el_ron_con_guaco... ✅
  [ 355/468] no_salvar_ni_santa_bárbara... ✅
  [ 356/468] no_ser_casco_de_coco... ✅
  [ 357/468] no_ser_cáscara_de_aguacate... ✅
  [ 358/468] no_ser_cáscara_de_coco... ✅
  [ 359/468] no_ser_de_este_tiempo... ✅
  [ 360/468] no_ser_escopeta... ✅
  [ 361/468] no_ser_muy_allá... ✅
  [ 362/468] no_ser_más_bestia_por_falta_de_vitaminas... ✅
  [ 363/468] no_ser_ningún_billete_de_cien_pesos... ✅
  [ 364/468] no_ser_palo_que_da_tres_yugos... ✅
  [ 365/468] no_ser_pan_de_piquito... ✅
  [ 366/468] no_ser_pariente_ni_doliente_de_otro... ✅
  [ 367/468] no_ser_pellizco_de_ñoco... ✅
  [ 368/468] no_ser_pelo_de_puerco... ✅
  [ 369/468] no_ser_un_pellizco_de_ñoco... ✅
  [ 370/468] no_soltarse_ni_en_las_curvas... ✅
  [ 371/468] no_sufrir_calenturas_ajenas... ✅
  [ 372/468] no_te_vistas,_que_no_vas... ✅
  [ 373/468] no_tener_comida_en_la_calle... ✅
  [ 374/468] no_tener_madre... ✅
  [ 375/468] no_tener_miaja... ✅
  [ 376/468] no_tener_mijaga... ✅
  [ 377/468] no_tener_moho... ✅
  [ 378/468] no_tener_pepitas_en_la_lengua... ✅
  [ 379/468] no_tener_pie_ni_cabeza... ✅
  [ 380/468] no_tener_sangre... ✅
  [ 381/468] no_todos_los_matos_son_coloraos... ✅
  [ 382/468] no_valer_un_níquel... ✅
  [ 383/468] no_ver_la_tajada... ✅
  [ 384/468] no_ver_la_tostada_a_algo... ✅
  [ 385/468] no_ver_ni_el_camino... ✅
  [ 386/468] no_vestirse_que_no_va... ✅
  [ 387/468] no_vidente... ✅
  [ 388/468] no_zafarse... ✅
  [ 389/468] no_¿verdá?... ✅
  [ 390/468] nocao... ✅
  [ 391/468] nocaut... ✅
  [ 392/468] noche_de_escurana... ✅
  [ 393/468] nochecita... ✅
  [ 394/468] nodo... ✅
  [ 395/468] nogal... ✅
  [ 396/468] nombrar... ✅
  [ 397/468] nominación... ✅
  [ 398/468] nominar... ✅
  [ 399/468] nompiao,_piá... ✅
  [ 400/468] non-smoking... ✅
  [ 401/468] noni... ✅
  [ 402/468] nopal... ✅
  [ 403/468] noqueado,_da... ✅
  [ 404/468] noquear... ✅
  [ 405/468] noria... ✅
  [ 406/468] noriega... ✅
  [ 407/468] normar... ✅
  [ 408/468] norsa... ✅
  [ 409/468] nortazo... ✅
  [ 410/468] norte... ✅
  [ 411/468] norte_franco... ✅
  [ 412/468] nortear... ✅
  [ 413/468] nortecito... ✅
  [ 414/468] nose... ✅
  [ 415/468] nose_pads... ✅
  [ 416/468] nota... ✅
  [ 417/468] notarizar... ✅
  [ 418/468] notepad... ✅
  [ 419/468] noticia_fatula... ✅
  [ 420/468] noticiero... ✅
  [ 421/468] notición... ✅
  [ 422/468] novedoso,_sa... ✅
  [ 423/468] novelear... ✅
  [ 424/468] novelerear... ✅
  [ 425/468] noveleriar... ✅
  [ 426/468] novelero,_ra... ✅
  [ 427/468] novelería... ✅
  [ 428/468] novia... ✅
  [ 429/468] noviaje... ✅
  [ 430/468] novillo... ✅
  [ 431/468] nows... ✅
  [ 432/468] nu_metal... ✅
  [ 433/468] nubaga... ✅
  [ 434/468] nubes... ✅
  [ 435/468] nublado... ✅
  [ 436/468] nublarse... ✅
  [ 437/468] nublazón... ✅
  [ 438/468] nublina... ✅
  [ 439/468] nubloso... ✅
  [ 440/468] nudillo... ✅
  [ 441/468] nudo... ✅
  [ 442/468] nueva... ✅
  [ 443/468] nueve_ceros... ✅
  [ 444/468] nuevo,_va... ✅
  [ 445/468] nuevo_de_paquete... ✅
  [ 446/468] nuevo_rico... ✅
  [ 447/468] nuez... ✅
  [ 448/468] nuez_moscada_cimarrona... ✅
  [ 449/468] nuez_moscada_del_país... ✅
  [ 450/468] nuez_moscada_macho... ✅
  [ 451/468] nugget... ✅
  [ 452/468] nulificar... ✅
  [ 453/468] nunca_por_siempre... ✅
  [ 454/468] nurse... ✅
  [ 455/468] nurse_practitioner... ✅
  [ 456/468] nursery... ✅
  [ 457/468] nursing_home... ✅
  [ 458/468] nutriente... ✅
  [ 459/468] nuyorican... ✅
  [ 460/468] nylon... ✅
  [ 461/468] nánichi... ✅
  [ 462/468] nébula... ✅
  [ 463/468] níquel... ✅
  [ 464/468] níspero... ✅
  [ 465/468] nítido,_da... ✅
  [ 466/468] nítido_clean... ✅
  [ 467/468] nítido_talao... ✅
  [ 468/468] número... ✅

================================================================================
CONSOLIDATION COMPLETE
================================================================================
  Letter:        N
  Processed:     468
  Failed:        0
  Output folder: /Users/andrewcasanova/Documents/data_science_projects/ai_projects/TESORO_BORICUA/webscrape/data/preprocessed_tesoro_v2/n


================================================================================
CONSOLIDATING LETTER 'O' - 225 words
================================================================================

  [   1/225] o_te_peinas_o_te_haces_moñitos... ✅
  [   2/225] o_te_peinas_o_te_haces_papelillo(s)... ✅
  [   3/225] o_te_peinas_o_te_haces_rolos... ✅
  [   4/225] oatíbili... ✅
  [   5/225] oatílibi... ✅
  [   6/225] oberol... ✅
  [   7/225] objetor,_ra... ✅
  [   8/225] objetor_por_conciencia... ✅
  [   9/225] objetor_por_convicción... ✅
  [  10/225] oblea... ✅
  [  11/225] obra_muerta... ✅
  [  12/225] obrero_de_la_caña... ✅
  [  13/225] obrero_de_la_construcción... ✅
  [  14/225] obrero_diestro... ✅
  [  15/225] ocarse... ✅
  [  16/225] ocean_front... ✅
  [  17/225] ocean_view... ✅
  [  18/225] oconuco... ✅
  [  19/225] octava... ✅
  [  20/225] octavita... ✅
  [  21/225] of_course... ✅
  [  22/225] ofensa... ✅
  [  23/225] ofensiva... ✅
  [  24/225] off-line... ✅
  [  25/225] off-set... ✅
  [  26/225] off-setting... ✅
  [  27/225] off-shore... ✅
  [  28/225] off_label... ✅
  [  29/225] off_line... ✅
  [  30/225] off_set... ✅
  [  31/225] off_side... ✅
  [  32/225] off_the_record... ✅
  [  33/225] off_the_shoulder... ✅
  [  34/225] off_white... ✅
  [  35/225] office_supply... ✅
  [  36/225] offset... ✅
  [  37/225] offshore... ✅
  [  38/225] offside... ✅
  [  39/225] oficial... ✅
  [  40/225] oficina... ✅
  [  41/225] oficio... ✅
  [  42/225] ojanco... ✅
  [  43/225] ojera... ✅
  [  44/225] ojo... ✅
  [  45/225] ojo_de_agua... ✅
  [  46/225] ojo_de_buey... ✅
  [  47/225] ojo_de_gacho... ✅
  [  48/225] ojo_de_águila... ✅
  [  49/225] ojo_lubio... ✅
  [  50/225] ojo_maraca... ✅
  [  51/225] ojo_pelao... ✅
  [  52/225] ojo_sin_fondo... ✅
  [  53/225] ojo_vago... ✅
  [  54/225] ojobuey... ✅
  [  55/225] ojos_de_buruquena... ✅
  [  56/225] ojos_de_vaca_cagona... ✅
  [  57/225] ojoto... ✅
  [  58/225] ojón,_na... ✅
  [  59/225] ojón... ✅
  [  60/225] okay... ✅
  [  61/225] okey... ✅
  [  62/225] oki_doki... ✅
  [  63/225] okidoki... ✅
  [  64/225] oká... ✅
  [  65/225] ola... ✅
  [  66/225] ola_alta... ✅
  [  67/225] ola_grande... ✅
  [  68/225] ola_que_rompe... ✅
  [  69/225] olaga... ✅
  [  70/225] olaje... ✅
  [  71/225] old-fashioned... ✅
  [  72/225] old_fashion... ✅
  [  73/225] old_fashioned... ✅
  [  74/225] oler_a_cebolla... ✅
  [  75/225] oler_a_peje_maruca... ✅
  [  76/225] oler_a_puta... ✅
  [  77/225] oler_las_enaguas... ✅
  [  78/225] olfateada... ✅
  [  79/225] olivo... ✅
  [  80/225] olla... ✅
  [  81/225] olla_arrocera... ✅
  [  82/225] olla_de_presión... ✅
  [  83/225] ollón... ✅
  [  84/225] olpre... ✅
  [  85/225] olérselas... ✅
  [  86/225] olímpico,_ca... ✅
  [  87/225] ombriguera... ✅
  [  88/225] ombudsman... ✅
  [  89/225] on_call... ✅
  [  90/225] on_demand... ✅
  [  91/225] on_duty... ✅
  [  92/225] on_line... ✅
  [  93/225] on_schedule... ✅
  [  94/225] on_the_record... ✅
  [  95/225] on_the_rocks... ✅
  [  96/225] onda_tropical... ✅
  [  97/225] onde... ✅
  [  98/225] one-way... ✅
  [  99/225] one_way... ✅
  [ 100/225] online... ✅
  [ 101/225] online_shopping... ✅
  [ 102/225] onque... ✅
  [ 103/225] onza... ✅
  [ 104/225] opacado,_da... ✅
  [ 105/225] opacar... ✅
  [ 106/225] opcional... ✅
  [ 107/225] oped... ✅
  [ 108/225] open-minded... ✅
  [ 109/225] open... ✅
  [ 110/225] open_house... ✅
  [ 111/225] open_minded... ✅
  [ 112/225] open_source... ✅
  [ 113/225] opening... ✅
  [ 114/225] operación... ✅
  [ 115/225] operador... ✅
  [ 116/225] operador_de_centrífuga... ✅
  [ 117/225] operador_de_cristalizadora... ✅
  [ 118/225] operador_de_mesa... ✅
  [ 119/225] operador_de_molino... ✅
  [ 120/225] operador_de_noria... ✅
  [ 121/225] operador_turístico... ✅
  [ 122/225] operancia... ✅
  [ 123/225] operativo... ✅
  [ 124/225] operito... ✅
  [ 125/225] operático,_ca... ✅
  [ 126/225] opia... ✅
  [ 127/225] opoye... ✅
  [ 128/225] optimizar... ✅
  [ 129/225] opulencia... ✅
  [ 130/225] oquidoqui... ✅
  [ 131/225] ora... ✅
  [ 132/225] oral_report... ✅
  [ 133/225] orden... ✅
  [ 134/225] orden_de_cateo... ✅
  [ 135/225] orden_de_compra... ✅
  [ 136/225] orden_de_mercado... ✅
  [ 137/225] orden_de_pelea... ✅
  [ 138/225] orden_de_pluma... ✅
  [ 139/225] ordenar... ✅
  [ 140/225] ordeñadero... ✅
  [ 141/225] ordeñar... ✅
  [ 142/225] oreado... ✅
  [ 143/225] oreganillo... ✅
  [ 144/225] oreja... ✅
  [ 145/225] oreja_de_brujo... ✅
  [ 146/225] oreja_de_diablo... ✅
  [ 147/225] oreja_de_palo... ✅
  [ 148/225] oreja_de_palo_viejo... ✅
  [ 149/225] orejear... ✅
  [ 150/225] orejero,_ra... ✅
  [ 151/225] orejiblanco... ✅
  [ 152/225] orejita... ✅
  [ 153/225] orejón,_na... ✅
  [ 154/225] orejón... ✅
  [ 155/225] orfanatorio... ✅
  [ 156/225] organización_no_gubernamental... ✅
  [ 157/225] orgásmico,_ca... ✅
  [ 158/225] oribo... ✅
  [ 159/225] orilla... ✅
  [ 160/225] orilla_de_arena... ✅
  [ 161/225] orilla_de_piedra... ✅
  [ 162/225] orilla_de_roca... ✅
  [ 163/225] orillar... ✅
  [ 164/225] orillera... ✅
  [ 165/225] orillero... ✅
  [ 166/225] orita... ✅
  [ 167/225] orocoveño,_ña... ✅
  [ 168/225] orozús... ✅
  [ 169/225] orquetilla... ✅
  [ 170/225] orquillero... ✅
  [ 171/225] ortegón... ✅
  [ 172/225] oruga... ✅
  [ 173/225] orutar... ✅
  [ 174/225] orza... ✅
  [ 175/225] orzar... ✅
  [ 176/225] orégano... ✅
  [ 177/225] oscular... ✅
  [ 178/225] oscurecer... ✅
  [ 179/225] osería... ✅
  [ 180/225] oso... ✅
  [ 181/225] oso_blanco... ✅
  [ 182/225] osterizer... ✅
  [ 183/225] ostión... ✅
  [ 184/225] ostión_de_mangle... ✅
  [ 185/225] ostrero... ✅
  [ 186/225] osúa... ✅
  [ 187/225] otomana... ✅
  [ 188/225] otomano... ✅
  [ 189/225] otorgación... ✅
  [ 190/225] otorgar... ✅
  [ 191/225] ouatelibi... ✅
  [ 192/225] out... ✅
  [ 193/225] out_board... ✅
  [ 194/225] out_forzado... ✅
  [ 195/225] outfield... ✅
  [ 196/225] outfielder... ✅
  [ 197/225] outlet... ✅
  [ 198/225] output... ✅
  [ 199/225] outside... ✅
  [ 200/225] outsourcing... ✅
  [ 201/225] outstanding... ✅
  [ 202/225] oveja_de_chivo... ✅
  [ 203/225] oveja_de_enjambre... ✅
  [ 204/225] oveja_de_miel... ✅
  [ 205/225] ovejito... ✅
  [ 206/225] ovejo... ✅
  [ 207/225] ovejuno,_na... ✅
  [ 208/225] over_the_counter... ✅
  [ 209/225] overall... ✅
  [ 210/225] overalls... ✅
  [ 211/225] overbooking... ✅
  [ 212/225] overdose... ✅
  [ 213/225] overdós... ✅
  [ 214/225] overdú... ✅
  [ 215/225] overhaul... ✅
  [ 216/225] overhead_(projector)... ✅
  [ 217/225] overnight... ✅
  [ 218/225] overol... ✅
  [ 219/225] overoles... ✅
  [ 220/225] overseas... ✅
  [ 221/225] oversize... ✅
  [ 222/225] overtime... ✅
  [ 223/225] overweight... ✅
  [ 224/225] ovni... ✅
  [ 225/225] oxidarse... ✅

================================================================================
CONSOLIDATION COMPLETE
================================================================================
  Letter:        O
  Processed:     225
  Failed:        0
  Output folder: /Users/andrewcasanova/Documents/data_science_projects/ai_projects/TESORO_BORICUA/webscrape/data/preprocessed_tesoro_v2/o


================================================================================
CONSOLIDATING LETTER 'P' - 2448 words
================================================================================

  [   1/2448] p.m.... ✅
  [   2/2448] p.o._box... ✅
  [   3/2448] pa... ✅
  [   4/2448] pabellón... ✅
  [   5/2448] pabilo... ✅
  [   6/2448] paca... ✅
  [   7/2448] pachanga... ✅
  [   8/2448] pachangada... ✅
  [   9/2448] pachanguear... ✅
  [  10/2448] pachanguero,_ra... ✅
  [  11/2448] pachangá... ✅
  [  12/2448] pachangón... ✅
  [  13/2448] pacholí... ✅
  [  14/2448] pachorrada... ✅
  [  15/2448] pachorro,_rra... ✅
  [  16/2448] pachoso,_sa... ✅
  [  17/2448] pachotada... ✅
  [  18/2448] pachuco,_ca... ✅
  [  19/2448] pachá... ✅
  [  20/2448] pachó... ✅
  [  21/2448] paciente_terminal... ✅
  [  22/2448] pacificador... ✅
  [  23/2448] package... ✅
  [  24/2448] packet... ✅
  [  25/2448] paco... ✅
  [  26/2448] pacota... ✅
  [  27/2448] pacotilla... ✅
  [  28/2448] pacú... ✅
  [  29/2448] pad... ✅
  [  30/2448] pad_de_freno... ✅
  [  31/2448] paddle_ball... ✅
  [  32/2448] padecencia... ✅
  [  33/2448] padecer_del_codito... ✅
  [  34/2448] padrastro... ✅
  [  35/2448] padre... ✅
  [  36/2448] padre_de_agrego... ✅
  [  37/2448] padrejón... ✅
  [  38/2448] padrino... ✅
  [  39/2448] padrote... ✅
  [  40/2448] padrón... ✅
  [  41/2448] paga... ✅
  [  42/2448] paganini... ✅
  [  43/2448] pagano,_na... ✅
  [  44/2448] pagar_cuando_llueva... ✅
  [  45/2448] pagar_el_noviciado... ✅
  [  46/2448] pagar_las_habas_que_se_comió_el_burro... ✅
  [  47/2448] pagayo... ✅
  [  48/2448] page... ✅
  [  49/2448] pages... ✅
  [  50/2448] paging_(service)... ✅
  [  51/2448] pago,_ga... ✅
  [  52/2448] paguala... ✅
  [  53/2448] pai... ✅
  [  54/2448] paila... ✅
  [  55/2448] paile... ✅
  [  56/2448] pailero... ✅
  [  57/2448] paisa... ✅
  [  58/2448] paja... ✅
  [  59/2448] paja_blanca... ✅
  [  60/2448] paja_de_tigüero... ✅
  [  61/2448] pajarear... ✅
  [  62/2448] pajarero,_ra... ✅
  [  63/2448] pajarilla... ✅
  [  64/2448] pajarita... ✅
  [  65/2448] pajarito... ✅
  [  66/2448] pajarota... ✅
  [  67/2448] pajarraco,_ca... ✅
  [  68/2448] pajero,_ra... ✅
  [  69/2448] pajilla... ✅
  [  70/2448] pajita... ✅
  [  71/2448] pajitas_que_le_caen_a_la_leche... ✅
  [  72/2448] pajonal... ✅
  [  73/2448] pajoso,_sa... ✅
  [  74/2448] pajuato,_ta... ✅
  [  75/2448] pajuela... ✅
  [  76/2448] pajuil... ✅
  [  77/2448] pajuncia... ✅
  [  78/2448] pajuy... ✅
  [  79/2448] pal... ✅
  [  80/2448] pal_de... ✅
  [  81/2448] pala... ✅
  [  82/2448] pala_de_botar... ✅
  [  83/2448] pala_de_bote... ✅
  [  84/2448] pala_de_cortar... ✅
  [  85/2448] pala_de_corte... ✅
  [  86/2448] pala_del_machete... ✅
  [  87/2448] pala_tenedor... ✅
  [  88/2448] palabra... ✅
  [  89/2448] palabra_de_domingo... ✅
  [  90/2448] palabra_de_hombre... ✅
  [  91/2448] palabra_dominguera... ✅
  [  92/2448] palabras_sacan_palabras... ✅
  [  93/2448] palabrera... ✅
  [  94/2448] palabrero,_ra... ✅
  [  95/2448] palabrón... ✅
  [  96/2448] palafrenero,_ra... ✅
  [  97/2448] palaguala... ✅
  [  98/2448] palaguda... ✅
  [  99/2448] palal... ✅
  [ 100/2448] palanca... ✅
  [ 101/2448] palancú... ✅
  [ 102/2448] palandre... ✅
  [ 103/2448] palangre... ✅
  [ 104/2448] palanquear... ✅
  [ 105/2448] palanqueta... ✅
  [ 106/2448] palazo... ✅
  [ 107/2448] palaústre... ✅
  [ 108/2448] paleado,_da... ✅
  [ 109/2448] paleador,_ra... ✅
  [ 110/2448] palear... ✅
  [ 111/2448] palenque... ✅
  [ 112/2448] paleo... ✅
  [ 113/2448] palero,_ra... ✅
  [ 114/2448] palero... ✅
  [ 115/2448] paleta... ✅
  [ 116/2448] paleta_de_pintor... ✅
  [ 117/2448] paletaria... ✅
  [ 118/2448] paletazo... ✅
  [ 119/2448] palillero,_ra... ✅
  [ 120/2448] palillo... ✅
  [ 121/2448] paliquear... ✅
  [ 122/2448] paliqueo... ✅
  [ 123/2448] palistroque... ✅
  [ 124/2448] palito... ✅
  [ 125/2448] palitroque... ✅
  [ 126/2448] palma... ✅
  [ 127/2448] palma_de_coco... ✅
  [ 128/2448] palma_de_coquito... ✅
  [ 129/2448] palma_de_corozo... ✅
  [ 130/2448] palma_de_costa... ✅
  [ 131/2448] palma_de_grana... ✅
  [ 132/2448] palma_de_guano... ✅
  [ 133/2448] palma_de_lluvia... ✅
  [ 134/2448] palma_de_mansa... ✅
  [ 135/2448] palma_de_palmilla... ✅
  [ 136/2448] palma_de_sierra... ✅
  [ 137/2448] palma_de_sombrero... ✅
  [ 138/2448] palma_de_yagua... ✅
  [ 139/2448] palma_doncella... ✅
  [ 140/2448] palma_manaca... ✅
  [ 141/2448] palma_mansa... ✅
  [ 142/2448] palma_real... ✅
  [ 143/2448] palmera... ✅
  [ 144/2448] palmiche... ✅
  [ 145/2448] palmilla... ✅
  [ 146/2448] palmillo... ✅
  [ 147/2448] palmista... ✅
  [ 148/2448] palmitoria... ✅
  [ 149/2448] palmolive... ✅
  [ 150/2448] palo... ✅
  [ 151/2448] palo_aceituno... ✅
  [ 152/2448] palo_ajilao... ✅
  [ 153/2448] palo_amargo... ✅
  [ 154/2448] palo_blanco... ✅
  [ 155/2448] palo_bobo... ✅
  [ 156/2448] palo_brasil... ✅
  [ 157/2448] palo_bronco... ✅
  [ 158/2448] palo_cachimba... ✅
  [ 159/2448] palo_cachimbo... ✅
  [ 160/2448] palo_cahimbo... ✅
  [ 161/2448] palo_campeche... ✅
  [ 162/2448] palo_canela... ✅
  [ 163/2448] palo_colorado... ✅
  [ 164/2448] palo_de_aceite... ✅
  [ 165/2448] palo_de_aceituna... ✅
  [ 166/2448] palo_de_anastasio... ✅
  [ 167/2448] palo_de_bandera... ✅
  [ 168/2448] palo_de_bollo... ✅
  [ 169/2448] palo_de_cabra... ✅
  [ 170/2448] palo_de_cabrilla... ✅
  [ 171/2448] palo_de_cachimba... ✅
  [ 172/2448] palo_de_cachimbo... ✅
  [ 173/2448] palo_de_cachumba... ✅
  [ 174/2448] palo_de_cagar... ✅
  [ 175/2448] palo_de_chinas... ✅
  [ 176/2448] palo_de_cotorra... ✅
  [ 177/2448] palo_de_cruz... ✅
  [ 178/2448] palo_de_cucubano... ✅
  [ 179/2448] palo_de_dajao... ✅
  [ 180/2448] palo_de_gallina... ✅
  [ 181/2448] palo_de_garrocha... ✅
  [ 182/2448] palo_de_guano... ✅
  [ 183/2448] palo_de_guanábana... ✅
  [ 184/2448] palo_de_guayaba... ✅
  [ 185/2448] palo_de_guitarra... ✅
  [ 186/2448] palo_de_hierro... ✅
  [ 187/2448] palo_de_hilo... ✅
  [ 188/2448] palo_de_hoz... ✅
  [ 189/2448] palo_de_hueso... ✅
  [ 190/2448] palo_de_huevo... ✅
  [ 191/2448] palo_de_incienso... ✅
  [ 192/2448] palo_de_indias... ✅
  [ 193/2448] palo_de_jaqueca... ✅
  [ 194/2448] palo_de_jazmín... ✅
  [ 195/2448] palo_de_la_vela... ✅
  [ 196/2448] palo_de_leche... ✅
  [ 197/2448] palo_de_lechosa... ✅
  [ 198/2448] palo_de_limón... ✅
  [ 199/2448] palo_de_mabí... ✅
  [ 200/2448] palo_de_mamey... ✅
  [ 201/2448] palo_de_mangó... ✅
  [ 202/2448] palo_de_maría... ✅
  [ 203/2448] palo_de_mato... ✅
  [ 204/2448] palo_de_matos... ✅
  [ 205/2448] palo_de_millo... ✅
  [ 206/2448] palo_de_muñeco... ✅
  [ 207/2448] palo_de_naranja... ✅
  [ 208/2448] palo_de_oreja... ✅
  [ 209/2448] palo_de_pan... ✅
  [ 210/2448] palo_de_pan_cimarrón... ✅
  [ 211/2448] palo_de_pana_de_pepita... ✅
  [ 212/2448] palo_de_panapén... ✅
  [ 213/2448] palo_de_papaya... ✅
  [ 214/2448] palo_de_perico... ✅
  [ 215/2448] palo_de_pollo... ✅
  [ 216/2448] palo_de_pollo_negro... ✅
  [ 217/2448] palo_de_quenepa... ✅
  [ 218/2448] palo_de_quina... ✅
  [ 219/2448] palo_de_rayo... ✅
  [ 220/2448] palo_de_santa_maría... ✅
  [ 221/2448] palo_de_toro... ✅
  [ 222/2448] palo_de_tortuga... ✅
  [ 223/2448] palo_de_vaca... ✅
  [ 224/2448] palo_de_violeta... ✅
  [ 225/2448] palo_enganchao... ✅
  [ 226/2448] palo_ensebado... ✅
  [ 227/2448] palo_escambrón... ✅
  [ 228/2448] palo_hediondo... ✅
  [ 229/2448] palo_hongueado... ✅
  [ 230/2448] palo_hueso... ✅
  [ 231/2448] palo_jabón... ✅
  [ 232/2448] palo_llorón... ✅
  [ 233/2448] palo_maría... ✅
  [ 234/2448] palo_muñeca... ✅
  [ 235/2448] palo_muñeco... ✅
  [ 236/2448] palo_pollo... ✅
  [ 237/2448] palo_ramón... ✅
  [ 238/2448] palo_ratón... ✅
  [ 239/2448] palo_rubio... ✅
  [ 240/2448] palo_santo... ✅
  [ 241/2448] palo_seco... ✅
  [ 242/2448] palo_toro... ✅
  [ 243/2448] paloma... ✅
  [ 244/2448] paloma_cardosantera... ✅
  [ 245/2448] paloma_collarina... ✅
  [ 246/2448] paloma_sabanera... ✅
  [ 247/2448] paloma_torcaz... ✅
  [ 248/2448] paloma_turca... ✅
  [ 249/2448] palomar... ✅
  [ 250/2448] palometa... ✅
  [ 251/2448] palomilla... ✅
  [ 252/2448] palomino,_na... ✅
  [ 253/2448] palomita_de_la_virgen... ✅
  [ 254/2448] palomo... ✅
  [ 255/2448] palote... ✅
  [ 256/2448] palulo,_la... ✅
  [ 257/2448] pama... ✅
  [ 258/2448] pambiche... ✅
  [ 259/2448] pamemo,_ma... ✅
  [ 260/2448] pamfleto... ✅
  [ 261/2448] pammarote... ✅
  [ 262/2448] pampa... ✅
  [ 263/2448] pampanillo... ✅
  [ 264/2448] pamper... ✅
  [ 265/2448] pamperito... ✅
  [ 266/2448] pamperito_de_rabo_cuadrado... ✅
  [ 267/2448] pampero... ✅
  [ 268/2448] pampers... ✅
  [ 269/2448] pamplonudo,_da... ✅
  [ 270/2448] pamplón,_na... ✅
  [ 271/2448] pan_caliente... ✅
  [ 272/2448] pan_criollo... ✅
  [ 273/2448] pan_de_abeja... ✅
  [ 274/2448] pan_de_agua... ✅
  [ 275/2448] pan_de_azúcar... ✅
  [ 276/2448] pan_de_comején... ✅
  [ 277/2448] pan_de_dios... ✅
  [ 278/2448] pan_de_huevo... ✅
  [ 279/2448] pan_de_mallorca... ✅
  [ 280/2448] pan_de_pobres... ✅
  [ 281/2448] pan_de_yuca... ✅
  [ 282/2448] pan_dulce... ✅
  [ 283/2448] pan_especial... ✅
  [ 284/2448] pan_francés... ✅
  [ 285/2448] pan_fresco... ✅
  [ 286/2448] pan_largo... ✅
  [ 287/2448] pan_sobao... ✅
  [ 288/2448] pana... ✅
  [ 289/2448] pana_bola... ✅
  [ 290/2448] pana_chévere... ✅
  [ 291/2448] pana_cimarrona... ✅
  [ 292/2448] pana_de_afuera... ✅
  [ 293/2448] pana_de_bola... ✅
  [ 294/2448] pana_de_granos... ✅
  [ 295/2448] pana_de_masa... ✅
  [ 296/2448] pana_de_pepita... ✅
  [ 297/2448] pana_de_pepitas... ✅
  [ 298/2448] pana_de_raja... ✅
  [ 299/2448] pana_de_sopa... ✅
  [ 300/2448] pana_filipina... ✅
  [ 301/2448] pana_forastera... ✅
  [ 302/2448] pana_fuerte... ✅
  [ 303/2448] pana_rubia... ✅
  [ 304/2448] panacea... ✅
  [ 305/2448] panadero,_ra... ✅
  [ 306/2448] panadizo... ✅
  [ 307/2448] panal... ✅
  [ 308/2448] panal_de_comején... ✅
  [ 309/2448] panapén... ✅
  [ 310/2448] pancake... ✅
  [ 311/2448] pancho... ✅
  [ 312/2448] pancho_lópez... ✅
  [ 313/2448] pancuco... ✅
  [ 314/2448] panda... ✅
  [ 315/2448] pandearse... ✅
  [ 316/2448] pandilla... ✅
  [ 317/2448] pando,_da... ✅
  [ 318/2448] pandorca... ✅
  [ 319/2448] pandorgo... ✅
  [ 320/2448] panear... ✅
  [ 321/2448] panel... ✅
  [ 322/2448] panel_plano... ✅
  [ 323/2448] paneta... ✅
  [ 324/2448] panetela... ✅
  [ 325/2448] paneto,_ta... ✅
  [ 326/2448] panetón... ✅
  [ 327/2448] panfleto... ✅
  [ 328/2448] pangola... ✅
  [ 329/2448] pangolo,_la... ✅
  [ 330/2448] paniaguado,_da... ✅
  [ 331/2448] paniche... ✅
  [ 332/2448] paniqueado,_da... ✅
  [ 333/2448] paniquear... ✅
  [ 334/2448] paniquearse... ✅
  [ 335/2448] paniqueo... ✅
  [ 336/2448] paniquería... ✅
  [ 337/2448] panita... ✅
  [ 338/2448] panocha... ✅
  [ 339/2448] panqueque... ✅
  [ 340/2448] panquey... ✅
  [ 341/2448] pansú... ✅
  [ 342/2448] pantaleta... ✅
  [ 343/2448] pantalla... ✅
  [ 344/2448] pantalla_chica... ✅
  [ 345/2448] pantaloncillo... ✅
  [ 346/2448] pantalones... ✅
  [ 347/2448] pantalonudo,_da... ✅
  [ 348/2448] pantalón_brincacharcos... ✅
  [ 349/2448] pantalón_de_campana... ✅
  [ 350/2448] pantera... ✅
  [ 351/2448] panterismo... ✅
  [ 352/2448] panti... ✅
  [ 353/2448] pantiliner... ✅
  [ 354/2448] pantimedias... ✅
  [ 355/2448] pantis... ✅
  [ 356/2448] pantomima... ✅
  [ 357/2448] pantry... ✅
  [ 358/2448] pantufa... ✅
  [ 359/2448] panty... ✅
  [ 360/2448] panty_hose... ✅
  [ 361/2448] panty_liner... ✅
  [ 362/2448] panty_shield... ✅
  [ 363/2448] pantyhose... ✅
  [ 364/2448] panucho... ✅
  [ 365/2448] panza... ✅
  [ 366/2448] panzona... ✅
  [ 367/2448] panín... ✅
  [ 368/2448] papa... ✅
  [ 369/2448] papacanelo... ✅
  [ 370/2448] papagayo... ✅
  [ 371/2448] paparruchada... ✅
  [ 372/2448] papasito... ✅
  [ 373/2448] papaso... ✅
  [ 374/2448] papasongo... ✅
  [ 375/2448] papaya... ✅
  [ 376/2448] papayal... ✅
  [ 377/2448] papayazo... ✅
  [ 378/2448] papayo... ✅
  [ 379/2448] papayo_hembra... ✅
  [ 380/2448] papayo_macho... ✅
  [ 381/2448] papazo... ✅
  [ 382/2448] papaína... ✅
  [ 383/2448] papear... ✅
  [ 384/2448] papel... ✅
  [ 385/2448] papel_de_argolla... ✅
  [ 386/2448] papel_de_filtro... ✅
  [ 387/2448] papel_de_pianola... ✅
  [ 388/2448] papel_encerado... ✅
  [ 389/2448] papel_manila... ✅
  [ 390/2448] papel_mojado... ✅
  [ 391/2448] papel_picado... ✅
  [ 392/2448] papel_sanitario... ✅
  [ 393/2448] papel_tissue... ✅
  [ 394/2448] papel_toalla... ✅
  [ 395/2448] papel_y_medio... ✅
  [ 396/2448] papelazo... ✅
  [ 397/2448] papelero,_ra... ✅
  [ 398/2448] papelería... ✅
  [ 399/2448] papelerío... ✅
  [ 400/2448] papeleta... ✅
  [ 401/2448] papelillo... ✅
  [ 402/2448] papelista... ✅
  [ 403/2448] papelito_habla... ✅
  [ 404/2448] papelón... ✅
  [ 405/2448] papeo... ✅
  [ 406/2448] paper... ✅
  [ 407/2448] papera... ✅
  [ 408/2448] paperback... ✅
  [ 409/2448] papi... ✅
  [ 410/2448] papi_chulin... ✅
  [ 411/2448] papiado... ✅
  [ 412/2448] papiamento... ✅
  [ 413/2448] papiar... ✅
  [ 414/2448] papichulin... ✅
  [ 415/2448] papichulo... ✅
  [ 416/2448] papichulín... ✅
  [ 417/2448] papisongo... ✅
  [ 418/2448] papista... ✅
  [ 419/2448] papisuqui... ✅
  [ 420/2448] papisuquin... ✅
  [ 421/2448] papisón... ✅
  [ 422/2448] papito... ✅
  [ 423/2448] papitongo... ✅
  [ 424/2448] papote... ✅
  [ 425/2448] papujo,_ja... ✅
  [ 426/2448] papá_canelo... ✅
  [ 427/2448] papá_dios... ✅
  [ 428/2448] paquete... ✅
  [ 429/2448] paquetero,_ra... ✅
  [ 430/2448] paquin... ✅
  [ 431/2448] par... ✅
  [ 432/2448] par_de... ✅
  [ 433/2448] para_atrás... ✅
  [ 434/2448] para_hacer_el_cuento_corto... ✅
  [ 435/2448] para_que_se_pierda,_que_me_haga_daño... ✅
  [ 436/2448] parabicho... ✅
  [ 437/2448] parabrisas... ✅
  [ 438/2448] paracaidista... ✅
  [ 439/2448] paracumbé... ✅
  [ 440/2448] parada... ✅
  [ 441/2448] paradero... ✅
  [ 442/2448] parado,_da... ✅
  [ 443/2448] parado... ✅
  [ 444/2448] paradocente... ✅
  [ 445/2448] parafernalia... ✅
  [ 446/2448] paraguas... ✅
  [ 447/2448] paraguayo,_ya... ✅
  [ 448/2448] paragüilla... ✅
  [ 449/2448] paragüitas... ✅
  [ 450/2448] paragüitas_de_tierra... ✅
  [ 451/2448] paragüitas_japonés... ✅
  [ 452/2448] paragüito... ✅
  [ 453/2448] paral... ✅
  [ 454/2448] paralejo... ✅
  [ 455/2448] paralís... ✅
  [ 456/2448] paralítico,_ca... ✅
  [ 457/2448] paramiento... ✅
  [ 458/2448] parantolada... ✅
  [ 459/2448] parao,_rá... ✅
  [ 460/2448] parapeto... ✅
  [ 461/2448] parar... ✅
  [ 462/2448] parar_el_caballito... ✅
  [ 463/2448] parar_el_caballo... ✅
  [ 464/2448] parar_el_carro... ✅
  [ 465/2448] parar_el_macho... ✅
  [ 466/2448] parar_el_rabo... ✅
  [ 467/2448] parar_en_seco... ✅
  [ 468/2448] parar_la_gaita... ✅
  [ 469/2448] parar_la_guajana... ✅
  [ 470/2448] parar_la_lengua... ✅
  [ 471/2448] parar_la_oreja... ✅
  [ 472/2448] parar_la_templa... ✅
  [ 473/2448] parar_las_antenas... ✅
  [ 474/2448] parar_las_patas... ✅
  [ 475/2448] pararrayo... ✅
  [ 476/2448] pararse... ✅
  [ 477/2448] pararse_en_las_patas_de_atrás... ✅
  [ 478/2448] pararse_en_pingonillas... ✅
  [ 479/2448] pararse_en_pinguinillas... ✅
  [ 480/2448] pararse_los_pelos... ✅
  [ 481/2448] paratrapo... ✅
  [ 482/2448] parcela... ✅
  [ 483/2448] parcelero,_ra... ✅
  [ 484/2448] parcha... ✅
  [ 485/2448] parcha_cimarrona... ✅
  [ 486/2448] parcha_corriente... ✅
  [ 487/2448] parcha_redonda... ✅
  [ 488/2448] parcho... ✅
  [ 489/2448] parcho_de_viento... ✅
  [ 490/2448] parchís... ✅
  [ 491/2448] parda... ✅
  [ 492/2448] pardo,_da... ✅
  [ 493/2448] pare... ✅
  [ 494/2448] parecencia... ✅
  [ 495/2448] parecer_criado_con_leche_pedida... ✅
  [ 496/2448] parecer_criao_con_leche_pedía... ✅
  [ 497/2448] parecer_que_no_rompe_un_plato... ✅
  [ 498/2448] parecer_un_juey_dormido... ✅
  [ 499/2448] parecer_un_lápiz_con_goma... ✅
  [ 500/2448] parecer_un_salpiquín... ✅
  [ 501/2448] parecer_una_cucaracha_loca... ✅
  [ 502/2448] parecer_una_guacamayo... ✅
  [ 503/2448] pared_de_fuego... ✅
  [ 504/2448] paredón... ✅
  [ 505/2448] parejero,_ra... ✅
  [ 506/2448] parejería... ✅
  [ 507/2448] parejo,_ja... ✅
  [ 508/2448] parejo... ✅
  [ 509/2448] paretaria... ✅
  [ 510/2448] pargo... ✅
  [ 511/2448] pargo_amarillo... ✅
  [ 512/2448] pargo_barato... ✅
  [ 513/2448] pargo_buena_gente... ✅
  [ 514/2448] pargo_bueno... ✅
  [ 515/2448] pargo_chipe... ✅
  [ 516/2448] pargo_colorado... ✅
  [ 517/2448] pargo_de_mucho_merenguito... ✅
  [ 518/2448] pargo_duro... ✅
  [ 519/2448] pargo_estéril... ✅
  [ 520/2448] pargo_guacinuco... ✅
  [ 521/2448] pargo_maceta... ✅
  [ 522/2448] pargo_manchego... ✅
  [ 523/2448] pargo_mulato... ✅
  [ 524/2448] pargo_prieto... ✅
  [ 525/2448] pargo_rubio... ✅
  [ 526/2448] pargo_sama... ✅
  [ 527/2448] pargo_sargo... ✅
  [ 528/2448] parguito... ✅
  [ 529/2448] paricear... ✅
  [ 530/2448] paridera... ✅
  [ 531/2448] parienta... ✅
  [ 532/2448] pariente... ✅
  [ 533/2448] parietaria... ✅
  [ 534/2448] parir... ✅
  [ 535/2448] parisear... ✅
  [ 536/2448] pariseo... ✅
  [ 537/2448] parisiar... ✅
  [ 538/2448] parison... ✅
  [ 539/2448] parisón... ✅
  [ 540/2448] paritorio... ✅
  [ 541/2448] parking... ✅
  [ 542/2448] parking_(lot)... ✅
  [ 543/2448] parking_lights... ✅
  [ 544/2448] parlante... ✅
  [ 545/2448] parlarse... ✅
  [ 546/2448] parlote... ✅
  [ 547/2448] parol... ✅
  [ 548/2448] parque_de_diversiones... ✅
  [ 549/2448] parque_de_pelota... ✅
  [ 550/2448] parque_pasivo... ✅
  [ 551/2448] parqueado,_da... ✅
  [ 552/2448] parquear... ✅
  [ 553/2448] parqueo... ✅
  [ 554/2448] parrachá... ✅
  [ 555/2448] parral... ✅
  [ 556/2448] parranda... ✅
  [ 557/2448] parraneto,_ta... ✅
  [ 558/2448] parrano,_na... ✅
  [ 559/2448] parrilla... ✅
  [ 560/2448] parroquia... ✅
  [ 561/2448] parsimonia... ✅
  [ 562/2448] parsimonioso,_sa... ✅
  [ 563/2448] part_time... ✅
  [ 564/2448] parte_llana... ✅
  [ 565/2448] parterre... ✅
  [ 566/2448] partes_privadas... ✅
  [ 567/2448] partida... ✅
  [ 568/2448] partida_de_gallos... ✅
  [ 569/2448] partido... ✅
  [ 570/2448] partidura... ✅
  [ 571/2448] partir... ✅
  [ 572/2448] partir_la_cara... ✅
  [ 573/2448] partir_un_examen... ✅
  [ 574/2448] partner... ✅
  [ 575/2448] party... ✅
  [ 576/2448] party_de_hierba... ✅
  [ 577/2448] party_de_yerba... ✅
  [ 578/2448] party_line... ✅
  [ 579/2448] party_pooper... ✅
  [ 580/2448] parva... ✅
  [ 581/2448] parvada... ✅
  [ 582/2448] parvear... ✅
  [ 583/2448] parvero,_ra... ✅
  [ 584/2448] parvulito... ✅
  [ 585/2448] pary... ✅
  [ 586/2448] parásito... ✅
  [ 587/2448] pasa... ✅
  [ 588/2448] pasada_de_piedra... ✅
  [ 589/2448] pasadero... ✅
  [ 590/2448] pasadizo... ✅
  [ 591/2448] pasado,_da... ✅
  [ 592/2448] pasado_de_años... ✅
  [ 593/2448] pasado_de_cabuya... ✅
  [ 594/2448] pasado_por_agua... ✅
  [ 595/2448] pasado_por_el_torno... ✅
  [ 596/2448] pasador... ✅
  [ 597/2448] pasadía... ✅
  [ 598/2448] pasamacho... ✅
  [ 599/2448] pasaportó... ✅
  [ 600/2448] pasar... ✅
  [ 601/2448] pasar_algo_en_el_año_de_las_guácaras... ✅
  [ 602/2448] pasar_como_amarillo_en_boca_de_vieja... ✅
  [ 603/2448] pasar_como_telegrama... ✅
  [ 604/2448] pasar_crujidos... ✅
  [ 605/2448] pasar_de_grado... ✅
  [ 606/2448] pasar_de_rolo... ✅
  [ 607/2448] pasar_el_batón... ✅
  [ 608/2448] pasar_el_chivo... ✅
  [ 609/2448] pasar_el_guante... ✅
  [ 610/2448] pasar_el_lechón_sin_que_chille... ✅
  [ 611/2448] pasar_el_machete... ✅
  [ 612/2448] pasar_el_macho... ✅
  [ 613/2448] pasar_el_mono... ✅
  [ 614/2448] pasar_el_rabo... ✅
  [ 615/2448] pasar_el_rato... ✅
  [ 616/2448] pasar_el_rolo... ✅
  [ 617/2448] pasar_el_susto_de_la_vaca... ✅
  [ 618/2448] pasar_el_taco... ✅
  [ 619/2448] pasar_juicio... ✅
  [ 620/2448] pasar_la_batuta... ✅
  [ 621/2448] pasar_la_cerca... ✅
  [ 622/2448] pasar_la_lengua... ✅
  [ 623/2448] pasar_la_luz... ✅
  [ 624/2448] pasar_la_mano... ✅
  [ 625/2448] pasar_la_mona... ✅
  [ 626/2448] pasar_la_mosca... ✅
  [ 627/2448] pasar_la_muerta... ✅
  [ 628/2448] pasar_la_nena... ✅
  [ 629/2448] pasar_la_noche_en_vilo... ✅
  [ 630/2448] pasar_la_papa_caliente... ✅
  [ 631/2448] pasar_la_pelota... ✅
  [ 632/2448] pasar_la_vista... ✅
  [ 633/2448] pasar_la_vistilla... ✅
  [ 634/2448] pasar_la_zarza_y_el_guayacán... ✅
  [ 635/2448] pasar_paloma... ✅
  [ 636/2448] pasar_paño... ✅
  [ 637/2448] pasar_pegado_de_la_costa... ✅
  [ 638/2448] pasar_pichón... ✅
  [ 639/2448] pasar_por_debajo_de_la_mesa... ✅
  [ 640/2448] pasar_por_el_coco... ✅
  [ 641/2448] pasar_por_el_roto... ✅
  [ 642/2448] pasar_por_la_piedra... ✅
  [ 643/2448] pasar_por_la_piedra_(a_alguien)... ✅
  [ 644/2448] pasar_por_las_armas... ✅
  [ 645/2448] pasar_por_quinto... ✅
  [ 646/2448] pasar_raspa_cum_laude... ✅
  [ 647/2448] pasar_sin_mojarse... ✅
  [ 648/2448] pasar_sin_respirar... ✅
  [ 649/2448] pasar_un_cable... ✅
  [ 650/2448] pasar_un_pachó... ✅
  [ 651/2448] pasar_yuca... ✅
  [ 652/2448] pasarrato... ✅
  [ 653/2448] pasarse_de_cabuya... ✅
  [ 654/2448] pasarse_de_la_raya... ✅
  [ 655/2448] pasarse_de_listo... ✅
  [ 656/2448] pasarse_de_rosca... ✅
  [ 657/2448] pasarse_el_ñame... ✅
  [ 658/2448] pasarse_pasarse... ✅
  [ 659/2448] pasarse_por_buen_sitio... ✅
  [ 660/2448] pasarse_por_donde_no_da_el_sol... ✅
  [ 661/2448] pascua... ✅
  [ 662/2448] pascueta... ✅
  [ 663/2448] pase... ✅
  [ 664/2448] pase_de_batón... ✅
  [ 665/2448] pasear(sele)_el_alma_por_el_cuerpo... ✅
  [ 666/2448] paseo... ✅
  [ 667/2448] pasero,_ra... ✅
  [ 668/2448] pasero... ✅
  [ 669/2448] pasilla... ✅
  [ 670/2448] pasionaria... ✅
  [ 671/2448] pasionario,_ria... ✅
  [ 672/2448] pasitito... ✅
  [ 673/2448] paslote... ✅
  [ 674/2448] pasmado,_da... ✅
  [ 675/2448] pasmado... ✅
  [ 676/2448] pasmar... ✅
  [ 677/2448] pasmarote... ✅
  [ 678/2448] pasmarse... ✅
  [ 679/2448] pasmazón... ✅
  [ 680/2448] pasme... ✅
  [ 681/2448] pasmo... ✅
  [ 682/2448] pasmo_de_estómago... ✅
  [ 683/2448] pasmo_de_luna... ✅
  [ 684/2448] pasmo_de_sabana... ✅
  [ 685/2448] pasmuno,_na... ✅
  [ 686/2448] paso_picado... ✅
  [ 687/2448] paso_trancado... ✅
  [ 688/2448] pasota... ✅
  [ 689/2448] pasote... ✅
  [ 690/2448] pasquinada... ✅
  [ 691/2448] pasquinar... ✅
  [ 692/2448] pasquinero... ✅
  [ 693/2448] pasquiniar... ✅
  [ 694/2448] pasquín... ✅
  [ 695/2448] password... ✅
  [ 696/2448] pastaje... ✅
  [ 697/2448] pastazo... ✅
  [ 698/2448] pastel... ✅
  [ 699/2448] pastel_ciego... ✅
  [ 700/2448] pastel_de_hoja... ✅
  [ 701/2448] pastelada... ✅
  [ 702/2448] pastelero,_ra... ✅
  [ 703/2448] pastelillo... ✅
  [ 704/2448] pastelón... ✅
  [ 705/2448] pastizal... ✅
  [ 706/2448] pasto... ✅
  [ 707/2448] pastor... ✅
  [ 708/2448] pastora... ✅
  [ 709/2448] pastorear... ✅
  [ 710/2448] pastries... ✅
  [ 711/2448] pastuso,_sa... ✅
  [ 712/2448] pasudo... ✅
  [ 713/2448] pasuriento,_ta... ✅
  [ 714/2448] pasurín... ✅
  [ 715/2448] pasú,_súa... ✅
  [ 716/2448] pat... ✅
  [ 717/2448] pata... ✅
  [ 718/2448] pata_caliente... ✅
  [ 719/2448] pata_de_cabra... ✅
  [ 720/2448] pata_de_catre... ✅
  [ 721/2448] pata_de_francisca... ✅
  [ 722/2448] pata_de_gallina... ✅
  [ 723/2448] pata_de_pollo... ✅
  [ 724/2448] patabatatar... ✅
  [ 725/2448] patada... ✅
  [ 726/2448] patalear... ✅
  [ 727/2448] pataleo... ✅
  [ 728/2448] pataleta... ✅
  [ 729/2448] pataletear... ✅
  [ 730/2448] pataleteo... ✅
  [ 731/2448] patapluma... ✅
  [ 732/2448] patarrasa... ✅
  [ 733/2448] patas_delanteras... ✅
  [ 734/2448] patas_traseras... ✅
  [ 735/2448] patata... ✅
  [ 736/2448] patatú... ✅
  [ 737/2448] patatús... ✅
  [ 738/2448] patchwork... ✅
  [ 739/2448] pateada... ✅
  [ 740/2448] pateado,_da... ✅
  [ 741/2448] patear... ✅
  [ 742/2448] pateca... ✅
  [ 743/2448] pateco... ✅
  [ 744/2448] patemula... ✅
  [ 745/2448] patentizado... ✅
  [ 746/2448] patería... ✅
  [ 747/2448] patesebo... ✅
  [ 748/2448] path... ✅
  [ 749/2448] patiamarillo... ✅
  [ 750/2448] paticaliente... ✅
  [ 751/2448] paticoria... ✅
  [ 752/2448] patidifuso,_sa... ✅
  [ 753/2448] patijuey... ✅
  [ 754/2448] patilargo... ✅
  [ 755/2448] patilla... ✅
  [ 756/2448] patillano,_na... ✅
  [ 757/2448] patillano... ✅
  [ 758/2448] patillense... ✅
  [ 759/2448] patimorado... ✅
  [ 760/2448] patinar... ✅
  [ 761/2448] patinarle_el_coco... ✅
  [ 762/2448] patinazo... ✅
  [ 763/2448] patineta... ✅
  [ 764/2448] patinódromo... ✅
  [ 765/2448] patio... ✅
  [ 766/2448] patiporsuelo... ✅
  [ 767/2448] patisebo... ✅
  [ 768/2448] patiseco,_ca... ✅
  [ 769/2448] patiseco... ✅
  [ 770/2448] patita_sucia... ✅
  [ 771/2448] patitas... ✅
  [ 772/2448] patituerto... ✅
  [ 773/2448] pativirado... ✅
  [ 774/2448] patizambo... ✅
  [ 775/2448] pato... ✅
  [ 776/2448] pato_cimarrón... ✅
  [ 777/2448] pato_labanco... ✅
  [ 778/2448] pato_nocturno... ✅
  [ 779/2448] pato_zaramagullón... ✅
  [ 780/2448] patología... ✅
  [ 781/2448] patota... ✅
  [ 782/2448] patrio... ✅
  [ 783/2448] patriota... ✅
  [ 784/2448] patrol... ✅
  [ 785/2448] patrón... ✅
  [ 786/2448] patuleco,_ca... ✅
  [ 787/2448] patán... ✅
  [ 788/2448] patín... ✅
  [ 789/2448] pautado,_da... ✅
  [ 790/2448] pava... ✅
  [ 791/2448] pavazo... ✅
  [ 792/2448] pavear... ✅
  [ 793/2448] pavera... ✅
  [ 794/2448] pavita... ✅
  [ 795/2448] pavo... ✅
  [ 796/2448] pavona... ✅
  [ 797/2448] pavota... ✅
  [ 798/2448] pavísimo,_ma... ✅
  [ 799/2448] pavón... ✅
  [ 800/2448] pay-per-view... ✅
  [ 801/2448] pay_per_view... ✅
  [ 802/2448] pay_roll... ✅
  [ 803/2448] payama... ✅
  [ 804/2448] payaso... ✅
  [ 805/2448] payco... ✅
  [ 806/2448] payday_loan... ✅
  [ 807/2448] payloader... ✅
  [ 808/2448] payola... ✅
  [ 809/2448] payroll... ✅
  [ 810/2448] payroll_card... ✅
  [ 811/2448] pazote... ✅
  [ 812/2448] pañetas... ✅
  [ 813/2448] paño... ✅
  [ 814/2448] paño_de_cachaza... ✅
  [ 815/2448] pañoso,_sa... ✅
  [ 816/2448] pañuelito... ✅
  [ 817/2448] pc... ✅
  [ 818/2448] pdf... ✅
  [ 819/2448] pear... ✅
  [ 820/2448] peaña... ✅
  [ 821/2448] pece... ✅
  [ 822/2448] pechicate... ✅
  [ 823/2448] pecho_apretao... ✅
  [ 824/2448] pecho_de_oro... ✅
  [ 825/2448] pechudo,_da... ✅
  [ 826/2448] pechuguera... ✅
  [ 827/2448] pechú,_chua... ✅
  [ 828/2448] pecorear... ✅
  [ 829/2448] pedazo... ✅
  [ 830/2448] pedicure... ✅
  [ 831/2448] pediera... ✅
  [ 832/2448] pedigrí... ✅
  [ 833/2448] pedir_aguinaldo... ✅
  [ 834/2448] pedir_cacao... ✅
  [ 835/2448] pedir_catey... ✅
  [ 836/2448] pedir_cocos_a_la_guanábana... ✅
  [ 837/2448] pedir_cocos_a_la_guásima... ✅
  [ 838/2448] pedir_el_dos... ✅
  [ 839/2448] pedir_la_bendición... ✅
  [ 840/2448] pedir_la_luz_por_señas... ✅
  [ 841/2448] pedir_más_que_la_cruz_roja... ✅
  [ 842/2448] pedir_papel_de_iglesia... ✅
  [ 843/2448] pedir_pon... ✅
  [ 844/2448] pedo... ✅
  [ 845/2448] pedrada... ✅
  [ 846/2448] pedreño,_ña... ✅
  [ 847/2448] pedro_navaja... ✅
  [ 848/2448] peeling... ✅
  [ 849/2448] peep-show... ✅
  [ 850/2448] peep_show... ✅
  [ 851/2448] pega... ✅
  [ 852/2448] pegadito... ✅
  [ 853/2448] pegador... ✅
  [ 854/2448] pegadora... ✅
  [ 855/2448] pegajoso,_sa... ✅
  [ 856/2448] pegao... ✅
  [ 857/2448] pegapalo... ✅
  [ 858/2448] pegapega... ✅
  [ 859/2448] pegapollo... ✅
  [ 860/2448] pegar... ✅
  [ 861/2448] pegar_a... ✅
  [ 862/2448] pegar_a_todo... ✅
  [ 863/2448] pegar_con... ✅
  [ 864/2448] pegar_con_saliva... ✅
  [ 865/2448] pegar_daga... ✅
  [ 866/2448] pegar_el_diente... ✅
  [ 867/2448] pegar_el_ojo... ✅
  [ 868/2448] pegar_el_perrillo... ✅
  [ 869/2448] pegar_el_vellón... ✅
  [ 870/2448] pegar_en_una_cosa... ✅
  [ 871/2448] pegar_la_hebra... ✅
  [ 872/2448] pegar_la_mano... ✅
  [ 873/2448] pegar_la_uña... ✅
  [ 874/2448] pegar_los_ojos... ✅
  [ 875/2448] pegar_tijera... ✅
  [ 876/2448] pegar_un_vellón... ✅
  [ 877/2448] pegar_una... ✅
  [ 878/2448] pegar_vellones... ✅
  [ 879/2448] pegarla... ✅
  [ 880/2448] pegarse... ✅
  [ 881/2448] pegarse_como_lapa... ✅
  [ 882/2448] pegarse_como_nigua... ✅
  [ 883/2448] pegarse_el_claxon... ✅
  [ 884/2448] pegarse_la_frisa... ✅
  [ 885/2448] pegoge... ✅
  [ 886/2448] peguera... ✅
  [ 887/2448] peguero... ✅
  [ 888/2448] pegárselas... ✅
  [ 889/2448] pegón,_na... ✅
  [ 890/2448] peinado,_da... ✅
  [ 891/2448] peinar... ✅
  [ 892/2448] peine... ✅
  [ 893/2448] peineta... ✅
  [ 894/2448] peinilla... ✅
  [ 895/2448] peiticaco... ✅
  [ 896/2448] peje... ✅
  [ 897/2448] peje_blanco... ✅
  [ 898/2448] peje_chiquito... ✅
  [ 899/2448] peje_colorado... ✅
  [ 900/2448] peje_de_concha... ✅
  [ 901/2448] peje_gordo... ✅
  [ 902/2448] peje_grande... ✅
  [ 903/2448] peje_plástico... ✅
  [ 904/2448] peje_puerco... ✅
  [ 905/2448] peje_tamboril... ✅
  [ 906/2448] peje_tamborí... ✅
  [ 907/2448] pejecita... ✅
  [ 908/2448] pela... ✅
  [ 909/2448] pela_palo... ✅
  [ 910/2448] pelada... ✅
  [ 911/2448] peladera... ✅
  [ 912/2448] peladero... ✅
  [ 913/2448] pelado,_da... ✅
  [ 914/2448] pelado_como_un_guineo... ✅
  [ 915/2448] peladora... ✅
  [ 916/2448] pelaera... ✅
  [ 917/2448] pelafustán,_na... ✅
  [ 918/2448] pelagra... ✅
  [ 919/2448] pelahuevos... ✅
  [ 920/2448] pelamachos... ✅
  [ 921/2448] pelambrera... ✅
  [ 922/2448] pelapalo... ✅
  [ 923/2448] pelar... ✅
  [ 924/2448] pelar_a_coco... ✅
  [ 925/2448] pelar_al_gallo... ✅
  [ 926/2448] pelar_el_diente... ✅
  [ 927/2448] pelar_el_ojo... ✅
  [ 928/2448] pelar_el_pollo... ✅
  [ 929/2448] pelar_la_pava... ✅
  [ 930/2448] pelar_los_dientes... ✅
  [ 931/2448] pelar_pa'bajo... ✅
  [ 932/2448] pelarse... ✅
  [ 933/2448] pelarse_a_raspacoco... ✅
  [ 934/2448] pelarse_el_gañote... ✅
  [ 935/2448] pelarse_por_hacer_algo... ✅
  [ 936/2448] pelazón... ✅
  [ 937/2448] pelaílla... ✅
  [ 938/2448] pelea... ✅
  [ 939/2448] pelea_armada... ✅
  [ 940/2448] pelea_casada... ✅
  [ 941/2448] pelea_de_fondo... ✅
  [ 942/2448] pelea_de_gallo... ✅
  [ 943/2448] pelea_de_tíguere_y_burro... ✅
  [ 944/2448] pelea_monga... ✅
  [ 945/2448] pelea_nula... ✅
  [ 946/2448] pelea_suelta... ✅
  [ 947/2448] pelea_tabla... ✅
  [ 948/2448] pelear_de_abajo... ✅
  [ 949/2448] pelear_de_arriba... ✅
  [ 950/2448] pelear_de_fondo... ✅
  [ 951/2448] pelear_de_media_aguja... ✅
  [ 952/2448] pelear_el_gallo_de_fondo... ✅
  [ 953/2448] pelegrina... ✅
  [ 954/2448] pelera... ✅
  [ 955/2448] peletaria... ✅
  [ 956/2448] peleón,_na... ✅
  [ 957/2448] pelichar... ✅
  [ 958/2448] pelicolorado,_da... ✅
  [ 959/2448] pelicolorao,_rá... ✅
  [ 960/2448] pelicán... ✅
  [ 961/2448] peligro... ✅
  [ 962/2448] pelilla... ✅
  [ 963/2448] pelionero... ✅
  [ 964/2448] pella... ✅
  [ 965/2448] pellejito... ✅
  [ 966/2448] pellejo... ✅
  [ 967/2448] pelliza... ✅
  [ 968/2448] pellizca... ✅
  [ 969/2448] pellizcar... ✅
  [ 970/2448] pellizco... ✅
  [ 971/2448] pello... ✅
  [ 972/2448] pelo... ✅
  [ 973/2448] pelo_a_pelo... ✅
  [ 974/2448] pelo_apretado... ✅
  [ 975/2448] pelo_bueno... ✅
  [ 976/2448] pelo_de_alambre... ✅
  [ 977/2448] pelo_de_cadillo... ✅
  [ 978/2448] pelo_de_caña... ✅
  [ 979/2448] pelo_de_púas... ✅
  [ 980/2448] pelo_de_ratón... ✅
  [ 981/2448] pelo_frisa... ✅
  [ 982/2448] pelo_grifo... ✅
  [ 983/2448] pelo_indio... ✅
  [ 984/2448] pelo_kinky... ✅
  [ 985/2448] pelo_malo... ✅
  [ 986/2448] pelo_pasa... ✅
  [ 987/2448] pelo_pasita... ✅
  [ 988/2448] pelo_quinqui... ✅
  [ 989/2448] pelona... ✅
  [ 990/2448] pelota... ✅
  [ 991/2448] pelota_de_comején... ✅
  [ 992/2448] pelotero,_ra... ✅
  [ 993/2448] pelotilla... ✅
  [ 994/2448] pelotudo,_da... ✅
  [ 995/2448] peluda... ✅
  [ 996/2448] peludo,_da... ✅
  [ 997/2448] peludo... ✅
  [ 998/2448] peluera... ✅
  [ 999/2448] peluquera... ✅
  [1000/2448] pelusa... ✅
  [1001/2448] pelusilla... ✅
  [1002/2448] pelá... ✅
  [1003/2448] película... ✅
  [1004/2448] pelón,_na... ✅
  [1005/2448] pelón... ✅
  [1006/2448] pelú,_lúa... ✅
  [1007/2448] pelú... ✅
  [1008/2448] pelúa... ✅
  [1009/2448] pen... ✅
  [1010/2448] pen_drive... ✅
  [1011/2448] pena... ✅
  [1012/2448] penachudo,_da... ✅
  [1013/2448] penal... ✅
  [1014/2448] penalti... ✅
  [1015/2448] penalty... ✅
  [1016/2448] penante... ✅
  [1017/2448] penca... ✅
  [1018/2448] penco,_ca... ✅
  [1019/2448] pendaflex... ✅
  [1020/2448] pendango,_ga... ✅
  [1021/2448] pendejada... ✅
  [1022/2448] pendejamente... ✅
  [1023/2448] pendejear... ✅
  [1024/2448] pendejito_a_la_vela... ✅
  [1025/2448] pendejo,_ja... ✅
  [1026/2448] pendejo_a_la_vela... ✅
  [1027/2448] pendejuelos... ✅
  [1028/2448] pendencia... ✅
  [1029/2448] pendón,_na... ✅
  [1030/2448] penepeísta... ✅
  [1031/2448] penepé... ✅
  [1032/2448] penetaria... ✅
  [1033/2448] penetraria... ✅
  [1034/2448] peninsular... ✅
  [1035/2448] penitenciario,_ria... ✅
  [1036/2448] penitenciaría... ✅
  [1037/2448] penitente... ✅
  [1038/2448] penjan... ✅
  [1039/2448] penny... ✅
  [1040/2448] penoso... ✅
  [1041/2448] pensador,_ra... ✅
  [1042/2448] pensadora... ✅
  [1043/2448] pensar_en_pajaritos_preñados... ✅
  [1044/2448] pensar_en_pajaritos_preñaos... ✅
  [1045/2448] pensionar... ✅
  [1046/2448] pensión... ✅
  [1047/2448] pensión_alimentaria... ✅
  [1048/2448] pentecostés... ✅
  [1049/2448] penthouse... ✅
  [1050/2448] peo... ✅
  [1051/2448] peo_químico... ✅
  [1052/2448] peonía... ✅
  [1053/2448] people... ✅
  [1054/2448] peor_que_la_maya... ✅
  [1055/2448] pep-rally... ✅
  [1056/2448] pep... ✅
  [1057/2448] pep_rally... ✅
  [1058/2448] pepa... ✅
  [1059/2448] pepa_de_jobo... ✅
  [1060/2448] pepazo... ✅
  [1061/2448] pepedé... ✅
  [1062/2448] pepero,_ra... ✅
  [1063/2448] pepillito... ✅
  [1064/2448] pepillo... ✅
  [1065/2448] pepinar... ✅
  [1066/2448] pepinazo... ✅
  [1067/2448] pepiniana... ✅
  [1068/2448] pepiniano,_na... ✅
  [1069/2448] pepiniano... ✅
  [1070/2448] pepinillo... ✅
  [1071/2448] pepino... ✅
  [1072/2448] pepino_angolo... ✅
  [1073/2448] pepita... ✅
  [1074/2448] pepita_amarga... ✅
  [1075/2448] pepita_de_jobo... ✅
  [1076/2448] pepita_de_pan... ✅
  [1077/2448] pepita_de_pana... ✅
  [1078/2448] pepitazo... ✅
  [1079/2448] pepito... ✅
  [1080/2448] peposo,_sa... ✅
  [1081/2448] pepper_spray... ✅
  [1082/2448] pepper_steak... ✅
  [1083/2448] pera... ✅
  [1084/2448] peralto... ✅
  [1085/2448] percatar... ✅
  [1086/2448] percha... ✅
  [1087/2448] percloruro... ✅
  [1088/2448] percocha... ✅
  [1089/2448] percoche... ✅
  [1090/2448] percochoso,_sa... ✅
  [1091/2448] percudido,_da... ✅
  [1092/2448] percudir... ✅
  [1093/2448] percun... ✅
  [1094/2448] percusa... ✅
  [1095/2448] percutir... ✅
  [1096/2448] perder_el_balance... ✅
  [1097/2448] perder_el_bebé... ✅
  [1098/2448] perder_el_bepé... ✅
  [1099/2448] perder_el_habla... ✅
  [1100/2448] perder_el_temperamento... ✅
  [1101/2448] perder_la_chaveta... ✅
  [1102/2448] perder_la_llave... ✅
  [1103/2448] perder_la_pata... ✅
  [1104/2448] perder_la_soga_y_la_cabra... ✅
  [1105/2448] perder_la_tabla... ✅
  [1106/2448] perder_los_mochos... ✅
  [1107/2448] perder_peso... ✅
  [1108/2448] perderse... ✅
  [1109/2448] perdida... ✅
  [1110/2448] perdidoso,_sa... ✅
  [1111/2448] perdiz... ✅
  [1112/2448] peregrina... ✅
  [1113/2448] peregrino... ✅
  [1114/2448] perejil_de_la_reina... ✅
  [1115/2448] pereza... ✅
  [1116/2448] perfiladito,_ta... ✅
  [1117/2448] perforador... ✅
  [1118/2448] performance... ✅
  [1119/2448] performance_(arts)... ✅
  [1120/2448] performance_bond... ✅
  [1121/2448] performar... ✅
  [1122/2448] performeador... ✅
  [1123/2448] performer... ✅
  [1124/2448] performero,_ra... ✅
  [1125/2448] pergamino... ✅
  [1126/2448] perico... ✅
  [1127/2448] periferal... ✅
  [1128/2448] perigallo... ✅
  [1129/2448] perilla... ✅
  [1130/2448] perillo... ✅
  [1131/2448] periodismo_digital... ✅
  [1132/2448] periona... ✅
  [1133/2448] periquear... ✅
  [1134/2448] periquero,_ra... ✅
  [1135/2448] periquito... ✅
  [1136/2448] periquito_real... ✅
  [1137/2448] periscopiar... ✅
  [1138/2448] perla... ✅
  [1139/2448] perlina... ✅
  [1140/2448] permear... ✅
  [1141/2448] perneta... ✅
  [1142/2448] pernetura... ✅
  [1143/2448] pernituerto... ✅
  [1144/2448] perol... ✅
  [1145/2448] perola... ✅
  [1146/2448] peronía... ✅
  [1147/2448] peronías_chatas... ✅
  [1148/2448] perpetua... ✅
  [1149/2448] perrear... ✅
  [1150/2448] perreo... ✅
  [1151/2448] perrera... ✅
  [1152/2448] perrería... ✅
  [1153/2448] perreta... ✅
  [1154/2448] perridientes... ✅
  [1155/2448] perrillazo... ✅
  [1156/2448] perrillera... ✅
  [1157/2448] perrillo... ✅
  [1158/2448] perrita... ✅
  [1159/2448] perro... ✅
  [1160/2448] perro_ardillero... ✅
  [1161/2448] perro_cimarrón... ✅
  [1162/2448] perro_güevero... ✅
  [1163/2448] perro_que_come_huevo,_si_no_lo_come_lo_huele... ✅
  [1164/2448] perro_sato... ✅
  [1165/2448] perrunada... ✅
  [1166/2448] perse... ✅
  [1167/2448] persiado,_da... ✅
  [1168/2448] persignarse... ✅
  [1169/2448] persona_de_color... ✅
  [1170/2448] persona_que_no_es_blanca... ✅
  [1171/2448] personal... ✅
  [1172/2448] personal_computer... ✅
  [1173/2448] personal_page... ✅
  [1174/2448] pertuza... ✅
  [1175/2448] período... ✅
  [1176/2448] perúa... ✅
  [1177/2448] pesado,_da... ✅
  [1178/2448] pesador... ✅
  [1179/2448] pesaje... ✅
  [1180/2448] pesar_más_que_un_matrimonio_mal_llevado... ✅
  [1181/2448] pesca_del_bajo... ✅
  [1182/2448] pesca_mayor... ✅
  [1183/2448] pescado... ✅
  [1184/2448] pescao... ✅
  [1185/2448] pescar... ✅
  [1186/2448] pescar_en_seco... ✅
  [1187/2448] pescar_un_pargo... ✅
  [1188/2448] pescozada... ✅
  [1189/2448] pescozón... ✅
  [1190/2448] pescuezo... ✅
  [1191/2448] pescuezo_de_ganso... ✅
  [1192/2448] pesebre... ✅
  [1193/2448] pesepé... ✅
  [1194/2448] peseta... ✅
  [1195/2448] pesetario... ✅
  [1196/2448] pesetero,_ra... ✅
  [1197/2448] peso... ✅
  [1198/2448] peso_al_oro... ✅
  [1199/2448] peso_saurí... ✅
  [1200/2448] pesor... ✅
  [1201/2448] pespuntear... ✅
  [1202/2448] pesquero... ✅
  [1203/2448] pestargo,_ga... ✅
  [1204/2448] pestaña... ✅
  [1205/2448] pestañar... ✅
  [1206/2448] peste... ✅
  [1207/2448] pesticidad... ✅
  [1208/2448] pestillo... ✅
  [1209/2448] pet-ct_(scan)... ✅
  [1210/2448] pet_(scan)... ✅
  [1211/2448] pet_shop... ✅
  [1212/2448] petaca... ✅
  [1213/2448] petaquita... ✅
  [1214/2448] petardo... ✅
  [1215/2448] petate... ✅
  [1216/2448] petatero,_ra... ✅
  [1217/2448] peteque... ✅
  [1218/2448] peticash... ✅
  [1219/2448] peticionar... ✅
  [1220/2448] petipuá... ✅
  [1221/2448] peto... ✅
  [1222/2448] petrea... ✅
  [1223/2448] petrel... ✅
  [1224/2448] petrel_de_tormenta... ✅
  [1225/2448] petrinche... ✅
  [1226/2448] petroduro... ✅
  [1227/2448] petrones... ✅
  [1228/2448] petty_cash... ✅
  [1229/2448] pewter... ✅
  [1230/2448] peyton_place... ✅
  [1231/2448] peyón... ✅
  [1232/2448] pez_aguja... ✅
  [1233/2448] pez_de_veril... ✅
  [1234/2448] pez_espada... ✅
  [1235/2448] pez_gallo... ✅
  [1236/2448] pez_globo... ✅
  [1237/2448] pez_pluma... ✅
  [1238/2448] pez_vela... ✅
  [1239/2448] pezuña... ✅
  [1240/2448] pezón... ✅
  [1241/2448] pezón_de_la_piña... ✅
  [1242/2448] peña... ✅
  [1243/2448] peñolano,_na... ✅
  [1244/2448] peñonal... ✅
  [1245/2448] peñonazo... ✅
  [1246/2448] peñusco... ✅
  [1247/2448] peñusquera... ✅
  [1248/2448] peñusquería... ✅
  [1249/2448] peñón... ✅
  [1250/2448] peón,_na... ✅
  [1251/2448] peón... ✅
  [1252/2448] peúno,_na... ✅
  [1253/2448] phd... ✅
  [1254/2448] photo_finish... ✅
  [1255/2448] piadosa... ✅
  [1256/2448] pian... ✅
  [1257/2448] pianito... ✅
  [1258/2448] piano... ✅
  [1259/2448] piano_al_revés... ✅
  [1260/2448] pibe... ✅
  [1261/2448] pibe_malo... ✅
  [1262/2448] pica... ✅
  [1263/2448] pica_y_se_extiende... ✅
  [1264/2448] picacho... ✅
  [1265/2448] picada... ✅
  [1266/2448] picada_a_la_cabeza_del_ala... ✅
  [1267/2448] picada_de_hoya... ✅
  [1268/2448] picado,_da... ✅
  [1269/2448] picado... ✅
  [1270/2448] picador,_ra... ✅
  [1271/2448] picadora... ✅
  [1272/2448] picaflor... ✅
  [1273/2448] picante... ✅
  [1274/2448] picapica... ✅
  [1275/2448] picaporte... ✅
  [1276/2448] picar... ✅
  [1277/2448] picar_a_boca_llena... ✅
  [1278/2448] picar_a_dos_calles... ✅
  [1279/2448] picar_a_la_cabeza_del_ala... ✅
  [1280/2448] picar_a_un_gallo_boca_llena... ✅
  [1281/2448] picar_como_para_pasteles... ✅
  [1282/2448] picar_el_ojo... ✅
  [1283/2448] picar_fuera_del_hoyo... ✅
  [1284/2448] picar_la_ingle... ✅
  [1285/2448] picar_y_morder_como_el_guabá... ✅
  [1286/2448] picarazado,_da... ✅
  [1287/2448] picarse... ✅
  [1288/2448] picarón,_na... ✅
  [1289/2448] picatierra... ✅
  [1290/2448] picazo... ✅
  [1291/2448] picazón... ✅
  [1292/2448] picha... ✅
  [1293/2448] pichaera... ✅
  [1294/2448] pichana... ✅
  [1295/2448] pichanga... ✅
  [1296/2448] pichar... ✅
  [1297/2448] piche... ✅
  [1298/2448] piche_fofo... ✅
  [1299/2448] pichear... ✅
  [1300/2448] picheo... ✅
  [1301/2448] pichicatería... ✅
  [1302/2448] pichiche... ✅
  [1303/2448] pichina... ✅
  [1304/2448] pichinche... ✅
  [1305/2448] pichipén... ✅
  [1306/2448] pichupichú... ✅
  [1307/2448] pichón,_na... ✅
  [1308/2448] pichón... ✅
  [1309/2448] pichón_cocotú... ✅
  [1310/2448] pichón_de_helicóptero... ✅
  [1311/2448] pichón_de_lagartijo... ✅
  [1312/2448] pichón_de_mangle... ✅
  [1313/2448] pichón_de_mariposa... ✅
  [1314/2448] pick-up... ✅
  [1315/2448] pick-up_truck... ✅
  [1316/2448] pick_up... ✅
  [1317/2448] pickle... ✅
  [1318/2448] picky... ✅
  [1319/2448] picnic... ✅
  [1320/2448] pico... ✅
  [1321/2448] pico_a_pico... ✅
  [1322/2448] pico_cotorra... ✅
  [1323/2448] pico_de_cotorra... ✅
  [1324/2448] pico_de_gallo... ✅
  [1325/2448] pico_mandorico... ✅
  [1326/2448] pico_paloma... ✅
  [1327/2448] pico_y_espuela... ✅
  [1328/2448] picofósforo... ✅
  [1329/2448] piconazo... ✅
  [1330/2448] picoreto,_ta... ✅
  [1331/2448] picoso,_sa... ✅
  [1332/2448] picota... ✅
  [1333/2448] picotazo... ✅
  [1334/2448] picoteado,_da... ✅
  [1335/2448] picotear... ✅
  [1336/2448] picoteo... ✅
  [1337/2448] picotijera... ✅
  [1338/2448] picotillo... ✅
  [1339/2448] picuco... ✅
  [1340/2448] picuda... ✅
  [1341/2448] picudilla... ✅
  [1342/2448] picudo,_da... ✅
  [1343/2448] picuero... ✅
  [1344/2448] picón,_na... ✅
  [1345/2448] picú,_cúa... ✅
  [1346/2448] picúa... ✅
  [1347/2448] picúa_brava... ✅
  [1348/2448] picúa_lanceta... ✅
  [1349/2448] picúa_parda... ✅
  [1350/2448] pidi... ✅
  [1351/2448] pidión,_na... ✅
  [1352/2448] pie... ✅
  [1353/2448] pie_barredor... ✅
  [1354/2448] pie_de_atleta... ✅
  [1355/2448] pie_de_mabí... ✅
  [1356/2448] pie_del_caballo... ✅
  [1357/2448] pie_sucio... ✅
  [1358/2448] piedra... ✅
  [1359/2448] piedra_(de)_esmeril... ✅
  [1360/2448] piedra_inca... ✅
  [1361/2448] piedrero... ✅
  [1362/2448] piel... ✅
  [1363/2448] pienso... ✅
  [1364/2448] piercing... ✅
  [1365/2448] pietaje... ✅
  [1366/2448] pieza... ✅
  [1367/2448] pieza_ahorcada... ✅
  [1368/2448] pieza_ajorcá... ✅
  [1369/2448] pieza_de_café... ✅
  [1370/2448] pieza_de_caña... ✅
  [1371/2448] pieza_de_indias... ✅
  [1372/2448] pieza_de_ropa... ✅
  [1373/2448] pifia... ✅
  [1374/2448] pifiar... ✅
  [1375/2448] pig... ✅
  [1376/2448] piggy_back... ✅
  [1377/2448] piggyback... ✅
  [1378/2448] pignorar... ✅
  [1379/2448] pijama... ✅
  [1380/2448] pijama_party... ✅
  [1381/2448] pije... ✅
  [1382/2448] pijilata... ✅
  [1383/2448] pijirigua... ✅
  [1384/2448] pijotazo... ✅
  [1385/2448] pila... ✅
  [1386/2448] pila_de_mierda... ✅
  [1387/2448] pilador... ✅
  [1388/2448] piladora... ✅
  [1389/2448] pilar... ✅
  [1390/2448] pilar_un_examen... ✅
  [1391/2448] pilares... ✅
  [1392/2448] pileta... ✅
  [1393/2448] piliche... ✅
  [1394/2448] pillado,_da... ✅
  [1395/2448] pillar... ✅
  [1396/2448] pillarse... ✅
  [1397/2448] pillería... ✅
  [1398/2448] pillo... ✅
  [1399/2448] pillín... ✅
  [1400/2448] pilonada... ✅
  [1401/2448] pilonero,_ra... ✅
  [1402/2448] piltraca... ✅
  [1403/2448] piltrafa... ✅
  [1404/2448] pilón... ✅
  [1405/2448] pimienta_angola... ✅
  [1406/2448] pimienta_malagueta... ✅
  [1407/2448] pimiento_angolo... ✅
  [1408/2448] pimpiado,_da... ✅
  [1409/2448] pimpiar... ✅
  [1410/2448] pimpiar_quiqueo... ✅
  [1411/2448] pimpo,_pa... ✅
  [1412/2448] pimpollo... ✅
  [1413/2448] pin-up... ✅
  [1414/2448] pin-up_girl... ✅
  [1415/2448] pin... ✅
  [1416/2448] pin_(number)... ✅
  [1417/2448] pin_pon... ✅
  [1418/2448] pin_up_girl... ✅
  [1419/2448] pincelero,_ra... ✅
  [1420/2448] pinch_hitter... ✅
  [1421/2448] pinchaculo... ✅
  [1422/2448] pinchar... ✅
  [1423/2448] pinchar_el_pelo... ✅
  [1424/2448] pinche... ✅
  [1425/2448] pincho... ✅
  [1426/2448] pinco... ✅
  [1427/2448] ping-pong... ✅
  [1428/2448] ping_pong... ✅
  [1429/2448] pinga... ✅
  [1430/2448] pingamiosa... ✅
  [1431/2448] pingar... ✅
  [1432/2448] pingo... ✅
  [1433/2448] pingolo... ✅
  [1434/2448] pingonilla... ✅
  [1435/2448] pingón... ✅
  [1436/2448] pingú... ✅
  [1437/2448] pingúa... ✅
  [1438/2448] pingüino,_na... ✅
  [1439/2448] pingüino... ✅
  [1440/2448] pinino... ✅
  [1441/2448] pink_panther... ✅
  [1442/2448] pino... ✅
  [1443/2448] pinocho,_cha... ✅
  [1444/2448] pinpon... ✅
  [1445/2448] pinta... ✅
  [1446/2448] pintada... ✅
  [1447/2448] pintado,_da... ✅
  [1448/2448] pintado... ✅
  [1449/2448] pintado_en_la_pared... ✅
  [1450/2448] pintar... ✅
  [1451/2448] pintar_la_varilla... ✅
  [1452/2448] pintar_varilla... ✅
  [1453/2448] pintarse... ✅
  [1454/2448] pintarse_de_colores... ✅
  [1455/2448] pintiparado,_da... ✅
  [1456/2448] pinto,_ta... ✅
  [1457/2448] pinto_habichuelo... ✅
  [1458/2448] pintorreteado,_ada... ✅
  [1459/2448] pintorretear... ✅
  [1460/2448] pintorretearse... ✅
  [1461/2448] pintura_y_capota... ✅
  [1462/2448] pintón,_na... ✅
  [1463/2448] pinzote... ✅
  [1464/2448] piojera... ✅
  [1465/2448] piojillo... ✅
  [1466/2448] piojillo_de_palo... ✅
  [1467/2448] piojo... ✅
  [1468/2448] piojo_pegao... ✅
  [1469/2448] piola... ✅
  [1470/2448] pionono... ✅
  [1471/2448] pionía... ✅
  [1472/2448] pipa... ✅
  [1473/2448] pipa_barril... ✅
  [1474/2448] pipe... ✅
  [1475/2448] pipera... ✅
  [1476/2448] pipeta... ✅
  [1477/2448] pipi... ✅
  [1478/2448] pipiana... ✅
  [1479/2448] pipino... ✅
  [1480/2448] pipiolo,_la... ✅
  [1481/2448] pipo,_pa... ✅
  [1482/2448] pipo... ✅
  [1483/2448] pipona... ✅
  [1484/2448] pipí... ✅
  [1485/2448] pipón,_na... ✅
  [1486/2448] pique... ✅
  [1487/2448] piquejuye... ✅
  [1488/2448] piquero,_ra... ✅
  [1489/2448] piqueta... ✅
  [1490/2448] piquetazo... ✅
  [1491/2448] piquete... ✅
  [1492/2448] piquetear... ✅
  [1493/2448] piquetero,_ra... ✅
  [1494/2448] piquijuye... ✅
  [1495/2448] piquinini,_na... ✅
  [1496/2448] piquita... ✅
  [1497/2448] piquituerto... ✅
  [1498/2448] piquiña... ✅
  [1499/2448] piquiñado,_da... ✅
  [1500/2448] piquiñita... ✅
  [1501/2448] piquiñoso,_sa... ✅
  [1502/2448] pira... ✅
  [1503/2448] piragua... ✅
  [1504/2448] piragüero,_ra... ✅
  [1505/2448] piragüismo... ✅
  [1506/2448] pirata... ✅
  [1507/2448] pirata_de_los_mares... ✅
  [1508/2448] piraña... ✅
  [1509/2448] pirex... ✅
  [1510/2448] pirigallo... ✅
  [1511/2448] pirindola... ✅
  [1512/2448] pirineo... ✅
  [1513/2448] piriqueta... ✅
  [1514/2448] piroco,_ca... ✅
  [1515/2448] piroco... ✅
  [1516/2448] piropo... ✅
  [1517/2448] pirraca... ✅
  [1518/2448] pirulí... ✅
  [1519/2448] pirulín... ✅
  [1520/2448] pirulístico,_ca... ✅
  [1521/2448] pirúa... ✅
  [1522/2448] pisa_y_corre... ✅
  [1523/2448] pisadita_de_cabra... ✅
  [1524/2448] pisado,_da... ✅
  [1525/2448] pisador... ✅
  [1526/2448] pisar... ✅
  [1527/2448] pisar_con_leche... ✅
  [1528/2448] pisar_duro... ✅
  [1529/2448] pisar_el_chambón... ✅
  [1530/2448] pisar_el_rabo... ✅
  [1531/2448] pisar_la_comida_con_algo... ✅
  [1532/2448] pisar_rabo... ✅
  [1533/2448] pisazo... ✅
  [1534/2448] piscolabis... ✅
  [1535/2448] pisicorre... ✅
  [1536/2448] pispiriña... ✅
  [1537/2448] pista_y_campo... ✅
  [1538/2448] pistero... ✅
  [1539/2448] pistola... ✅
  [1540/2448] pistolazo... ✅
  [1541/2448] pistolita_sin_inscribir... ✅
  [1542/2448] pistonear... ✅
  [1543/2448] pistoneo... ✅
  [1544/2448] pistoque... ✅
  [1545/2448] pisón... ✅
  [1546/2448] pit_bull... ✅
  [1547/2448] pita... ✅
  [1548/2448] pita_de_maguey... ✅
  [1549/2448] pitadera... ✅
  [1550/2448] pitahaya... ✅
  [1551/2448] pitajaya... ✅
  [1552/2448] pitangueira... ✅
  [1553/2448] pitar... ✅
  [1554/2448] pitar_bajito... ✅
  [1555/2448] pitar_la_boca... ✅
  [1556/2448] pitar_la_borinqueña... ✅
  [1557/2448] pitaya... ✅
  [1558/2448] pitazo... ✅
  [1559/2448] pitchar... ✅
  [1560/2448] pitchear... ✅
  [1561/2448] pitcheo... ✅
  [1562/2448] pitcher... ✅
  [1563/2448] pitcher_y_catcher... ✅
  [1564/2448] pitching_coach... ✅
  [1565/2448] pitería... ✅
  [1566/2448] piticaco... ✅
  [1567/2448] pitido... ✅
  [1568/2448] pitihaya... ✅
  [1569/2448] pitijaya... ✅
  [1570/2448] pitiliana... ✅
  [1571/2448] pitillo... ✅
  [1572/2448] pitipuá... ✅
  [1573/2448] pitipuás... ✅
  [1574/2448] pitirre... ✅
  [1575/2448] pitirre_de_agua... ✅
  [1576/2448] pitirre_de_mangle... ✅
  [1577/2448] pitirrear... ✅
  [1578/2448] pitito... ✅
  [1579/2448] pitiyanki... ✅
  [1580/2448] pitiyanqui... ✅
  [1581/2448] pito... ✅
  [1582/2448] pito_moto... ✅
  [1583/2448] pitorrear... ✅
  [1584/2448] pitorro... ✅
  [1585/2448] pitre... ✅
  [1586/2448] pitrinche... ✅
  [1587/2448] pituita... ✅
  [1588/2448] pitusa... ✅
  [1589/2448] pitón... ✅
  [1590/2448] pivazo... ✅
  [1591/2448] pivote... ✅
  [1592/2448] pivotear... ✅
  [1593/2448] pixelado,_da... ✅
  [1594/2448] pixelear... ✅
  [1595/2448] piyama... ✅
  [1596/2448] pizarra... ✅
  [1597/2448] pizarrero... ✅
  [1598/2448] pizarrón... ✅
  [1599/2448] pizpireta... ✅
  [1600/2448] pizpirigaña... ✅
  [1601/2448] piña... ✅
  [1602/2448] piña_caraqueña... ✅
  [1603/2448] piña_de_pan_de_azúcar... ✅
  [1604/2448] piña_de_ratón... ✅
  [1605/2448] piñazo... ✅
  [1606/2448] piñuela... ✅
  [1607/2448] piñón... ✅
  [1608/2448] piñón_de_amarillo... ✅
  [1609/2448] placa... ✅
  [1610/2448] placemat... ✅
  [1611/2448] placenta... ✅
  [1612/2448] placer... ✅
  [1613/2448] placita... ✅
  [1614/2448] plafón... ✅
  [1615/2448] plaga... ✅
  [1616/2448] plain... ✅
  [1617/2448] plan_(de_salud)... ✅
  [1618/2448] plan_de_contingencia... ✅
  [1619/2448] plan_de_financiamiento... ✅
  [1620/2448] plan_de_pago... ✅
  [1621/2448] plan_de_retiro... ✅
  [1622/2448] plan_médico... ✅
  [1623/2448] plana... ✅
  [1624/2448] planazo... ✅
  [1625/2448] plancha... ✅
  [1626/2448] plancha_de_filtro... ✅
  [1627/2448] planchado,_da... ✅
  [1628/2448] planchaje... ✅
  [1629/2448] planchar... ✅
  [1630/2448] planchar_el_asiento... ✅
  [1631/2448] planchar_orejas... ✅
  [1632/2448] planchazo... ✅
  [1633/2448] planchón,_na... ✅
  [1634/2448] planeador,_ra... ✅
  [1635/2448] planear... ✅
  [1636/2448] planeo... ✅
  [1637/2448] planilla... ✅
  [1638/2448] plano... ✅
  [1639/2448] planta... ✅
  [1640/2448] planta_de_lavado... ✅
  [1641/2448] planta_eléctrica... ✅
  [1642/2448] planta_física... ✅
  [1643/2448] planta_piloto... ✅
  [1644/2448] plantación... ✅
  [1645/2448] plantaje... ✅
  [1646/2448] plantar_bandera... ✅
  [1647/2448] plante... ✅
  [1648/2448] plantilla... ✅
  [1649/2448] plantón... ✅
  [1650/2448] planúa... ✅
  [1651/2448] plasma... ✅
  [1652/2448] plasta... ✅
  [1653/2448] plasta_de_ñoña... ✅
  [1654/2448] plasticón,_na... ✅
  [1655/2448] plataforma... ✅
  [1656/2448] platanal... ✅
  [1657/2448] platanera... ✅
  [1658/2448] platanero,_ra... ✅
  [1659/2448] platanero... ✅
  [1660/2448] platanillo... ✅
  [1661/2448] platanutre... ✅
  [1662/2448] platero... ✅
  [1663/2448] plati... ✅
  [1664/2448] platillo... ✅
  [1665/2448] platinado,_da... ✅
  [1666/2448] plato... ✅
  [1667/2448] plato_de_cardenal... ✅
  [1668/2448] platonero... ✅
  [1669/2448] platudo,_da... ✅
  [1670/2448] platón... ✅
  [1671/2448] plausible... ✅
  [1672/2448] play_wood... ✅
  [1673/2448] playback... ✅
  [1674/2448] playball... ✅
  [1675/2448] playboy... ✅
  [1676/2448] playera... ✅
  [1677/2448] playero,_ra... ✅
  [1678/2448] playero... ✅
  [1679/2448] playoff... ✅
  [1680/2448] playstation... ✅
  [1681/2448] plaza... ✅
  [1682/2448] plazoleta... ✅
  [1683/2448] plebiscito_criollo... ✅
  [1684/2448] plegar... ✅
  [1685/2448] plegarse... ✅
  [1686/2448] plegoste... ✅
  [1687/2448] plegostre... ✅
  [1688/2448] plegujo... ✅
  [1689/2448] pleitero,_ra... ✅
  [1690/2448] pleiud... ✅
  [1691/2448] plena... ✅
  [1692/2448] plenera... ✅
  [1693/2448] plenero,_ra... ✅
  [1694/2448] plenetaria... ✅
  [1695/2448] plexiglás... ✅
  [1696/2448] pley... ✅
  [1697/2448] plo... ✅
  [1698/2448] plomero... ✅
  [1699/2448] plomería... ✅
  [1700/2448] plomo... ✅
  [1701/2448] plot... ✅
  [1702/2448] plotear... ✅
  [1703/2448] plotter... ✅
  [1704/2448] plug-in... ✅
  [1705/2448] plugin... ✅
  [1706/2448] pluma... ✅
  [1707/2448] pluma_del_agua... ✅
  [1708/2448] pluma_fuente... ✅
  [1709/2448] pluma_inferior... ✅
  [1710/2448] pluma_madura... ✅
  [1711/2448] pluma_superior... ✅
  [1712/2448] plumacho... ✅
  [1713/2448] plumazo... ✅
  [1714/2448] plumero... ✅
  [1715/2448] plumilla... ✅
  [1716/2448] plumífero,_ra... ✅
  [1717/2448] plumón... ✅
  [1718/2448] plus_café... ✅
  [1719/2448] pluto... ✅
  [1720/2448] pluvial... ✅
  [1721/2448] ply... ✅
  [1722/2448] plywood... ✅
  [1723/2448] plástico,_ca... ✅
  [1724/2448] plástico... ✅
  [1725/2448] plátano... ✅
  [1726/2448] plátano_americano... ✅
  [1727/2448] plátano_congo... ✅
  [1728/2448] plátano_de_guinea... ✅
  [1729/2448] plátano_del_congo... ✅
  [1730/2448] plátano_dominico... ✅
  [1731/2448] plátano_enano... ✅
  [1732/2448] plátano_gigante... ✅
  [1733/2448] plátano_guineo... ✅
  [1734/2448] plátano_hartón... ✅
  [1735/2448] plátano_hembra... ✅
  [1736/2448] plátano_indio... ✅
  [1737/2448] plátano_mafafo... ✅
  [1738/2448] plátano_picacho... ✅
  [1739/2448] plátano_rallado... ✅
  [1740/2448] plátano_silvestre... ✅
  [1741/2448] plátano_verde... ✅
  [1742/2448] po_box... ✅
  [1743/2448] población... ✅
  [1744/2448] poca... ✅
  [1745/2448] pocavergüenza... ✅
  [1746/2448] poceta... ✅
  [1747/2448] pocillo... ✅
  [1748/2448] pocket... ✅
  [1749/2448] podcast... ✅
  [1750/2448] podcasting... ✅
  [1751/2448] poderosa... ✅
  [1752/2448] podiatra... ✅
  [1753/2448] poker... ✅
  [1754/2448] polariscopio... ✅
  [1755/2448] polarización... ✅
  [1756/2448] polarímetro... ✅
  [1757/2448] polea... ✅
  [1758/2448] poleo... ✅
  [1759/2448] policy... ✅
  [1760/2448] policía_acostado... ✅
  [1761/2448] poliester... ✅
  [1762/2448] polilla... ✅
  [1763/2448] polilla_de_biblioteca... ✅
  [1764/2448] polinuritis... ✅
  [1765/2448] polipodio... ✅
  [1766/2448] polipodio_colgante... ✅
  [1767/2448] polipondra... ✅
  [1768/2448] polipán... ✅
  [1769/2448] politiquear... ✅
  [1770/2448] politiquero,_ra... ✅
  [1771/2448] politiquería... ✅
  [1772/2448] polizonte... ✅
  [1773/2448] polka_dots... ✅
  [1774/2448] polla... ✅
  [1775/2448] pollanca... ✅
  [1776/2448] pollanco... ✅
  [1777/2448] pollera... ✅
  [1778/2448] pollería... ✅
  [1779/2448] pollina... ✅
  [1780/2448] pollito,_ta... ✅
  [1781/2448] pollo... ✅
  [1782/2448] pollo_de_jaula... ✅
  [1783/2448] pollo_de_mangle... ✅
  [1784/2448] pollo_de_primeras_botas... ✅
  [1785/2448] pollo_de_tienda... ✅
  [1786/2448] pollo_inglés... ✅
  [1787/2448] pollo_praco... ✅
  [1788/2448] pollo_purina... ✅
  [1789/2448] pollo_rebajado... ✅
  [1790/2448] pollo_rostizado... ✅
  [1791/2448] pollo_to-rico... ✅
  [1792/2448] pollona... ✅
  [1793/2448] pollonclón,_na... ✅
  [1794/2448] pollution... ✅
  [1795/2448] pollón... ✅
  [1796/2448] pollón_de_botón... ✅
  [1797/2448] polo... ✅
  [1798/2448] polo_acuático... ✅
  [1799/2448] polo_norte... ✅
  [1800/2448] polsiaca... ✅
  [1801/2448] polución... ✅
  [1802/2448] polvera... ✅
  [1803/2448] polvero... ✅
  [1804/2448] polveta... ✅
  [1805/2448] polvetera... ✅
  [1806/2448] polvillo... ✅
  [1807/2448] polvo... ✅
  [1808/2448] polvo_de_amor... ✅
  [1809/2448] polvoreda... ✅
  [1810/2448] polvorera... ✅
  [1811/2448] polvorín... ✅
  [1812/2448] polvorón... ✅
  [1813/2448] política... ✅
  [1814/2448] política_pública... ✅
  [1815/2448] poma... ✅
  [1816/2448] pomarrosa... ✅
  [1817/2448] pomarroso... ✅
  [1818/2448] pomo... ✅
  [1819/2448] pompa... ✅
  [1820/2448] pompano... ✅
  [1821/2448] pompeadera... ✅
  [1822/2448] pompeao,_peá... ✅
  [1823/2448] pompear... ✅
  [1824/2448] pompón... ✅
  [1825/2448] pon... ✅
  [1826/2448] pon_de_maíz... ✅
  [1827/2448] ponceño,_ña... ✅
  [1828/2448] ponchado,_da... ✅
  [1829/2448] ponchador... ✅
  [1830/2448] ponchar... ✅
  [1831/2448] poncharse... ✅
  [1832/2448] ponche... ✅
  [1833/2448] ponchera... ✅
  [1834/2448] poner_a_beber... ✅
  [1835/2448] poner_a_botar_humo... ✅
  [1836/2448] poner_a_parir... ✅
  [1837/2448] poner_a_tiro... ✅
  [1838/2448] poner_a_trabajar_la_hacienda... ✅
  [1839/2448] poner_a_trabajar_la_haciendita... ✅
  [1840/2448] poner_al_rescoldo... ✅
  [1841/2448] poner_alegre... ✅
  [1842/2448] poner_amarillo_como_la_flor_de_majagua... ✅
  [1843/2448] poner_asunto... ✅
  [1844/2448] poner_bellaco... ✅
  [1845/2448] poner_cabeza... ✅
  [1846/2448] poner_cara_de_tusa... ✅
  [1847/2448] poner_casco... ✅
  [1848/2448] poner_chango... ✅
  [1849/2448] poner_como_botija_verde... ✅
  [1850/2448] poner_como_chincha... ✅
  [1851/2448] poner_como_chupa... ✅
  [1852/2448] poner_como_chupa_de_china... ✅
  [1853/2448] poner_como_culo... ✅
  [1854/2448] poner_como_dios_pintó_a_perico... ✅
  [1855/2448] poner_como_pilinche... ✅
  [1856/2448] poner_como_sapo_de_letrina... ✅
  [1857/2448] poner_como_tusa... ✅
  [1858/2448] poner_como_un_ají... ✅
  [1859/2448] poner_como_un_guabá... ✅
  [1860/2448] poner_con_el_moño_parao... ✅
  [1861/2448] poner_cráneo... ✅
  [1862/2448] poner_de_patitas_en_la_calle... ✅
  [1863/2448] poner_de_pico_a_pico... ✅
  [1864/2448] poner_duro... ✅
  [1865/2448] poner_el_botón_socialista... ✅
  [1866/2448] poner_el_cabro_a_velar_las_lechugas... ✅
  [1867/2448] poner_el_cambio... ✅
  [1868/2448] poner_el_culo_como_botón_de_socialista... ✅
  [1869/2448] poner_el_metro... ✅
  [1870/2448] poner_el_plato... ✅
  [1871/2448] poner_el_sello... ✅
  [1872/2448] poner_el_semáforo... ✅
  [1873/2448] poner_el_wiper... ✅
  [1874/2448] poner_en_algo... ✅
  [1875/2448] poner_en_balsa... ✅
  [1876/2448] poner_en_el_mapa... ✅
  [1877/2448] poner_en_high... ✅
  [1878/2448] poner_en_hold... ✅
  [1879/2448] poner_en_punto_de_venta... ✅
  [1880/2448] poner_gríngolas... ✅
  [1881/2448] poner_la_batola_a_alguien... ✅
  [1882/2448] poner_la_cabeza_en_un_picador... ✅
  [1883/2448] poner_la_ficha_del_tranque... ✅
  [1884/2448] poner_la_olla... ✅
  [1885/2448] poner_la_yagua_antes_de_que_caiga_la_gotera... ✅
  [1886/2448] poner_la_yagua_antes_que_caiga_la_gotera... ✅
  [1887/2448] poner_listo... ✅
  [1888/2448] poner_los_huevos_a_peseta... ✅
  [1889/2448] poner_los_patines... ✅
  [1890/2448] poner_mal_con_otro... ✅
  [1891/2448] poner_más_caliente_que_un_ají... ✅
  [1892/2448] poner_pichón... ✅
  [1893/2448] poner_pico_a_pico... ✅
  [1894/2448] poner_pimpo... ✅
  [1895/2448] poner_popó... ✅
  [1896/2448] poner_puerquito... ✅
  [1897/2448] poner_pálido... ✅
  [1898/2448] poner_refresco_de_policía... ✅
  [1899/2448] poner_trinco... ✅
  [1900/2448] poner_un_huevo... ✅
  [1901/2448] poner_un_huevo_cuadrado... ✅
  [1902/2448] poner_una_cascarita... ✅
  [1903/2448] poner_una_tranca... ✅
  [1904/2448] ponerlo_a_una_mujer... ✅
  [1905/2448] ponero,_ra... ✅
  [1906/2448] ponerse_a_la_voz... ✅
  [1907/2448] ponerse_amarillo_como_la_flor_de_majagua... ✅
  [1908/2448] ponerse_bellaco,_ca... ✅
  [1909/2448] ponerse_chango... ✅
  [1910/2448] ponerse_chiquitito... ✅
  [1911/2448] ponerse_chiquito... ✅
  [1912/2448] ponerse_color_de_hormiga... ✅
  [1913/2448] ponerse_como_chincha... ✅
  [1914/2448] ponerse_como_chivo... ✅
  [1915/2448] ponerse_como_sapo_de_letrina... ✅
  [1916/2448] ponerse_como_un_ají... ✅
  [1917/2448] ponerse_como_un_guabá... ✅
  [1918/2448] ponerse_con_el_moño_parado... ✅
  [1919/2448] ponerse_el_wiper... ✅
  [1920/2448] ponerse_en_high... ✅
  [1921/2448] ponerse_jincho,_cha... ✅
  [1922/2448] ponerse_los_patines... ✅
  [1923/2448] ponerse_más_caliente_que_un_ají... ✅
  [1924/2448] ponerse_más_jincho_que_un_peo... ✅
  [1925/2448] ponerse_para_su_número... ✅
  [1926/2448] ponerse_peluda_la_cosa... ✅
  [1927/2448] ponerse_pimpo,_pa... ✅
  [1928/2448] ponerse_suruco... ✅
  [1929/2448] ponerse_trinco,_ca... ✅
  [1930/2448] poni... ✅
  [1931/2448] ponqué... ✅
  [1932/2448] pony... ✅
  [1933/2448] pony_tail... ✅
  [1934/2448] ponytail... ✅
  [1935/2448] ponzoña... ✅
  [1936/2448] poodle... ✅
  [1937/2448] pool... ✅
  [1938/2448] pool_party... ✅
  [1939/2448] pop... ✅
  [1940/2448] pop_corn... ✅
  [1941/2448] pop_rock... ✅
  [1942/2448] pop_up... ✅
  [1943/2448] popa... ✅
  [1944/2448] popcorn... ✅
  [1945/2448] pope... ✅
  [1946/2448] popeta... ✅
  [1947/2448] popetero,_ra... ✅
  [1948/2448] popis... ✅
  [1949/2448] poplín... ✅
  [1950/2448] popular... ✅
  [1951/2448] populismo... ✅
  [1952/2448] popó... ✅
  [1953/2448] poquita... ✅
  [1954/2448] por_acomodo... ✅
  [1955/2448] por_ahí... ✅
  [1956/2448] por_ajuste... ✅
  [1957/2448] por_allá_jumea... ✅
  [1958/2448] por_arribita... ✅
  [1959/2448] por_chiva... ✅
  [1960/2448] por_debajo_de_la_mesa... ✅
  [1961/2448] por_default... ✅
  [1962/2448] por_el_libro... ✅
  [1963/2448] por_el_piso... ✅
  [1964/2448] por_encima... ✅
  [1965/2448] por_fuera... ✅
  [1966/2448] por_la_izquierda... ✅
  [1967/2448] por_la_leche... ✅
  [1968/2448] por_la_leche_que_mamé_de_mi_madre... ✅
  [1969/2448] por_la_libre... ✅
  [1970/2448] por_la_maseta... ✅
  [1971/2448] por_la_muerte_de_un_obispo... ✅
  [1972/2448] por_lo_bajujo... ✅
  [1973/2448] por_lo_fino... ✅
  [1974/2448] por_lo_mismo... ✅
  [1975/2448] por_mor_de... ✅
  [1976/2448] por_mí,_que_llueva... ✅
  [1977/2448] por_poco... ✅
  [1978/2448] por_poco_la_enlía... ✅
  [1979/2448] por_relajar... ✅
  [1980/2448] por_si_forte... ✅
  [1981/2448] por_si_las_moscas... ✅
  [1982/2448] por_sus_pantaletas... ✅
  [1983/2448] por_sus_pantalones... ✅
  [1984/2448] por_trasmano... ✅
  [1985/2448] por_un_tubo_y_siete_llaves... ✅
  [1986/2448] por_una_teta_no_fue_vaca... ✅
  [1987/2448] porcentaje... ✅
  [1988/2448] porch... ✅
  [1989/2448] porfiado,_da... ✅
  [1990/2448] pork_chop... ✅
  [1991/2448] porky... ✅
  [1992/2448] porra... ✅
  [1993/2448] porra_de_comején... ✅
  [1994/2448] porrista... ✅
  [1995/2448] porrotoco,_ca... ✅
  [1996/2448] porroñoso,_sa... ✅
  [1997/2448] porsa... ✅
  [1998/2448] porsia... ✅
  [1999/2448] porsiaca... ✅
  [2000/2448] port... ✅
  [2001/2448] portable... ✅
  [2002/2448] portacomida... ✅
  [2003/2448] portaje... ✅
  [2004/2448] portal... ✅
  [2005/2448] portarse... ✅
  [2006/2448] portfolio... ✅
  [2007/2448] portillo... ✅
  [2008/2448] portolaca... ✅
  [2009/2448] portorricense... ✅
  [2010/2448] portorriqueñismo... ✅
  [2011/2448] portorriqueño,_ña... ✅
  [2012/2448] portorro... ✅
  [2013/2448] portón... ✅
  [2014/2448] pos... ✅
  [2015/2448] poseído,_da... ✅
  [2016/2448] posicionado,_da... ✅
  [2017/2448] posicionamiento... ✅
  [2018/2448] posicionar(se)... ✅
  [2019/2448] posición... ✅
  [2020/2448] posit... ✅
  [2021/2448] post... ✅
  [2022/2448] posta... ✅
  [2023/2448] postear... ✅
  [2024/2448] postemilla... ✅
  [2025/2448] poster... ✅
  [2026/2448] postiza... ✅
  [2027/2448] postmaster... ✅
  [2028/2448] postular... ✅
  [2029/2448] potala... ✅
  [2030/2448] pote... ✅
  [2031/2448] potear... ✅
  [2032/2448] potería... ✅
  [2033/2448] potoco,_ca... ✅
  [2034/2448] potoroca... ✅
  [2035/2448] potranca... ✅
  [2036/2448] potrear... ✅
  [2037/2448] potrero... ✅
  [2038/2448] potro... ✅
  [2039/2448] pound_cake... ✅
  [2040/2448] power... ✅
  [2041/2448] power_break... ✅
  [2042/2448] power_broker... ✅
  [2043/2448] power_center... ✅
  [2044/2448] power_nap... ✅
  [2045/2448] power_point... ✅
  [2046/2448] power_steering... ✅
  [2047/2448] powerlifting... ✅
  [2048/2448] poyal... ✅
  [2049/2448] poza... ✅
  [2050/2448] pozo... ✅
  [2051/2448] pozo_de_viento... ✅
  [2052/2448] prado... ✅
  [2053/2448] praletaria... ✅
  [2054/2448] praprá... ✅
  [2055/2448] pre-elemental... ✅
  [2056/2448] pre-kinder... ✅
  [2057/2448] pre... ✅
  [2058/2448] precinto... ✅
  [2059/2448] preciosura... ✅
  [2060/2448] preelemental... ✅
  [2061/2448] preevaporador... ✅
  [2062/2448] preferencia... ✅
  [2063/2448] pregenio... ✅
  [2064/2448] pregoste... ✅
  [2065/2448] pregostre... ✅
  [2066/2448] pregón,_na... ✅
  [2067/2448] prejuiciado,_da... ✅
  [2068/2448] prejuiciar... ✅
  [2069/2448] prekinder... ✅
  [2070/2448] prelacía... ✅
  [2071/2448] premaso... ✅
  [2072/2448] prematuro... ✅
  [2073/2448] premiación... ✅
  [2074/2448] premiere... ✅
  [2075/2448] premio_del_malango... ✅
  [2076/2448] premium... ✅
  [2077/2448] prender... ✅
  [2078/2448] prender_a_cada_santo_una_vela... ✅
  [2079/2448] prender_el_monte... ✅
  [2080/2448] prender_la_bombilla_a_alguien... ✅
  [2081/2448] prender_la_estufa... ✅
  [2082/2448] prender_la_luz... ✅
  [2083/2448] prender_vuelo... ✅
  [2084/2448] prenderse... ✅
  [2085/2448] prenderse_el_bombillo... ✅
  [2086/2448] prendido,_da... ✅
  [2087/2448] prendorio... ✅
  [2088/2448] prenetaria... ✅
  [2089/2448] prenombrado,_da... ✅
  [2090/2448] prensa... ✅
  [2091/2448] prensada... ✅
  [2092/2448] prensor... ✅
  [2093/2448] prepa... ✅
  [2094/2448] preparar_los_cocos_antes_de_tener_la_vaca... ✅
  [2095/2448] preparos... ✅
  [2096/2448] preppy... ✅
  [2097/2448] prera... ✅
  [2098/2448] prerrequisito... ✅
  [2099/2448] presa... ✅
  [2100/2448] presentado,_da... ✅
  [2101/2448] presentao,_tá... ✅
  [2102/2448] presentar_un_fronte... ✅
  [2103/2448] presente... ✅
  [2104/2448] preseo... ✅
  [2105/2448] preservar... ✅
  [2106/2448] presidencia... ✅
  [2107/2448] presilla... ✅
  [2108/2448] presinarse... ✅
  [2109/2448] presurizado,_da... ✅
  [2110/2448] presurizar... ✅
  [2111/2448] pretadera... ✅
  [2112/2448] pretender... ✅
  [2113/2448] pretendiente... ✅
  [2114/2448] pretensión... ✅
  [2115/2448] pretty_body... ✅
  [2116/2448] preview... ✅
  [2117/2448] preñadera... ✅
  [2118/2448] prfaa... ✅
  [2119/2448] prico... ✅
  [2120/2448] priesa... ✅
  [2121/2448] prieto,_ta... ✅
  [2122/2448] prieto_y_puya... ✅
  [2123/2448] prietuzco,_ca... ✅
  [2124/2448] prigamoza... ✅
  [2125/2448] primanoche... ✅
  [2126/2448] primarias... ✅
  [2127/2448] primate... ✅
  [2128/2448] primavera... ✅
  [2129/2448] prime... ✅
  [2130/2448] prime_rate... ✅
  [2131/2448] prime_time... ✅
  [2132/2448] primer... ✅
  [2133/2448] primer_corte_de_semilla... ✅
  [2134/2448] primer_piso... ✅
  [2135/2448] primera_cáscara... ✅
  [2136/2448] primero_llueve_p'arriba... ✅
  [2137/2448] primero_llueve_para_arriba... ✅
  [2138/2448] principal... ✅
  [2139/2448] principio... ✅
  [2140/2448] pringamoza... ✅
  [2141/2448] print... ✅
  [2142/2448] print_out... ✅
  [2143/2448] printear... ✅
  [2144/2448] printer... ✅
  [2145/2448] priora... ✅
  [2146/2448] priority_mail... ✅
  [2147/2448] priorizado,_da... ✅
  [2148/2448] priorizar... ✅
  [2149/2448] prisionero... ✅
  [2150/2448] prisoso,_sa... ✅
  [2151/2448] pritika... ✅
  [2152/2448] priva... ✅
  [2153/2448] privacidad... ✅
  [2154/2448] privado... ✅
  [2155/2448] pro... ✅
  [2156/2448] pro_del_sesenta... ✅
  [2157/2448] pro_del_setenta... ✅
  [2158/2448] proactivo,_va... ✅
  [2159/2448] probando_es_como_se_guisa... ✅
  [2160/2448] probatoria... ✅
  [2161/2448] procera... ✅
  [2162/2448] procesador_de_alimentos... ✅
  [2163/2448] procesador_de_palabras... ✅
  [2164/2448] procesar... ✅
  [2165/2448] procurador,_ra... ✅
  [2166/2448] procurar... ✅
  [2167/2448] producir_un_documento... ✅
  [2168/2448] produtaba... ✅
  [2169/2448] proel... ✅
  [2170/2448] profesional_de_la_salud... ✅
  [2171/2448] profesión... ✅
  [2172/2448] profesor_limero... ✅
  [2173/2448] proficiencia... ✅
  [2174/2448] profundo,_da... ✅
  [2175/2448] programa_de_retiro... ✅
  [2176/2448] progresista... ✅
  [2177/2448] progreso_escolar... ✅
  [2178/2448] projimidad... ✅
  [2179/2448] prom... ✅
  [2180/2448] promedio... ✅
  [2181/2448] promesa... ✅
  [2182/2448] promiscua... ✅
  [2183/2448] promocionar... ✅
  [2184/2448] promoción... ✅
  [2185/2448] promotor,_ra... ✅
  [2186/2448] promover... ✅
  [2187/2448] pronto... ✅
  [2188/2448] proof_of_ownership... ✅
  [2189/2448] proofreading... ✅
  [2190/2448] propagandizar... ✅
  [2191/2448] propasado,_da... ✅
  [2192/2448] propasarse... ✅
  [2193/2448] propela... ✅
  [2194/2448] propincuo,_cua... ✅
  [2195/2448] propman... ✅
  [2196/2448] proponer... ✅
  [2197/2448] prosero,_ra... ✅
  [2198/2448] prosista... ✅
  [2199/2448] prosopopeya... ✅
  [2200/2448] prosopopéyico,_ca... ✅
  [2201/2448] prospasado,_da... ✅
  [2202/2448] prospasarse... ✅
  [2203/2448] prospecto... ✅
  [2204/2448] prosti... ✅
  [2205/2448] prosudo,_da... ✅
  [2206/2448] protocolo... ✅
  [2207/2448] proxy... ✅
  [2208/2448] proyecto... ✅
  [2209/2448] proyecto_ambiental... ✅
  [2210/2448] proyecto_de_viviendas... ✅
  [2211/2448] proyector_overhead... ✅
  [2212/2448] prudenciarse... ✅
  [2213/2448] prueba... ✅
  [2214/2448] prueba_de_aptitud... ✅
  [2215/2448] prueba_de_campo... ✅
  [2216/2448] prurito... ✅
  [2217/2448] prángana... ✅
  [2218/2448] prójima... ✅
  [2219/2448] próxima... ✅
  [2220/2448] psp... ✅
  [2221/2448] psycho... ✅
  [2222/2448] psychotic... ✅
  [2223/2448] pu... ✅
  [2224/2448] pub... ✅
  [2225/2448] public_relations... ✅
  [2226/2448] publisher... ✅
  [2227/2448] puca... ✅
  [2228/2448] pucha... ✅
  [2229/2448] puche... ✅
  [2230/2448] puchero... ✅
  [2231/2448] puchipluma... ✅
  [2232/2448] pucho... ✅
  [2233/2448] puchumbito... ✅
  [2234/2448] pudin... ✅
  [2235/2448] pudrición... ✅
  [2236/2448] pudín... ✅
  [2237/2448] pudín_de_maíz... ✅
  [2238/2448] pueblo... ✅
  [2239/2448] pueloso... ✅
  [2240/2448] puerca... ✅
  [2241/2448] puerca_a_medias... ✅
  [2242/2448] puercada... ✅
  [2243/2448] puerco... ✅
  [2244/2448] puerco_camarón... ✅
  [2245/2448] puerco_espino... ✅
  [2246/2448] puerquito... ✅
  [2247/2448] puerquito_de_teta... ✅
  [2248/2448] puerquito_mamón... ✅
  [2249/2448] puerta... ✅
  [2250/2448] puerta_de_codo... ✅
  [2251/2448] puerta_de_golpe... ✅
  [2252/2448] puerta_ventana... ✅
  [2253/2448] puerto... ✅
  [2254/2448] puerto_arturo... ✅
  [2255/2448] puertorriqueñeo... ✅
  [2256/2448] puertorriqueñidad... ✅
  [2257/2448] puertorriqueñizarse... ✅
  [2258/2448] puertorriqueño,_ña... ✅
  [2259/2448] puertorro,_rra... ✅
  [2260/2448] puestero... ✅
  [2261/2448] puestudo,_da... ✅
  [2262/2448] puff... ✅
  [2263/2448] pugilación... ✅
  [2264/2448] pugilateado,_da... ✅
  [2265/2448] pugilateado... ✅
  [2266/2448] pugilatear... ✅
  [2267/2448] pugilato... ✅
  [2268/2448] pujalante... ✅
  [2269/2448] pujamante... ✅
  [2270/2448] pujar... ✅
  [2271/2448] pujar_para_adentro... ✅
  [2272/2448] pujar_un_coco... ✅
  [2273/2448] pujavante... ✅
  [2274/2448] pujido... ✅
  [2275/2448] pujo... ✅
  [2276/2448] pujo_de_coco... ✅
  [2277/2448] pujo_de_sangre... ✅
  [2278/2448] puka... ✅
  [2279/2448] pulga... ✅
  [2280/2448] pulgadera... ✅
  [2281/2448] pulguero... ✅
  [2282/2448] pulguiento,_ta... ✅
  [2283/2448] pulgón... ✅
  [2284/2448] pulgón_amarillo... ✅
  [2285/2448] pulido,_da... ✅
  [2286/2448] pull... ✅
  [2287/2448] pull_down_menu... ✅
  [2288/2448] pull_over... ✅
  [2289/2448] pull_up... ✅
  [2290/2448] pulley... ✅
  [2291/2448] pullman... ✅
  [2292/2448] pullover... ✅
  [2293/2448] pullón,_na... ✅
  [2294/2448] pullú,_úa... ✅
  [2295/2448] pulmonear... ✅
  [2296/2448] pulmón... ✅
  [2297/2448] pulover... ✅
  [2298/2448] pulpero,_ra... ✅
  [2299/2448] pulpería... ✅
  [2300/2448] pulpo... ✅
  [2301/2448] pulque... ✅
  [2302/2448] pulseador,_ra... ✅
  [2303/2448] pulsear... ✅
  [2304/2448] pulular... ✅
  [2305/2448] pulóver... ✅
  [2306/2448] puma... ✅
  [2307/2448] pumarrosa... ✅
  [2308/2448] pump... ✅
  [2309/2448] pumpuñete... ✅
  [2310/2448] punción... ✅
  [2311/2448] punk... ✅
  [2312/2448] punta... ✅
  [2313/2448] punta_a_punta... ✅
  [2314/2448] punta_de_pasmo... ✅
  [2315/2448] punta_de_tijera... ✅
  [2316/2448] punta_del_zapato... ✅
  [2317/2448] puntada... ✅
  [2318/2448] puntazo... ✅
  [2319/2448] puntear... ✅
  [2320/2448] puntera... ✅
  [2321/2448] puntilla... ✅
  [2322/2448] puntillanto... ✅
  [2323/2448] puntillazo... ✅
  [2324/2448] puntillero,_ra... ✅
  [2325/2448] puntillero... ✅
  [2326/2448] puntilloso,_sa... ✅
  [2327/2448] punto... ✅
  [2328/2448] punto_de_drogas... ✅
  [2329/2448] puntoso,_sa... ✅
  [2330/2448] puntudo,_da... ✅
  [2331/2448] punzonazo... ✅
  [2332/2448] punzó... ✅
  [2333/2448] punzón... ✅
  [2334/2448] puosa... ✅
  [2335/2448] pupa... ✅
  [2336/2448] pupila... ✅
  [2337/2448] pupilaje... ✅
  [2338/2448] pupilero,_ra... ✅
  [2339/2448] pupilo... ✅
  [2340/2448] puppet... ✅
  [2341/2448] pupurrí... ✅
  [2342/2448] pupusa... ✅
  [2343/2448] pureto... ✅
  [2344/2448] purga... ✅
  [2345/2448] purgación... ✅
  [2346/2448] purgado... ✅
  [2347/2448] purgante... ✅
  [2348/2448] purgante_de_los_tres_aceites... ✅
  [2349/2448] purguero... ✅
  [2350/2448] purguerío... ✅
  [2351/2448] purina... ✅
  [2352/2448] purino,_na... ✅
  [2353/2448] puritine... ✅
  [2354/2448] purito,_ta... ✅
  [2355/2448] puro... ✅
  [2356/2448] purruchada... ✅
  [2357/2448] purruchá... ✅
  [2358/2448] purrón... ✅
  [2359/2448] purser... ✅
  [2360/2448] puré... ✅
  [2361/2448] pusa... ✅
  [2362/2448] push_up... ✅
  [2363/2448] pusher... ✅
  [2364/2448] put_on_the_spot... ✅
  [2365/2448] puta_de_borolín... ✅
  [2366/2448] puta_de_caché... ✅
  [2367/2448] puta_de_sesenta... ✅
  [2368/2448] puta_de_setenta... ✅
  [2369/2448] putaca... ✅
  [2370/2448] putear... ✅
  [2371/2448] putería... ✅
  [2372/2448] putilla... ✅
  [2373/2448] putita_fina... ✅
  [2374/2448] puto... ✅
  [2375/2448] puto_de_la_vida... ✅
  [2376/2448] putt... ✅
  [2377/2448] putuca... ✅
  [2378/2448] putuco... ✅
  [2379/2448] putíbiris... ✅
  [2380/2448] puya... ✅
  [2381/2448] puyar... ✅
  [2382/2448] puyero... ✅
  [2383/2448] puyí... ✅
  [2384/2448] puyón,_na... ✅
  [2385/2448] puyón... ✅
  [2386/2448] puyú,_yúa... ✅
  [2387/2448] puzle... ✅
  [2388/2448] puñalada... ✅
  [2389/2448] puñalear... ✅
  [2390/2448] puñalón... ✅
  [2391/2448] puñeta... ✅
  [2392/2448] puñetero,_ra... ✅
  [2393/2448] puñetería... ✅
  [2394/2448] puño... ✅
  [2395/2448] puño_ñema... ✅
  [2396/2448] puñusco... ✅
  [2397/2448] página_(web)... ✅
  [2398/2448] página_electrónica... ✅
  [2399/2448] página_personal... ✅
  [2400/2448] pájara... ✅
  [2401/2448] pájaro... ✅
  [2402/2448] pájaro_bobo... ✅
  [2403/2448] pájaro_bobo_del_mar... ✅
  [2404/2448] pájaro_bobo_mayor... ✅
  [2405/2448] pájaro_bobo_menor... ✅
  [2406/2448] pájaro_bobo_pechiblanco... ✅
  [2407/2448] pájaro_carpintero... ✅
  [2408/2448] pájaro_de_agua... ✅
  [2409/2448] pájaro_de_altura... ✅
  [2410/2448] pájaro_del_paraíso... ✅
  [2411/2448] pájaro_del_rey... ✅
  [2412/2448] pájaro_fragata... ✅
  [2413/2448] pájaro_mayor... ✅
  [2414/2448] pájaro_mosca... ✅
  [2415/2448] pájaro_mosquito... ✅
  [2416/2448] pálida... ✅
  [2417/2448] pálpito... ✅
  [2418/2448] pámbich... ✅
  [2419/2448] pámpana... ✅
  [2420/2448] pámpano... ✅
  [2421/2448] pámpara... ✅
  [2422/2448] pánico... ✅
  [2423/2448] párroco... ✅
  [2424/2448] párvulo... ✅
  [2425/2448] pécora... ✅
  [2426/2448] péndola... ✅
  [2427/2448] péndola_blanca... ✅
  [2428/2448] péndula... ✅
  [2429/2448] péndula_blanca... ✅
  [2430/2448] péndulo... ✅
  [2431/2448] péndulo_blanco... ✅
  [2432/2448] pénjamo... ✅
  [2433/2448] pértica... ✅
  [2434/2448] pértico... ✅
  [2435/2448] pértiga... ✅
  [2436/2448] pícaro,_ra... ✅
  [2437/2448] pícher... ✅
  [2438/2448] píldora... ✅
  [2439/2448] pípiris_nice... ✅
  [2440/2448] píquel... ✅
  [2441/2448] píxel... ✅
  [2442/2448] pódromo... ✅
  [2443/2448] póquer... ✅
  [2444/2448] póster... ✅
  [2445/2448] púa... ✅
  [2446/2448] público... ✅
  [2447/2448] púlsar... ✅
  [2448/2448] púon... ✅

================================================================================
CONSOLIDATION COMPLETE
================================================================================
  Letter:        P
  Processed:     2448
  Failed:        0
  Output folder: /Users/andrewcasanova/Documents/data_science_projects/ai_projects/TESORO_BORICUA/webscrape/data/preprocessed_tesoro_v2/p


================================================================================
CONSOLIDATING LETTER 'Q' - 159 words
================================================================================

  [   1/159] quark... ✅
  [   2/159] quarterback... ✅
  [   3/159] quasar... ✅
  [   4/159] quaterpipe... ✅
  [   5/159] que_es_un_contento... ✅
  [   6/159] quebracha... ✅
  [   7/159] quebracho... ✅
  [   8/159] quebrada... ✅
  [   9/159] quebradillano,_na... ✅
  [  10/159] quebrado,_da... ✅
  [  11/159] quebrahacha... ✅
  [  12/159] quebrar_la_ubre... ✅
  [  13/159] quedado,_da... ✅
  [  14/159] quedar_achongado... ✅
  [  15/159] quedar_bayusco... ✅
  [  16/159] quedar_brincacharco... ✅
  [  17/159] quedar_chivito... ✅
  [  18/159] quedar_chongo... ✅
  [  19/159] quedar_como_gato_mojado... ✅
  [  20/159] quedar_como_palo... ✅
  [  21/159] quedar_con_el_catre_y_la_batea... ✅
  [  22/159] quedar_cortado... ✅
  [  23/159] quedar_cortando_pajitas... ✅
  [  24/159] quedar_darling... ✅
  [  25/159] quedar_en_blanco... ✅
  [  26/159] quedar_en_chiva... ✅
  [  27/159] quedar_uno_a_tierra_por_guardarraya... ✅
  [  28/159] quedarse_chongo... ✅
  [  29/159] quedarse_como_la_yuca... ✅
  [  30/159] quedarse_con_la_carabina_al_hombro... ✅
  [  31/159] quedarse_en_el_viaje... ✅
  [  32/159] quedarse_en_faldeta... ✅
  [  33/159] quedarse_en_la_prángana... ✅
  [  34/159] quedarse_en_las_tablas... ✅
  [  35/159] quedarse_en_pelota... ✅
  [  36/159] quedarse_jamona... ✅
  [  37/159] quedarse_mapeado... ✅
  [  38/159] quedarse_mascando_pajitas... ✅
  [  39/159] quedarse_mirando_de_lado... ✅
  [  40/159] quedarse_pegado... ✅
  [  41/159] quedarse_puyú... ✅
  [  42/159] quedarse_sembrado... ✅
  [  43/159] quedarse_seteado... ✅
  [  44/159] quedarse_soso... ✅
  [  45/159] quedarse_tieso... ✅
  [  46/159] quedarse_uno_de_aquí... ✅
  [  47/159] queen... ✅
  [  48/159] quejo... ✅
  [  49/159] quejura... ✅
  [  50/159] quema... ✅
  [  51/159] quemada... ✅
  [  52/159] quemadero... ✅
  [  53/159] quemadito,_ta... ✅
  [  54/159] quemado,_da... ✅
  [  55/159] quemador... ✅
  [  56/159] quemador_(de_cd,_dvd)... ✅
  [  57/159] quemar... ✅
  [  58/159] quemarse_el_coco... ✅
  [  59/159] quemarse_el_gofio... ✅
  [  60/159] quemazón... ✅
  [  61/159] quemón... ✅
  [  62/159] quenepa... ✅
  [  63/159] quenepal... ✅
  [  64/159] quenepe... ✅
  [  65/159] quenepero,_ra... ✅
  [  66/159] quenepo,_pa... ✅
  [  67/159] quenepo... ✅
  [  68/159] querendongo,_ga... ✅
  [  69/159] querendón,_na... ✅
  [  70/159] querequeté... ✅
  [  71/159] quererse... ✅
  [  72/159] queresa... ✅
  [  73/159] querindongo,_ga... ✅
  [  74/159] querosina... ✅
  [  75/159] quesito... ✅
  [  76/159] queso... ✅
  [  77/159] queso_crema... ✅
  [  78/159] queso_de_hoja... ✅
  [  79/159] queso_de_puño... ✅
  [  80/159] queso_esmoronao... ✅
  [  81/159] queue... ✅
  [  82/159] quibey... ✅
  [  83/159] quibombó... ✅
  [  84/159] quick_lunch... ✅
  [  85/159] quiebrahacha... ✅
  [  86/159] quien_quita_no_vive_lejos... ✅
  [  87/159] quien_te_quemó_que_te_sople... ✅
  [  88/159] quiet... ✅
  [  89/159] quiet_time... ✅
  [  90/159] quijada... ✅
  [  91/159] quileo... ✅
  [  92/159] quilitique... ✅
  [  93/159] quilla... ✅
  [  94/159] quillada... ✅
  [  95/159] quillivirado... ✅
  [  96/159] quilted... ✅
  [  97/159] quilting... ✅
  [  98/159] quimbamba... ✅
  [  99/159] quimbambó... ✅
  [ 100/159] quimbombó... ✅
  [ 101/159] quimbámbara... ✅
  [ 102/159] quimbámbaras... ✅
  [ 103/159] quimbámbula... ✅
  [ 104/159] quimona... ✅
  [ 105/159] quina... ✅
  [ 106/159] quincalla... ✅
  [ 107/159] quincallero,_ra... ✅
  [ 108/159] quinceañero,_ra... ✅
  [ 109/159] quingambó... ✅
  [ 110/159] quingombó... ✅
  [ 111/159] quinina_de_pobre... ✅
  [ 112/159] quinina_roja... ✅
  [ 113/159] quinino_de_pobre... ✅
  [ 114/159] quinque... ✅
  [ 115/159] quinqui... ✅
  [ 116/159] quinquilloso,_sa... ✅
  [ 117/159] quinqué... ✅
  [ 118/159] quintacolumna... ✅
  [ 119/159] quintacolumnista... ✅
  [ 120/159] quique... ✅
  [ 121/159] quiqueado,_da... ✅
  [ 122/159] quiquear... ✅
  [ 123/159] quiqueo... ✅
  [ 124/159] quiquiriquí... ✅
  [ 125/159] quirico,_ca... ✅
  [ 126/159] quirío... ✅
  [ 127/159] quirólogo... ✅
  [ 128/159] quisquidí... ✅
  [ 129/159] quisquilla... ✅
  [ 130/159] quisquillar... ✅
  [ 131/159] quisquilloso,_sa... ✅
  [ 132/159] quita_y_pon... ✅
  [ 133/159] quitado,_da... ✅
  [ 134/159] quitamal... ✅
  [ 135/159] quitao,_tá... ✅
  [ 136/159] quitapulso... ✅
  [ 137/159] quitar... ✅
  [ 138/159] quitar_el_guante_de_la_cara... ✅
  [ 139/159] quitar_el_hipo... ✅
  [ 140/159] quitar_el_kiosquito... ✅
  [ 141/159] quitar_la_mosca_de_la_oreja... ✅
  [ 142/159] quitar_la_pluma... ✅
  [ 143/159] quitar_la_plumita... ✅
  [ 144/159] quitarán... ✅
  [ 145/159] quitasol... ✅
  [ 146/159] quitatinta... ✅
  [ 147/159] quite... ✅
  [ 148/159] quitipón... ✅
  [ 149/159] quitique... ✅
  [ 150/159] quitiqui... ✅
  [ 151/159] quitrín... ✅
  [ 152/159] quiya... ✅
  [ 153/159] quiz... ✅
  [ 154/159] quiz_show... ✅
  [ 155/159] quizshow... ✅
  [ 156/159] quizz... ✅
  [ 157/159] quiñar... ✅
  [ 158/159] quiñarse... ✅
  [ 159/159] químico... ✅

================================================================================
CONSOLIDATION COMPLETE
================================================================================
  Letter:        Q
  Processed:     159
  Failed:        0
  Output folder: /Users/andrewcasanova/Documents/data_science_projects/ai_projects/TESORO_BORICUA/webscrape/data/preprocessed_tesoro_v2/q


================================================================================
CONSOLIDATING LETTER 'R' - 939 words
================================================================================

  [   1/939] ra... ✅
  [   2/939] rabadilla... ✅
  [   3/939] rabasquiento,_ta... ✅
  [   4/939] rabasquiña... ✅
  [   5/939] rabear... ✅
  [   6/939] rabia... ✅
  [   7/939] rabiasca... ✅
  [   8/939] rabiascoso,_sa... ✅
  [   9/939] rabiche... ✅
  [  10/939] rabijunco... ✅
  [  11/939] rabilarga... ✅
  [  12/939] rabilucho... ✅
  [  13/939] rabimocho,_cha... ✅
  [  14/939] rabiparado... ✅
  [  15/939] rabirrubia... ✅
  [  16/939] rabiseco,_ca... ✅
  [  17/939] rabiseco... ✅
  [  18/939] rabituerto... ✅
  [  19/939] rabiza... ✅
  [  20/939] rabo... ✅
  [  21/939] rabo_de_alacrán... ✅
  [  22/939] rabo_de_ardilla... ✅
  [  23/939] rabo_de_batata... ✅
  [  24/939] rabo_de_burro... ✅
  [  25/939] rabo_de_caballo... ✅
  [  26/939] rabo_de_gallo... ✅
  [  27/939] rabo_de_gato... ✅
  [  28/939] rabo_de_junco... ✅
  [  29/939] rabo_de_manguera... ✅
  [  30/939] rabo_de_ratón... ✅
  [  31/939] rabojunco... ✅
  [  32/939] rabotazo... ✅
  [  33/939] rabuda... ✅
  [  34/939] rabudo,_da... ✅
  [  35/939] rabón,_na... ✅
  [  36/939] raca... ✅
  [  37/939] racha_de_viento... ✅
  [  38/939] racimo... ✅
  [  39/939] rack... ✅
  [  40/939] rack_and_pinion... ✅
  [  41/939] rack_de_equipajes... ✅
  [  42/939] racket... ✅
  [  43/939] radar... ✅
  [  44/939] radial... ✅
  [  45/939] radiante... ✅
  [  46/939] radiar... ✅
  [  47/939] radicar... ✅
  [  48/939] radicar_acción_legal... ✅
  [  49/939] radicar_cargos_criminales... ✅
  [  50/939] radicar_una_querella... ✅
  [  51/939] radio_de_baterías... ✅
  [  52/939] radio_shop... ✅
  [  53/939] radioescucha... ✅
  [  54/939] radiola... ✅
  [  55/939] radioyente... ✅
  [  56/939] rafargaya... ✅
  [  57/939] rafle... ✅
  [  58/939] rafting... ✅
  [  59/939] ragargaya... ✅
  [  60/939] raglán... ✅
  [  61/939] ragtime... ✅
  [  62/939] ragú... ✅
  [  63/939] rahe... ✅
  [  64/939] rahua... ✅
  [  65/939] rahú... ✅
  [  66/939] raicera... ✅
  [  67/939] raicero... ✅
  [  68/939] raid... ✅
  [  69/939] railroad_crossing... ✅
  [  70/939] rain_check... ✅
  [  71/939] raitrú... ✅
  [  72/939] raizal... ✅
  [  73/939] raizar... ✅
  [  74/939] raja... ✅
  [  75/939] rajaboca... ✅
  [  76/939] rajado,_da... ✅
  [  77/939] rajado_como_la_patilla... ✅
  [  78/939] rajadura... ✅
  [  79/939] rajar... ✅
  [  80/939] rajar_la_papeleta... ✅
  [  81/939] rajarse... ✅
  [  82/939] rajarse_como_una_patilla... ✅
  [  83/939] rajeta... ✅
  [  84/939] rajiero... ✅
  [  85/939] rajón... ✅
  [  86/939] rala... ✅
  [  87/939] raliar... ✅
  [  88/939] rallo... ✅
  [  89/939] rally... ✅
  [  90/939] ralo,_la... ✅
  [  91/939] ram... ✅
  [  92/939] rama... ✅
  [  93/939] ramajo... ✅
  [  94/939] ramazón... ✅
  [  95/939] ramería... ✅
  [  96/939] ramo_de_alcabala... ✅
  [  97/939] ramoncillo... ✅
  [  98/939] rampante... ✅
  [  99/939] ramón... ✅
  [ 100/939] rana... ✅
  [ 101/939] ranchador... ✅
  [ 102/939] rancheador... ✅
  [ 103/939] ranchear... ✅
  [ 104/939] ranchera... ✅
  [ 105/939] ranchero,_ra... ✅
  [ 106/939] ranchería... ✅
  [ 107/939] rancherío... ✅
  [ 108/939] ranchista... ✅
  [ 109/939] ranchito... ✅
  [ 110/939] rancho... ✅
  [ 111/939] ranchón... ✅
  [ 112/939] ranchón_del_despalillado... ✅
  [ 113/939] ranciedad... ✅
  [ 114/939] rancio,_cia... ✅
  [ 115/939] rancioso,_sa... ✅
  [ 116/939] rancontán... ✅
  [ 117/939] randero... ✅
  [ 118/939] random... ✅
  [ 119/939] randomizar... ✅
  [ 120/939] ranería... ✅
  [ 121/939] ranerío... ✅
  [ 122/939] range... ✅
  [ 123/939] ranilla... ✅
  [ 124/939] rankear... ✅
  [ 125/939] rankearse... ✅
  [ 126/939] ranking... ✅
  [ 127/939] ranqueado... ✅
  [ 128/939] rap... ✅
  [ 129/939] rapadura... ✅
  [ 130/939] rapalo,_la... ✅
  [ 131/939] rapeado... ✅
  [ 132/939] rapeador... ✅
  [ 133/939] rapear... ✅
  [ 134/939] rapeo... ✅
  [ 135/939] rapero... ✅
  [ 136/939] rapillar... ✅
  [ 137/939] raposo,_sa... ✅
  [ 138/939] raquet... ✅
  [ 139/939] raqueta... ✅
  [ 140/939] raquetear... ✅
  [ 141/939] raqueteo... ✅
  [ 142/939] raqueteo_de_palo_y_leña... ✅
  [ 143/939] raquetero,_ra... ✅
  [ 144/939] raqui_raqui... ✅
  [ 145/939] rasante... ✅
  [ 146/939] rasca... ✅
  [ 147/939] rascabuche... ✅
  [ 148/939] rascacielos... ✅
  [ 149/939] rascacio... ✅
  [ 150/939] rascadera... ✅
  [ 151/939] rascado,_da... ✅
  [ 152/939] rascador,_ra... ✅
  [ 153/939] rascagarganta... ✅
  [ 154/939] rascamoño... ✅
  [ 155/939] rascana... ✅
  [ 156/939] rascar... ✅
  [ 157/939] rascarse... ✅
  [ 158/939] rascazo... ✅
  [ 159/939] rascona... ✅
  [ 160/939] rascoso... ✅
  [ 161/939] rascón... ✅
  [ 162/939] rasguño... ✅
  [ 163/939] rasguñón... ✅
  [ 164/939] rash... ✅
  [ 165/939] raspa... ✅
  [ 166/939] raspa_con_lauder... ✅
  [ 167/939] raspa_cum_la_'d'... ✅
  [ 168/939] raspa_de_cuerpo... ✅
  [ 169/939] raspa_de_mano... ✅
  [ 170/939] raspa_de_uña... ✅
  [ 171/939] raspa_la_uña... ✅
  [ 172/939] raspacoco... ✅
  [ 173/939] raspada... ✅
  [ 174/939] raspado,_da... ✅
  [ 175/939] raspado... ✅
  [ 176/939] raspadura... ✅
  [ 177/939] raspapolvo... ✅
  [ 178/939] raspar... ✅
  [ 179/939] raspar_champion... ✅
  [ 180/939] rasparse_una_casqueta... ✅
  [ 181/939] rasparse_una_de_coquito... ✅
  [ 182/939] raspazo... ✅
  [ 183/939] raspberry... ✅
  [ 184/939] raspe... ✅
  [ 185/939] raspear... ✅
  [ 186/939] raspón... ✅
  [ 187/939] rasqueta... ✅
  [ 188/939] rasquetear... ✅
  [ 189/939] rasquetearse... ✅
  [ 190/939] rasquiña... ✅
  [ 191/939] rasquiñoso,_sa... ✅
  [ 192/939] rastra... ✅
  [ 193/939] rastreador... ✅
  [ 194/939] rastrear... ✅
  [ 195/939] rastrillazo... ✅
  [ 196/939] rastrillo... ✅
  [ 197/939] rastro... ✅
  [ 198/939] rata... ✅
  [ 199/939] rata_carcelera... ✅
  [ 200/939] rata_chota... ✅
  [ 201/939] rateado,_da... ✅
  [ 202/939] ratear... ✅
  [ 203/939] rateo... ✅
  [ 204/939] ratero... ✅
  [ 205/939] rating... ✅
  [ 206/939] ratolín,_na... ✅
  [ 207/939] ratoncito_pérez... ✅
  [ 208/939] ratonera... ✅
  [ 209/939] ratonera_de_cantazo... ✅
  [ 210/939] rattan... ✅
  [ 211/939] ratón,_na... ✅
  [ 212/939] ratón... ✅
  [ 213/939] ratón_de_biblioteca... ✅
  [ 214/939] raviolis... ✅
  [ 215/939] ray... ✅
  [ 216/939] ray_trú... ✅
  [ 217/939] raya... ✅
  [ 218/939] rayado,_da... ✅
  [ 219/939] rayado... ✅
  [ 220/939] rayado_de_yerba... ✅
  [ 221/939] rayo... ✅
  [ 222/939] raytru... ✅
  [ 223/939] rayón... ✅
  [ 224/939] razao... ✅
  [ 225/939] razón... ✅
  [ 226/939] raíl... ✅
  [ 227/939] reaccionar... ✅
  [ 228/939] ready... ✅
  [ 229/939] ready_to_go... ✅
  [ 230/939] real... ✅
  [ 231/939] real_state... ✅
  [ 232/939] real_state_agent... ✅
  [ 233/939] realengo,_ga... ✅
  [ 234/939] realidad_virtual... ✅
  [ 235/939] reality_check... ✅
  [ 236/939] reality_show... ✅
  [ 237/939] realizar... ✅
  [ 238/939] realtor... ✅
  [ 239/939] reata... ✅
  [ 240/939] rebascada... ✅
  [ 241/939] rebate... ✅
  [ 242/939] rebatir... ✅
  [ 243/939] rebejío,_ía... ✅
  [ 244/939] rebenque... ✅
  [ 245/939] rebotar... ✅
  [ 246/939] rebotazo... ✅
  [ 247/939] rebotear... ✅
  [ 248/939] rebozo... ✅
  [ 249/939] rebozo_de_orilla... ✅
  [ 250/939] rebudear... ✅
  [ 251/939] rebujado,_da... ✅
  [ 252/939] rebulear... ✅
  [ 253/939] rebuleo... ✅
  [ 254/939] rebulero,_ra... ✅
  [ 255/939] rebulú... ✅
  [ 256/939] rebutear... ✅
  [ 257/939] rebuttal... ✅
  [ 258/939] rebuznar... ✅
  [ 259/939] recado... ✅
  [ 260/939] recall... ✅
  [ 261/939] recalmón... ✅
  [ 262/939] recao... ✅
  [ 263/939] recap... ✅
  [ 264/939] receiver... ✅
  [ 265/939] recentina... ✅
  [ 266/939] recepcionista... ✅
  [ 267/939] receptor... ✅
  [ 268/939] recesión... ✅
  [ 269/939] receta... ✅
  [ 270/939] recetador,_ra... ✅
  [ 271/939] recetar... ✅
  [ 272/939] recetarse... ✅
  [ 273/939] receteo... ✅
  [ 274/939] rechace... ✅
  [ 275/939] rechazo... ✅
  [ 276/939] rechinar... ✅
  [ 277/939] rechoncho,_cha... ✅
  [ 278/939] rechonchón,_na... ✅
  [ 279/939] recibidor... ✅
  [ 280/939] reciclaje... ✅
  [ 281/939] reciclar... ✅
  [ 282/939] recinto... ✅
  [ 283/939] recipiente... ✅
  [ 284/939] recitacional... ✅
  [ 285/939] recoge... ✅
  [ 286/939] recogedor... ✅
  [ 287/939] recogedor_de_caña... ✅
  [ 288/939] recoger... ✅
  [ 289/939] recoger_la_valla... ✅
  [ 290/939] recogerse_a_buen_vivir... ✅
  [ 291/939] recogida... ✅
  [ 292/939] recogido,_da... ✅
  [ 293/939] reconocer... ✅
  [ 294/939] reconocimiento... ✅
  [ 295/939] reconsiderar... ✅
  [ 296/939] record... ✅
  [ 297/939] record_book... ✅
  [ 298/939] recordman... ✅
  [ 299/939] recorrer... ✅
  [ 300/939] recortarse... ✅
  [ 301/939] recorte... ✅
  [ 302/939] recorte_a_lo_dita... ✅
  [ 303/939] recorte_de_sombrilla... ✅
  [ 304/939] recostarse... ✅
  [ 305/939] recostarse_de_alguien... ✅
  [ 306/939] recoveco... ✅
  [ 307/939] recovery... ✅
  [ 308/939] recovery_(room)... ✅
  [ 309/939] recreacional... ✅
  [ 310/939] recría... ✅
  [ 311/939] recua... ✅
  [ 312/939] recular... ✅
  [ 313/939] reculón,_na... ✅
  [ 314/939] reculón... ✅
  [ 315/939] red... ✅
  [ 316/939] red_de_mano... ✅
  [ 317/939] red_fija... ✅
  [ 318/939] red_flotante... ✅
  [ 319/939] red_tape... ✅
  [ 320/939] redada... ✅
  [ 321/939] redomado,_da... ✅
  [ 322/939] redondel... ✅
  [ 323/939] redondo,_da... ✅
  [ 324/939] redrojo... ✅
  [ 325/939] reducido... ✅
  [ 326/939] reducir_costos... ✅
  [ 327/939] refaccionar... ✅
  [ 328/939] refacción... ✅
  [ 329/939] refajo... ✅
  [ 330/939] referee... ✅
  [ 331/939] referí... ✅
  [ 332/939] refill... ✅
  [ 333/939] refistolero,_ra... ✅
  [ 334/939] refistolería... ✅
  [ 335/939] reflactómetro... ✅
  [ 336/939] reflectivo... ✅
  [ 337/939] reflectómetro... ✅
  [ 338/939] refocilarse... ✅
  [ 339/939] refractómetro... ✅
  [ 340/939] refregar... ✅
  [ 341/939] refresco_de_palito... ✅
  [ 342/939] refrigerador... ✅
  [ 343/939] refrito... ✅
  [ 344/939] refugio... ✅
  [ 345/939] refunfuñón,_na... ✅
  [ 346/939] regadera... ✅
  [ 347/939] regadío... ✅
  [ 348/939] regalía... ✅
  [ 349/939] regalón,_na... ✅
  [ 350/939] regar... ✅
  [ 351/939] regar_la_varilla... ✅
  [ 352/939] regar_la_voz... ✅
  [ 353/939] regar_un_piquete... ✅
  [ 354/939] regar_una_varilla... ✅
  [ 355/939] regarse_como_la_verdolaga... ✅
  [ 356/939] regateador,_ra... ✅
  [ 357/939] regatear... ✅
  [ 358/939] regateo... ✅
  [ 359/939] regencia... ✅
  [ 360/939] regentear... ✅
  [ 361/939] reggae... ✅
  [ 362/939] reggaetonero... ✅
  [ 363/939] reggaetón... ✅
  [ 364/939] regimentar... ✅
  [ 365/939] regio,_gia... ✅
  [ 366/939] registración... ✅
  [ 367/939] registrador,_ra... ✅
  [ 368/939] registrar... ✅
  [ 369/939] registro_de_lidia... ✅
  [ 370/939] reglar... ✅
  [ 371/939] regodearse... ✅
  [ 372/939] regodeo... ✅
  [ 373/939] regordecido,_da... ✅
  [ 374/939] regordío,_día... ✅
  [ 375/939] reguerete... ✅
  [ 376/939] regueretear... ✅
  [ 377/939] regueretero,_ra... ✅
  [ 378/939] reguerito... ✅
  [ 379/939] reguero... ✅
  [ 380/939] reguetonero... ✅
  [ 381/939] reguetón... ✅
  [ 382/939] reguindar... ✅
  [ 383/939] regulación... ✅
  [ 384/939] regular... ✅
  [ 385/939] regustado,_da... ✅
  [ 386/939] regustar... ✅
  [ 387/939] rehendija... ✅
  [ 388/939] rehoya... ✅
  [ 389/939] rehundir... ✅
  [ 390/939] rehusa... ✅
  [ 391/939] reina... ✅
  [ 392/939] reina_de_las_flores... ✅
  [ 393/939] reina_de_noche... ✅
  [ 394/939] reina_mora... ✅
  [ 395/939] reinamora... ✅
  [ 396/939] reinforzar... ✅
  [ 397/939] reingreso... ✅
  [ 398/939] reinita... ✅
  [ 399/939] reinona... ✅
  [ 400/939] reis... ✅
  [ 401/939] reissue... ✅
  [ 402/939] reja... ✅
  [ 403/939] rejender... ✅
  [ 404/939] rejendija... ✅
  [ 405/939] rejoya... ✅
  [ 406/939] rejuego... ✅
  [ 407/939] rejundir... ✅
  [ 408/939] rejunjir... ✅
  [ 409/939] rején... ✅
  [ 410/939] rejín... ✅
  [ 411/939] rejón... ✅
  [ 412/939] relacionado_a... ✅
  [ 413/939] relaciones_públicas... ✅
  [ 414/939] relacionista_público... ✅
  [ 415/939] relajar... ✅
  [ 416/939] relajear... ✅
  [ 417/939] relajo... ✅
  [ 418/939] relajón,_na... ✅
  [ 419/939] relancino,_na... ✅
  [ 420/939] relax... ✅
  [ 421/939] relaxed... ✅
  [ 422/939] relay... ✅
  [ 423/939] release... ✅
  [ 424/939] relevancia... ✅
  [ 425/939] relevante... ✅
  [ 426/939] relinga... ✅
  [ 427/939] reluciente... ✅
  [ 428/939] relé... ✅
  [ 429/939] remachar... ✅
  [ 430/939] remacho,_cha... ✅
  [ 431/939] remansar... ✅
  [ 432/939] remanso... ✅
  [ 433/939] remarcar... ✅
  [ 434/939] remark... ✅
  [ 435/939] rematar... ✅
  [ 436/939] remedial... ✅
  [ 437/939] remeneada... ✅
  [ 438/939] remeneo... ✅
  [ 439/939] remeneón... ✅
  [ 440/939] remeter... ✅
  [ 441/939] remiel... ✅
  [ 442/939] remilgado,_da... ✅
  [ 443/939] remilgoso,_sa... ✅
  [ 444/939] remillón... ✅
  [ 445/939] remix... ✅
  [ 446/939] remodelación... ✅
  [ 447/939] remodelar... ✅
  [ 448/939] remojar... ✅
  [ 449/939] remojo... ✅
  [ 450/939] remolino... ✅
  [ 451/939] remolino_de_viento... ✅
  [ 452/939] remover... ✅
  [ 453/939] remozado,_da... ✅
  [ 454/939] rempujar... ✅
  [ 455/939] rempujón... ✅
  [ 456/939] remuda... ✅
  [ 457/939] renacuajo,_ja... ✅
  [ 458/939] renco,_ca... ✅
  [ 459/939] rendaje... ✅
  [ 460/939] rendar... ✅
  [ 461/939] rendir... ✅
  [ 462/939] renglón... ✅
  [ 463/939] rengo,_ga... ✅
  [ 464/939] renta... ✅
  [ 465/939] rentar... ✅
  [ 466/939] renuevo... ✅
  [ 467/939] reparar... ✅
  [ 468/939] reparista... ✅
  [ 469/939] repelencia... ✅
  [ 470/939] repelillo... ✅
  [ 471/939] repeloso,_sa... ✅
  [ 472/939] reperpero... ✅
  [ 473/939] repertorio... ✅
  [ 474/939] repesar... ✅
  [ 475/939] repetitoso,_sa... ✅
  [ 476/939] repicador,_ra... ✅
  [ 477/939] repicador... ✅
  [ 478/939] repicar... ✅
  [ 479/939] repicar_el_fuete... ✅
  [ 480/939] repiqueo... ✅
  [ 481/939] repisa... ✅
  [ 482/939] replay... ✅
  [ 483/939] reportable... ✅
  [ 484/939] reportado,_da... ✅
  [ 485/939] reportaje... ✅
  [ 486/939] reportar... ✅
  [ 487/939] reportarse... ✅
  [ 488/939] reporte... ✅
  [ 489/939] reportero,_ra... ✅
  [ 490/939] reposeer... ✅
  [ 491/939] reposeído... ✅
  [ 492/939] repostar... ✅
  [ 493/939] reproducción_asistida... ✅
  [ 494/939] republicano,_na... ✅
  [ 495/939] repuesta... ✅
  [ 496/939] repuesto,_ta... ✅
  [ 497/939] repuesto... ✅
  [ 498/939] repugnante... ✅
  [ 499/939] repórter... ✅
  [ 500/939] requedarse... ✅
  [ 501/939] requemada... ✅
  [ 502/939] requemo... ✅
  [ 503/939] request_for_proposal... ✅
  [ 504/939] requibeques... ✅
  [ 505/939] requintar... ✅
  [ 506/939] requinto... ✅
  [ 507/939] requisición... ✅
  [ 508/939] requisitorio,_ria... ✅
  [ 509/939] res... ✅
  [ 510/939] resabio... ✅
  [ 511/939] resabioso,_sa... ✅
  [ 512/939] resaca... ✅
  [ 513/939] resaca_de_palos... ✅
  [ 514/939] resacar... ✅
  [ 515/939] resaque_de_fondo... ✅
  [ 516/939] resbalar... ✅
  [ 517/939] resbaloso,_sa... ✅
  [ 518/939] resbaloso... ✅
  [ 519/939] rescate... ✅
  [ 520/939] rescoldo... ✅
  [ 521/939] research... ✅
  [ 522/939] resecar... ✅
  [ 523/939] resedá... ✅
  [ 524/939] reservación... ✅
  [ 525/939] resetear... ✅
  [ 526/939] reseña... ✅
  [ 527/939] resguardo... ✅
  [ 528/939] resi... ✅
  [ 529/939] residencial... ✅
  [ 530/939] residenciamiento... ✅
  [ 531/939] residente... ✅
  [ 532/939] resiembro... ✅
  [ 533/939] resolana... ✅
  [ 534/939] resolladero... ✅
  [ 535/939] resollar... ✅
  [ 536/939] resort... ✅
  [ 537/939] respaldar... ✅
  [ 538/939] respetible... ✅
  [ 539/939] respingado,_da... ✅
  [ 540/939] respingar... ✅
  [ 541/939] respingo... ✅
  [ 542/939] respingón,_na... ✅
  [ 543/939] respirador... ✅
  [ 544/939] respiro... ✅
  [ 545/939] responsabilizar... ✅
  [ 546/939] responsivo... ✅
  [ 547/939] resquicio... ✅
  [ 548/939] restallar... ✅
  [ 549/939] restante... ✅
  [ 550/939] restaurán... ✅
  [ 551/939] restrallar... ✅
  [ 552/939] restrellar... ✅
  [ 553/939] restrillar... ✅
  [ 554/939] restrillazo... ✅
  [ 555/939] restrillo... ✅
  [ 556/939] restroom... ✅
  [ 557/939] resuello... ✅
  [ 558/939] resuelve... ✅
  [ 559/939] resulta... ✅
  [ 560/939] resumidero... ✅
  [ 561/939] resumé... ✅
  [ 562/939] retail... ✅
  [ 563/939] retail_price... ✅
  [ 564/939] retama... ✅
  [ 565/939] retama_del_país... ✅
  [ 566/939] retamo... ✅
  [ 567/939] retardación_mental... ✅
  [ 568/939] retardado,_da... ✅
  [ 569/939] retardo,_da... ✅
  [ 570/939] retazado,_da... ✅
  [ 571/939] retazar... ✅
  [ 572/939] retazo... ✅
  [ 573/939] retejador... ✅
  [ 574/939] retejar... ✅
  [ 575/939] retejo... ✅
  [ 576/939] retención... ✅
  [ 577/939] retentar... ✅
  [ 578/939] reticencia... ✅
  [ 579/939] retinto,_ta... ✅
  [ 580/939] retirado,_da... ✅
  [ 581/939] retirarse... ✅
  [ 582/939] retiro... ✅
  [ 583/939] retiro_temprano... ✅
  [ 584/939] retorcijarse... ✅
  [ 585/939] retorcijón... ✅
  [ 586/939] retorno... ✅
  [ 587/939] retortijón... ✅
  [ 588/939] retoyo... ✅
  [ 589/939] retozar... ✅
  [ 590/939] retozo... ✅
  [ 591/939] retozón,_na... ✅
  [ 592/939] retoño... ✅
  [ 593/939] retoño_de_la_caña... ✅
  [ 594/939] retraimiento... ✅
  [ 595/939] retrajila... ✅
  [ 596/939] retranca... ✅
  [ 597/939] retrancar... ✅
  [ 598/939] retranquero... ✅
  [ 599/939] retratar... ✅
  [ 600/939] retratar_el_gallo... ✅
  [ 601/939] retrepar... ✅
  [ 602/939] retreta... ✅
  [ 603/939] retrospecto... ✅
  [ 604/939] retrógrado,_da... ✅
  [ 605/939] retén... ✅
  [ 606/939] reuma... ✅
  [ 607/939] revancha... ✅
  [ 608/939] revanchismo... ✅
  [ 609/939] revejerse... ✅
  [ 610/939] revejido,_da... ✅
  [ 611/939] revendón,_na... ✅
  [ 612/939] reventazón... ✅
  [ 613/939] reventón... ✅
  [ 614/939] revenío,_nía... ✅
  [ 615/939] reverbero... ✅
  [ 616/939] reverendo... ✅
  [ 617/939] reversa... ✅
  [ 618/939] reversar... ✅
  [ 619/939] revesado,_da... ✅
  [ 620/939] revientacaballo... ✅
  [ 621/939] revientamarullo... ✅
  [ 622/939] review... ✅
  [ 623/939] revirar... ✅
  [ 624/939] revirón... ✅
  [ 625/939] revisión_de_literatura... ✅
  [ 626/939] revival... ✅
  [ 627/939] revolcón... ✅
  [ 628/939] revolear... ✅
  [ 629/939] revoletear... ✅
  [ 630/939] revolinche... ✅
  [ 631/939] revolisco... ✅
  [ 632/939] revoltillo... ✅
  [ 633/939] revoltura... ✅
  [ 634/939] revolucionoso,_sa... ✅
  [ 635/939] revolvedor... ✅
  [ 636/939] revolvimiento... ✅
  [ 637/939] revolú... ✅
  [ 638/939] revolú_artesano... ✅
  [ 639/939] revolú_blanco... ✅
  [ 640/939] revolú_blandón... ✅
  [ 641/939] revolú_canilla... ✅
  [ 642/939] revolú_colorao... ✅
  [ 643/939] revolú_con_bicicleta... ✅
  [ 644/939] revolú_con_carne... ✅
  [ 645/939] revolú_con_culo... ✅
  [ 646/939] revolú_con_cumbrera... ✅
  [ 647/939] revolú_con_dulce... ✅
  [ 648/939] revolú_con_mangó... ✅
  [ 649/939] revolú_con_perico... ✅
  [ 650/939] revolú_de_puyita... ✅
  [ 651/939] revolú_junto... ✅
  [ 652/939] revolú_prendido... ✅
  [ 653/939] revuelo... ✅
  [ 654/939] revulú... ✅
  [ 655/939] revólver... ✅
  [ 656/939] rey... ✅
  [ 657/939] rey_del_monstruo... ✅
  [ 658/939] reyador,_ra... ✅
  [ 659/939] reyar... ✅
  [ 660/939] reyes... ✅
  [ 661/939] rezaga... ✅
  [ 662/939] rezoca... ✅
  [ 663/939] rezumbar... ✅
  [ 664/939] reír_las_gracias_a_alguien... ✅
  [ 665/939] reírse_con_las_muelas_de_atrás... ✅
  [ 666/939] reñir... ✅
  [ 667/939] reñoso,_sa... ✅
  [ 668/939] rfp... ✅
  [ 669/939] rhythm_and_blues... ✅
  [ 670/939] ri... ✅
  [ 671/939] rial... ✅
  [ 672/939] ribazo... ✅
  [ 673/939] ribera... ✅
  [ 674/939] ribota... ✅
  [ 675/939] ricacho,_cha... ✅
  [ 676/939] ricano,_na... ✅
  [ 677/939] ricino... ✅
  [ 678/939] ride... ✅
  [ 679/939] riesgoso,_sa... ✅
  [ 680/939] rifle... ✅
  [ 681/939] right... ✅
  [ 682/939] right_field... ✅
  [ 683/939] right_fielder... ✅
  [ 684/939] right_true... ✅
  [ 685/939] rilain... ✅
  [ 686/939] rile... ✅
  [ 687/939] rima... ✅
  [ 688/939] rimar... ✅
  [ 689/939] rimel... ✅
  [ 690/939] rinconeño,_ña... ✅
  [ 691/939] ring... ✅
  [ 692/939] ring_side... ✅
  [ 693/939] ringtone... ✅
  [ 694/939] rinoceronte... ✅
  [ 695/939] rinse... ✅
  [ 696/939] riograndeño,_ña... ✅
  [ 697/939] rioma... ✅
  [ 698/939] riopedreño,_ña... ✅
  [ 699/939] riot... ✅
  [ 700/939] ripear... ✅
  [ 701/939] ripeo... ✅
  [ 702/939] ripio... ✅
  [ 703/939] ripostar... ✅
  [ 704/939] riqueño,_ña... ✅
  [ 705/939] ris... ✅
  [ 706/939] risco... ✅
  [ 707/939] riscoso,_sa... ✅
  [ 708/939] risería... ✅
  [ 709/939] risipela... ✅
  [ 710/939] ritmar... ✅
  [ 711/939] rito... ✅
  [ 712/939] riversa... ✅
  [ 713/939] riversar... ✅
  [ 714/939] riversazo... ✅
  [ 715/939] rizo,_za... ✅
  [ 716/939] rizo... ✅
  [ 717/939] riña... ✅
  [ 718/939] riñoso,_sa... ✅
  [ 719/939] riñón... ✅
  [ 720/939] ro... ✅
  [ 721/939] roa... ✅
  [ 722/939] road_trip... ✅
  [ 723/939] roaming... ✅
  [ 724/939] roast_beef... ✅
  [ 725/939] robacaballos... ✅
  [ 726/939] robacunas... ✅
  [ 727/939] robalete... ✅
  [ 728/939] robalo... ✅
  [ 729/939] robalo_blanco... ✅
  [ 730/939] robarse_el_show... ✅
  [ 731/939] roble... ✅
  [ 732/939] roble_amarillo... ✅
  [ 733/939] roble_colorado... ✅
  [ 734/939] roble_guayo... ✅
  [ 735/939] robot... ✅
  [ 736/939] rocear... ✅
  [ 737/939] roceo... ✅
  [ 738/939] rochado,_da... ✅
  [ 739/939] rochar... ✅
  [ 740/939] roche... ✅
  [ 741/939] rocheado,_da... ✅
  [ 742/939] rochear... ✅
  [ 743/939] rochela... ✅
  [ 744/939] rochelear... ✅
  [ 745/939] rochelero,_ra... ✅
  [ 746/939] rocheo... ✅
  [ 747/939] rocho,_cha... ✅
  [ 748/939] rociar... ✅
  [ 749/939] rock... ✅
  [ 750/939] rock_&_roll... ✅
  [ 751/939] rock_and_roll... ✅
  [ 752/939] rockero... ✅
  [ 753/939] rocksteady... ✅
  [ 754/939] roda... ✅
  [ 755/939] rodilla... ✅
  [ 756/939] rodillero... ✅
  [ 757/939] rodillo... ✅
  [ 758/939] rojo,_ja... ✅
  [ 759/939] rol... ✅
  [ 760/939] rola... ✅
  [ 761/939] rolear... ✅
  [ 762/939] roleta... ✅
  [ 763/939] rolina... ✅
  [ 764/939] rolita... ✅
  [ 765/939] roll_over... ✅
  [ 766/939] rolling... ✅
  [ 767/939] rollizo... ✅
  [ 768/939] rollo... ✅
  [ 769/939] rollover... ✅
  [ 770/939] rollón... ✅
  [ 771/939] rolo... ✅
  [ 772/939] rom... ✅
  [ 773/939] roma... ✅
  [ 774/939] romance... ✅
  [ 775/939] romanero... ✅
  [ 776/939] romatismo... ✅
  [ 777/939] romereante... ✅
  [ 778/939] romo... ✅
  [ 779/939] rompe_hueso... ✅
  [ 780/939] rompealdaba... ✅
  [ 781/939] rompebolas... ✅
  [ 782/939] rompecabeza... ✅
  [ 783/939] rompecercas... ✅
  [ 784/939] rompecota... ✅
  [ 785/939] rompecuello... ✅
  [ 786/939] rompeculo... ✅
  [ 787/939] rompecuna... ✅
  [ 788/939] rompecurva... ✅
  [ 789/939] rompediente... ✅
  [ 790/939] rompedora... ✅
  [ 791/939] rompehacha... ✅
  [ 792/939] rompehuelga... ✅
  [ 793/939] rompehueso... ✅
  [ 794/939] rompelaolla... ✅
  [ 795/939] rompelibro... ✅
  [ 796/939] rompeola... ✅
  [ 797/939] rompeola_de_piedra... ✅
  [ 798/939] rompepecho... ✅
  [ 799/939] romper... ✅
  [ 800/939] romper_cabecera_de_surco... ✅
  [ 801/939] romper_campaña... ✅
  [ 802/939] romper_el_banco... ✅
  [ 803/939] romper_el_bautismo... ✅
  [ 804/939] romper_el_bejuco_a_alguien... ✅
  [ 805/939] romper_el_saco... ✅
  [ 806/939] romper_jiribilla... ✅
  [ 807/939] romper_la_jiribilla... ✅
  [ 808/939] romper_la_ley... ✅
  [ 809/939] romper_un_coco... ✅
  [ 810/939] romper_vicio... ✅
  [ 811/939] romperse... ✅
  [ 812/939] romperse_el_bejuco... ✅
  [ 813/939] rompetrabajo... ✅
  [ 814/939] ron... ✅
  [ 815/939] ron_blanco... ✅
  [ 816/939] ron_calero... ✅
  [ 817/939] ron_caña... ✅
  [ 818/939] ron_cañita... ✅
  [ 819/939] ron_con_morta... ✅
  [ 820/939] ron_con_murta... ✅
  [ 821/939] ron_de_cabeza... ✅
  [ 822/939] ron_de_malagueta... ✅
  [ 823/939] ron_party... ✅
  [ 824/939] roncador... ✅
  [ 825/939] roncaera... ✅
  [ 826/939] roncar... ✅
  [ 827/939] roncar_la_manigueta... ✅
  [ 828/939] ronco... ✅
  [ 829/939] ronco_amarillo... ✅
  [ 830/939] ronco_blanco... ✅
  [ 831/939] roncón,_na... ✅
  [ 832/939] rondana... ✅
  [ 833/939] rondó... ✅
  [ 834/939] ronquillo... ✅
  [ 835/939] ronronear... ✅
  [ 836/939] ronroneo... ✅
  [ 837/939] ronrón... ✅
  [ 838/939] ronzal... ✅
  [ 839/939] rookie... ✅
  [ 840/939] room_service... ✅
  [ 841/939] roommate... ✅
  [ 842/939] root_canal... ✅
  [ 843/939] ropero... ✅
  [ 844/939] ropón... ✅
  [ 845/939] roquerito,_ta... ✅
  [ 846/939] rosa... ✅
  [ 847/939] rosa_china... ✅
  [ 848/939] rosa_de_cien_hojas... ✅
  [ 849/939] rosa_de_ciénaga... ✅
  [ 850/939] rosa_de_francia... ✅
  [ 851/939] rosa_de_maximiliano... ✅
  [ 852/939] rosa_imperial... ✅
  [ 853/939] rosachina... ✅
  [ 854/939] rosario... ✅
  [ 855/939] rosario_cantado... ✅
  [ 856/939] rosario_de_cruz... ✅
  [ 857/939] rosario_de_la_cruz... ✅
  [ 858/939] rosario_mendés... ✅
  [ 859/939] rosbif... ✅
  [ 860/939] rosca... ✅
  [ 861/939] roseta... ✅
  [ 862/939] rosita... ✅
  [ 863/939] rosquete... ✅
  [ 864/939] rosqueteo... ✅
  [ 865/939] rosquetero,_ra... ✅
  [ 866/939] rosquetilla... ✅
  [ 867/939] rosquetita... ✅
  [ 868/939] roster... ✅
  [ 869/939] rosón,_na... ✅
  [ 870/939] rota... ✅
  [ 871/939] rotar... ✅
  [ 872/939] rotario... ✅
  [ 873/939] rotenazo... ✅
  [ 874/939] roto... ✅
  [ 875/939] roturación... ✅
  [ 876/939] rotén... ✅
  [ 877/939] rough... ✅
  [ 878/939] round... ✅
  [ 879/939] round_robin... ✅
  [ 880/939] round_trip... ✅
  [ 881/939] router... ✅
  [ 882/939] royalties... ✅
  [ 883/939] royalty... ✅
  [ 884/939] rozadera... ✅
  [ 885/939] rozagante... ✅
  [ 886/939] rozamiento... ✅
  [ 887/939] rozarse... ✅
  [ 888/939] roña... ✅
  [ 889/939] roñoso,_sa... ✅
  [ 890/939] rubber_band... ✅
  [ 891/939] rubia... ✅
  [ 892/939] rubial... ✅
  [ 893/939] rubiera... ✅
  [ 894/939] rubio,_bia... ✅
  [ 895/939] rubio... ✅
  [ 896/939] rubión,_na... ✅
  [ 897/939] rubor... ✅
  [ 898/939] rubro... ✅
  [ 899/939] ruca... ✅
  [ 900/939] rucear... ✅
  [ 901/939] rucho,_cha... ✅
  [ 902/939] rucio,_cia... ✅
  [ 903/939] ruda... ✅
  [ 904/939] rueda... ✅
  [ 905/939] ruedo... ✅
  [ 906/939] rufo... ✅
  [ 907/939] rugby... ✅
  [ 908/939] ruibarba... ✅
  [ 909/939] ruiseñor... ✅
  [ 910/939] ruiseñoso,_sa... ✅
  [ 911/939] ruletero,_ra... ✅
  [ 912/939] rumba... ✅
  [ 913/939] rumbanchero,_ra... ✅
  [ 914/939] rumbatela... ✅
  [ 915/939] rumbear... ✅
  [ 916/939] rumbero,_ra... ✅
  [ 917/939] rumbón... ✅
  [ 918/939] rumbón_de_esquina... ✅
  [ 919/939] rummy... ✅
  [ 920/939] rumorar... ✅
  [ 921/939] rumorarse... ✅
  [ 922/939] runruneo... ✅
  [ 923/939] runruniar... ✅
  [ 924/939] ruralado... ✅
  [ 925/939] rush... ✅
  [ 926/939] rush_hour... ✅
  [ 927/939] ruso... ✅
  [ 928/939] ruta... ✅
  [ 929/939] rutero,_ra... ✅
  [ 930/939] rutilante... ✅
  [ 931/939] ráfaga... ✅
  [ 932/939] ráfaga_de_viento... ✅
  [ 933/939] rápido... ✅
  [ 934/939] récord... ✅
  [ 935/939] récord_académico... ✅
  [ 936/939] récord_criminal... ✅
  [ 937/939] récord_médico... ✅
  [ 938/939] régime... ✅
  [ 939/939] rímel... ✅

================================================================================
CONSOLIDATION COMPLETE
================================================================================
  Letter:        R
  Processed:     939
  Failed:        0
  Output folder: /Users/andrewcasanova/Documents/data_science_projects/ai_projects/TESORO_BORICUA/webscrape/data/preprocessed_tesoro_v2/r


================================================================================
CONSOLIDATING LETTER 'S' - 1492 words
================================================================================

  [   1/1492] sabana... ✅
  [   2/1492] sabanagrandeño,_ña... ✅
  [   3/1492] sabanal... ✅
  [   4/1492] sabandija... ✅
  [   5/1492] sabanear... ✅
  [   6/1492] sabanera... ✅
  [   7/1492] sabanero,_ra... ✅
  [   8/1492] sabanero... ✅
  [   9/1492] sabaneño,_ña... ✅
  [  10/1492] sabanilla... ✅
  [  11/1492] sabao... ✅
  [  12/1492] sabe_tanto_que_sabe_a_mierda... ✅
  [  13/1492] sabedor,_ra... ✅
  [  14/1492] saber_bien_el_palo_que_trepa... ✅
  [  15/1492] saber_bordar_y_tejer... ✅
  [  16/1492] saber_cantar_y_coser... ✅
  [  17/1492] saber_como_nigua... ✅
  [  18/1492] saber_cómo_se_bate_el_cobre... ✅
  [  19/1492] saber_dar_la_hora... ✅
  [  20/1492] saber_dar_la_pata... ✅
  [  21/1492] saber_de_la_pata_que_cojea... ✅
  [  22/1492] saber_de_pe_a_pa... ✅
  [  23/1492] saber_de_soga... ✅
  [  24/1492] saber_del_palo_que_uno_se_rasca... ✅
  [  25/1492] saber_dónde_el_grillo_tiene_la_manteca... ✅
  [  26/1492] saber_dónde_el_huevo_tiene_el_pelo... ✅
  [  27/1492] saber_dónde_el_jején_puso_el_huevo... ✅
  [  28/1492] saber_dónde_está_parado... ✅
  [  29/1492] saber_dónde_está_uno_parado... ✅
  [  30/1492] saber_el_palo_que_trepa... ✅
  [  31/1492] saber_hasta_donde_penan_las_ánimas... ✅
  [  32/1492] saber_lo_que_es_amor_de_gato... ✅
  [  33/1492] saber_lo_que_está_en_la_olla... ✅
  [  34/1492] saber_mover_los_bolos... ✅
  [  35/1492] saber_más_que_gente_de_pueblo... ✅
  [  36/1492] saber_más_que_las_arañas... ✅
  [  37/1492] saber_más_que_las_niguas... ✅
  [  38/1492] saber_más_que_ratón_de_campo... ✅
  [  39/1492] saber_más_que_siete... ✅
  [  40/1492] saber_qué_pata_puso_el_huevo... ✅
  [  41/1492] saber_qué_pata_puso_ese_huevo... ✅
  [  42/1492] saber_un_zafacón... ✅
  [  43/1492] saberla_hacer... ✅
  [  44/1492] sabichoso,_sa... ✅
  [  45/1492] sabina... ✅
  [  46/1492] sabino,_na... ✅
  [  47/1492] sabino... ✅
  [  48/1492] sabinón... ✅
  [  49/1492] sablazo... ✅
  [  50/1492] sable... ✅
  [  51/1492] saboga... ✅
  [  52/1492] saborioco,_ca... ✅
  [  53/1492] sabrosear... ✅
  [  54/1492] sabrosero,_ra... ✅
  [  55/1492] sabroso,_sa... ✅
  [  56/1492] sabrosura... ✅
  [  57/1492] sabrosón,_na... ✅
  [  58/1492] sabrío,_bría... ✅
  [  59/1492] sabática... ✅
  [  60/1492] saca... ✅
  [  61/1492] sacabuche... ✅
  [  62/1492] sacada... ✅
  [  63/1492] sacadora... ✅
  [  64/1492] sacalínea... ✅
  [  65/1492] sacaniguas... ✅
  [  66/1492] sacapuntas... ✅
  [  67/1492] sacaputas... ✅
  [  68/1492] sacar... ✅
  [  69/1492] sacar_a_una_persona... ✅
  [  70/1492] sacar_banderita... ✅
  [  71/1492] sacar_canas_verdes... ✅
  [  72/1492] sacar_candela... ✅
  [  73/1492] sacar_chispas... ✅
  [  74/1492] sacar_de_paso... ✅
  [  75/1492] sacar_del_buche... ✅
  [  76/1492] sacar_el_buey_de_la_barranca... ✅
  [  77/1492] sacar_el_cuerpo... ✅
  [  78/1492] sacar_el_dedo... ✅
  [  79/1492] sacar_el_gato_del_fogón... ✅
  [  80/1492] sacar_el_jugo_a_alguien... ✅
  [  81/1492] sacar_el_mondongo_a_alguien... ✅
  [  82/1492] sacar_el_pan_del_horno... ✅
  [  83/1492] sacar_el_paso... ✅
  [  84/1492] sacar_el_ratón... ✅
  [  85/1492] sacar_el_ñame_por_el_bejuco... ✅
  [  86/1492] sacar_en_cara... ✅
  [  87/1492] sacar_la_pepa_sin_abrir_el_mangó... ✅
  [  88/1492] sacar_las_espuelas... ✅
  [  89/1492] sacar_las_medias_sin_quitar_los_zapatos... ✅
  [  90/1492] sacar_los_trapos_al_sol... ✅
  [  91/1492] sacar_líneas... ✅
  [  92/1492] sacar_manteca_a_un_ladrillo... ✅
  [  93/1492] sacar_millaje... ✅
  [  94/1492] sacar_mollero... ✅
  [  95/1492] sacar_pan_del_horno... ✅
  [  96/1492] sacar_un_buey_de_la_barranca... ✅
  [  97/1492] sacar_un_hijo_macho_a_alguien... ✅
  [  98/1492] sacar_un_huevo_del_nido_sin_mover_la_gallina... ✅
  [  99/1492] sacarle_el_cuerpo... ✅
  [ 100/1492] sacarle_los_cantos... ✅
  [ 101/1492] sacarse_el_jaiba... ✅
  [ 102/1492] sacarse_la_lotería... ✅
  [ 103/1492] sacarse_pan... ✅
  [ 104/1492] sacarse_uno_pan... ✅
  [ 105/1492] sacasebo... ✅
  [ 106/1492] sacatrapos... ✅
  [ 107/1492] sachey... ✅
  [ 108/1492] sacho... ✅
  [ 109/1492] saco... ✅
  [ 110/1492] saco_de_cucas... ✅
  [ 111/1492] saco_trampas... ✅
  [ 112/1492] sacrificial... ✅
  [ 113/1492] sacrificio... ✅
  [ 114/1492] sacristán... ✅
  [ 115/1492] sacudir... ✅
  [ 116/1492] sacudirse... ✅
  [ 117/1492] sacudirse_un_moco... ✅
  [ 118/1492] saeta... ✅
  [ 119/1492] saetazo... ✅
  [ 120/1492] safari_park... ✅
  [ 121/1492] safe... ✅
  [ 122/1492] safe_driver... ✅
  [ 123/1492] safety_belt... ✅
  [ 124/1492] safio,_fia... ✅
  [ 125/1492] saga... ✅
  [ 126/1492] sagú... ✅
  [ 127/1492] sahumado,_da... ✅
  [ 128/1492] sahumerio... ✅
  [ 129/1492] sainete... ✅
  [ 130/1492] saja... ✅
  [ 131/1492] sajado,_da... ✅
  [ 132/1492] sajar... ✅
  [ 133/1492] sajorí... ✅
  [ 134/1492] sajorín... ✅
  [ 135/1492] sajumerio... ✅
  [ 136/1492] sala... ✅
  [ 137/1492] sala_de_emergencia... ✅
  [ 138/1492] saladera... ✅
  [ 139/1492] salado,_da... ✅
  [ 140/1492] salamandra... ✅
  [ 141/1492] salamandria... ✅
  [ 142/1492] salancas... ✅
  [ 143/1492] salandro... ✅
  [ 144/1492] salar... ✅
  [ 145/1492] salarse... ✅
  [ 146/1492] salazón... ✅
  [ 147/1492] salchicha... ✅
  [ 148/1492] salchichero,_ra... ✅
  [ 149/1492] salcochado,_da... ✅
  [ 150/1492] salcochar... ✅
  [ 151/1492] salcocho... ✅
  [ 152/1492] saldaconsuelda... ✅
  [ 153/1492] saldo,_da... ✅
  [ 154/1492] sale... ✅
  [ 155/1492] sales_manager... ✅
  [ 156/1492] sales_representative... ✅
  [ 157/1492] sales_tax... ✅
  [ 158/1492] salidero... ✅
  [ 159/1492] salidor... ✅
  [ 160/1492] salinense... ✅
  [ 161/1492] salinera... ✅
  [ 162/1492] salineño,_ña... ✅
  [ 163/1492] salir_a_bailar... ✅
  [ 164/1492] salir_al_peso... ✅
  [ 165/1492] salir_al_saco... ✅
  [ 166/1492] salir_canas_verdes... ✅
  [ 167/1492] salir_como_el_queso_suizo... ✅
  [ 168/1492] salir_con_una_escofieta... ✅
  [ 169/1492] salir_con_una_parantolada... ✅
  [ 170/1492] salir_de_atrás_para_adelante... ✅
  [ 171/1492] salir_de_oro... ✅
  [ 172/1492] salir_del_charco... ✅
  [ 173/1492] salir_del_closet... ✅
  [ 174/1492] salir_del_clóset... ✅
  [ 175/1492] salir_del_hoyo... ✅
  [ 176/1492] salir_del_otro_lado... ✅
  [ 177/1492] salir_el_sol... ✅
  [ 178/1492] salir_juntos... ✅
  [ 179/1492] salir_mojado... ✅
  [ 180/1492] salir_mojado_y_sin_pescado... ✅
  [ 181/1492] salir_pa'_san_juan_y_coger_pa'_ponce... ✅
  [ 182/1492] salir_para_la_avenida... ✅
  [ 183/1492] salir_peinado... ✅
  [ 184/1492] salir_perdidoso... ✅
  [ 185/1492] salir_pitao... ✅
  [ 186/1492] salir_por_el_techo... ✅
  [ 187/1492] salir_quemado... ✅
  [ 188/1492] salir_trasquilado... ✅
  [ 189/1492] salir_un_pariente_a_alguien... ✅
  [ 190/1492] salirse_a_uno_el_seso_por_la_boca... ✅
  [ 191/1492] salirse_de_la_vaina... ✅
  [ 192/1492] salirse_la_baba... ✅
  [ 193/1492] salitral... ✅
  [ 194/1492] salivero... ✅
  [ 195/1492] salmear... ✅
  [ 196/1492] salmonela... ✅
  [ 197/1492] salmonella... ✅
  [ 198/1492] salmonete... ✅
  [ 199/1492] salmonete_amarillo... ✅
  [ 200/1492] salmonete_colorado... ✅
  [ 201/1492] salmorejo... ✅
  [ 202/1492] salmorejo_de_jueyes... ✅
  [ 203/1492] salmón,_na... ✅
  [ 204/1492] salmón... ✅
  [ 205/1492] salostre... ✅
  [ 206/1492] salpafuera... ✅
  [ 207/1492] salpicado,_da... ✅
  [ 208/1492] salpicarse... ✅
  [ 209/1492] salpiche... ✅
  [ 210/1492] salpiquear... ✅
  [ 211/1492] salpuído... ✅
  [ 212/1492] salsa... ✅
  [ 213/1492] salsafrás... ✅
  [ 214/1492] salsearse... ✅
  [ 215/1492] salseo... ✅
  [ 216/1492] salsero,_ra... ✅
  [ 217/1492] salsipuedes... ✅
  [ 218/1492] saltacharco... ✅
  [ 219/1492] saltadero... ✅
  [ 220/1492] saltador,_ra... ✅
  [ 221/1492] saltaojo... ✅
  [ 222/1492] saltaperico... ✅
  [ 223/1492] saltar_cuica... ✅
  [ 224/1492] saltarín... ✅
  [ 225/1492] saltillo... ✅
  [ 226/1492] saltones... ✅
  [ 227/1492] saltorio... ✅
  [ 228/1492] salutación... ✅
  [ 229/1492] salutiferar... ✅
  [ 230/1492] salvada... ✅
  [ 231/1492] salvaje... ✅
  [ 232/1492] salvapantalla... ✅
  [ 233/1492] salvar... ✅
  [ 234/1492] salvavidas... ✅
  [ 235/1492] salvia... ✅
  [ 236/1492] salón... ✅
  [ 237/1492] salón_(de_clases)... ✅
  [ 238/1492] salón_de_actividades... ✅
  [ 239/1492] salón_de_belleza... ✅
  [ 240/1492] salón_familiar... ✅
  [ 241/1492] sama... ✅
  [ 242/1492] sambito... ✅
  [ 243/1492] sambotón... ✅
  [ 244/1492] sambulla... ✅
  [ 245/1492] sambumbia... ✅
  [ 246/1492] samburutear... ✅
  [ 247/1492] sampedrito... ✅
  [ 248/1492] sample... ✅
  [ 249/1492] samplear... ✅
  [ 250/1492] sampleo... ✅
  [ 251/1492] sampler... ✅
  [ 252/1492] samsonite... ✅
  [ 253/1492] samuro,_ra... ✅
  [ 254/1492] samán... ✅
  [ 255/1492] sanaco,_ca... ✅
  [ 256/1492] sanalotodo... ✅
  [ 257/1492] sananada... ✅
  [ 258/1492] sananería... ✅
  [ 259/1492] sanano,_na... ✅
  [ 260/1492] sancochado,_da... ✅
  [ 261/1492] sancochar... ✅
  [ 262/1492] sancocharse... ✅
  [ 263/1492] sancocho... ✅
  [ 264/1492] sancocho_de_pescado... ✅
  [ 265/1492] sand_trap... ✅
  [ 266/1492] sandiablo... ✅
  [ 267/1492] sanduichero,_ra... ✅
  [ 268/1492] sandunga... ✅
  [ 269/1492] sandunguear... ✅
  [ 270/1492] sandungueo... ✅
  [ 271/1492] sandunguero,_ra... ✅
  [ 272/1492] sandwich... ✅
  [ 273/1492] sangarabito... ✅
  [ 274/1492] sangermaneño,_ña... ✅
  [ 275/1492] sangermeño,_ña... ✅
  [ 276/1492] sangre... ✅
  [ 277/1492] sangre_de_chincha... ✅
  [ 278/1492] sangre_de_dragón... ✅
  [ 279/1492] sangre_de_puerco... ✅
  [ 280/1492] sangre_opuesta... ✅
  [ 281/1492] sangrigordería... ✅
  [ 282/1492] sangrigordo,_da... ✅
  [ 283/1492] sangrijuela... ✅
  [ 284/1492] sangrijón... ✅
  [ 285/1492] sangriligero,_ra... ✅
  [ 286/1492] sangriliviano,_na... ✅
  [ 287/1492] sangrino,_na... ✅
  [ 288/1492] sangripesado,_da... ✅
  [ 289/1492] sangrudo,_da... ✅
  [ 290/1492] sangruno,_na... ✅
  [ 291/1492] sangría... ✅
  [ 292/1492] sangrón,_na... ✅
  [ 293/1492] sangrón... ✅
  [ 294/1492] sangrú... ✅
  [ 295/1492] sanguinaria... ✅
  [ 296/1492] sanguino,_na... ✅
  [ 297/1492] sanidad... ✅
  [ 298/1492] sanjuanada... ✅
  [ 299/1492] sanjuanear... ✅
  [ 300/1492] sanjuanera... ✅
  [ 301/1492] sanjuanero,_ra... ✅
  [ 302/1492] sanjuaneño,_ña... ✅
  [ 303/1492] sanlorence... ✅
  [ 304/1492] sanlorenceño,_ña... ✅
  [ 305/1492] sanlorenzano... ✅
  [ 306/1492] sanmartinazo... ✅
  [ 307/1492] sanmartín... ✅
  [ 308/1492] sansarrina... ✅
  [ 309/1492] sansebastianeño,_ña... ✅
  [ 310/1492] sanseremí... ✅
  [ 311/1492] sanserení... ✅
  [ 312/1492] sansiveria... ✅
  [ 313/1492] santa_maría... ✅
  [ 314/1492] santa_maría_de_la_cruz... ✅
  [ 315/1492] santa_paloma... ✅
  [ 316/1492] santaisabelino,_na... ✅
  [ 317/1492] santamaría... ✅
  [ 318/1492] santero,_ra... ✅
  [ 319/1492] santería... ✅
  [ 320/1492] santiguado... ✅
  [ 321/1492] santiguador... ✅
  [ 322/1492] santiguar... ✅
  [ 323/1492] santiguarse... ✅
  [ 324/1492] santiguo... ✅
  [ 325/1492] santigüero,_ra... ✅
  [ 326/1492] santisabeleño,_ña... ✅
  [ 327/1492] santisabelino,_na... ✅
  [ 328/1492] santito... ✅
  [ 329/1492] santo_de_palo... ✅
  [ 330/1492] santo_y_bueno... ✅
  [ 331/1492] santurceño,_ña... ✅
  [ 332/1492] sanwichera... ✅
  [ 333/1492] sao... ✅
  [ 334/1492] saoco,_ca... ✅
  [ 335/1492] sapa... ✅
  [ 336/1492] sapear... ✅
  [ 337/1492] saperío... ✅
  [ 338/1492] sapillo... ✅
  [ 339/1492] sapito,_ta... ✅
  [ 340/1492] sapito... ✅
  [ 341/1492] sapo... ✅
  [ 342/1492] sapo_concho... ✅
  [ 343/1492] saque... ✅
  [ 344/1492] saqueta... ✅
  [ 345/1492] saquisaca... ✅
  [ 346/1492] saquito... ✅
  [ 347/1492] saraguaso... ✅
  [ 348/1492] sarampio... ✅
  [ 349/1492] sarango... ✅
  [ 350/1492] sarata... ✅
  [ 351/1492] saraza... ✅
  [ 352/1492] sarazo,_za... ✅
  [ 353/1492] sarbatana... ✅
  [ 354/1492] sardina... ✅
  [ 355/1492] sardina_de_agua_dulce... ✅
  [ 356/1492] sardina_de_altura... ✅
  [ 357/1492] sardina_de_lacha... ✅
  [ 358/1492] sardina_pelada... ✅
  [ 359/1492] sardo,_da... ✅
  [ 360/1492] sardo... ✅
  [ 361/1492] sardónico,_ca... ✅
  [ 362/1492] sargazo... ✅
  [ 363/1492] sargenta... ✅
  [ 364/1492] sargento... ✅
  [ 365/1492] sargentona... ✅
  [ 366/1492] sarna_de_perro... ✅
  [ 367/1492] sarobey... ✅
  [ 368/1492] sarrillo... ✅
  [ 369/1492] sarsabacoa... ✅
  [ 370/1492] sartenazo... ✅
  [ 371/1492] sartén... ✅
  [ 372/1492] sasafrán... ✅
  [ 373/1492] sasafrás... ✅
  [ 374/1492] sassy... ✅
  [ 375/1492] sastre... ✅
  [ 376/1492] sasules... ✅
  [ 377/1492] satear... ✅
  [ 378/1492] satería... ✅
  [ 379/1492] satinado,_da... ✅
  [ 380/1492] satirón,_na... ✅
  [ 381/1492] sato,_ta... ✅
  [ 382/1492] saturnino,_na... ✅
  [ 383/1492] saturnio,_nia... ✅
  [ 384/1492] satélite... ✅
  [ 385/1492] sauquillo... ✅
  [ 386/1492] save... ✅
  [ 387/1492] saving_account... ✅
  [ 388/1492] saya... ✅
  [ 389/1492] sayo... ✅
  [ 390/1492] sayón... ✅
  [ 391/1492] sazonado,_da... ✅
  [ 392/1492] sazonar... ✅
  [ 393/1492] sazón... ✅
  [ 394/1492] saúco... ✅
  [ 395/1492] saúco_amarillo... ✅
  [ 396/1492] saúco_blanco... ✅
  [ 397/1492] saúco_cimarrón... ✅
  [ 398/1492] sbs... ✅
  [ 399/1492] scan... ✅
  [ 400/1492] scanner... ✅
  [ 401/1492] scanning... ✅
  [ 402/1492] schedule... ✅
  [ 403/1492] scholar... ✅
  [ 404/1492] school_supply... ✅
  [ 405/1492] scoop... ✅
  [ 406/1492] scooter... ✅
  [ 407/1492] score... ✅
  [ 408/1492] scotch... ✅
  [ 409/1492] scotch_tape... ✅
  [ 410/1492] scout... ✅
  [ 411/1492] scout_master... ✅
  [ 412/1492] scoutear... ✅
  [ 413/1492] scrambler... ✅
  [ 414/1492] scrapbooking... ✅
  [ 415/1492] screen(ed)_porch... ✅
  [ 416/1492] screen... ✅
  [ 417/1492] screen_saver... ✅
  [ 418/1492] screening... ✅
  [ 419/1492] screensaver... ✅
  [ 420/1492] script... ✅
  [ 421/1492] scroll... ✅
  [ 422/1492] scroll_bar... ✅
  [ 423/1492] scroll_pad... ✅
  [ 424/1492] se_acabó_el_evento... ✅
  [ 425/1492] se_acabó_el_melao... ✅
  [ 426/1492] se_acabó_el_tereque... ✅
  [ 427/1492] seafood... ✅
  [ 428/1492] sealed_beam... ✅
  [ 429/1492] sealer... ✅
  [ 430/1492] seasonal... ✅
  [ 431/1492] seat_belt... ✅
  [ 432/1492] sebaral... ✅
  [ 433/1492] sebarale... ✅
  [ 434/1492] sebiche... ✅
  [ 435/1492] sebonal... ✅
  [ 436/1492] seborucal... ✅
  [ 437/1492] seboruco... ✅
  [ 438/1492] seboruquillo... ✅
  [ 439/1492] sebucán... ✅
  [ 440/1492] seburucán... ✅
  [ 441/1492] seca... ✅
  [ 442/1492] secadera... ✅
  [ 443/1492] secadero... ✅
  [ 444/1492] secadora... ✅
  [ 445/1492] secagarganta... ✅
  [ 446/1492] secar... ✅
  [ 447/1492] seco... ✅
  [ 448/1492] seco_de_agua... ✅
  [ 449/1492] seconade... ✅
  [ 450/1492] second_home... ✅
  [ 451/1492] second_look... ✅
  [ 452/1492] secos_y_mojados... ✅
  [ 453/1492] secreta... ✅
  [ 454/1492] secretario,_ria... ✅
  [ 455/1492] secreto,_ta... ✅
  [ 456/1492] secreto_militar... ✅
  [ 457/1492] secua... ✅
  [ 458/1492] secundar... ✅
  [ 459/1492] seducir... ✅
  [ 460/1492] segmento... ✅
  [ 461/1492] segueta... ✅
  [ 462/1492] seguidilla... ✅
  [ 463/1492] seguido... ✅
  [ 464/1492] seguidor,_ra... ✅
  [ 465/1492] seguimiento... ✅
  [ 466/1492] seguir_de_rolo... ✅
  [ 467/1492] segunda... ✅
  [ 468/1492] segunda_clase... ✅
  [ 469/1492] segunda_prueba... ✅
  [ 470/1492] segundear... ✅
  [ 471/1492] segundo... ✅
  [ 472/1492] segundo_frente... ✅
  [ 473/1492] segundón,_na... ✅
  [ 474/1492] seguranza... ✅
  [ 475/1492] seguriya... ✅
  [ 476/1492] seguro... ✅
  [ 477/1492] según_y_como... ✅
  [ 478/1492] seiba... ✅
  [ 479/1492] seibó... ✅
  [ 480/1492] seis... ✅
  [ 481/1492] seis_bombeao... ✅
  [ 482/1492] seis_chorreao... ✅
  [ 483/1492] seis_de_bomba... ✅
  [ 484/1492] seise... ✅
  [ 485/1492] selectivo... ✅
  [ 486/1492] self-service... ✅
  [ 487/1492] self_service... ✅
  [ 488/1492] selfie... ✅
  [ 489/1492] selling_point... ✅
  [ 490/1492] sello_de_goma... ✅
  [ 491/1492] semanal... ✅
  [ 492/1492] semblanza... ✅
  [ 493/1492] sembrado,_da... ✅
  [ 494/1492] sembrador... ✅
  [ 495/1492] sembradío... ✅
  [ 496/1492] sembrar... ✅
  [ 497/1492] sembrarse... ✅
  [ 498/1492] sembrío... ✅
  [ 499/1492] semicongo... ✅
  [ 500/1492] semifuso,_sa... ✅
  [ 501/1492] semilla... ✅
  [ 502/1492] semillera... ✅
  [ 503/1492] semillita... ✅
  [ 504/1492] semo,_ma... ✅
  [ 505/1492] semí... ✅
  [ 506/1492] sen_de_la_tierra... ✅
  [ 507/1492] senaduría... ✅
  [ 508/1492] sencetadura... ✅
  [ 509/1492] sencetaje... ✅
  [ 510/1492] sencetar... ✅
  [ 511/1492] sencillo... ✅
  [ 512/1492] sendo,_da... ✅
  [ 513/1492] sendo_pana... ✅
  [ 514/1492] seneco,_ca... ✅
  [ 515/1492] senior... ✅
  [ 516/1492] senior_manager... ✅
  [ 517/1492] senior_prom... ✅
  [ 518/1492] senior_trip... ✅
  [ 519/1492] seniority... ✅
  [ 520/1492] sensacionalismo... ✅
  [ 521/1492] sensitiva... ✅
  [ 522/1492] sensitividad... ✅
  [ 523/1492] sensitivo... ✅
  [ 524/1492] sensén... ✅
  [ 525/1492] sentadera... ✅
  [ 526/1492] sentadilla... ✅
  [ 527/1492] sentar... ✅
  [ 528/1492] sentar_a_uno_en_el_baúl... ✅
  [ 529/1492] sentar_en_el_baúl... ✅
  [ 530/1492] sentarse_encima... ✅
  [ 531/1492] sentarse_encima_a_algo... ✅
  [ 532/1492] sentarse_sobre_el_mundo... ✅
  [ 533/1492] sentenciar... ✅
  [ 534/1492] senteneja... ✅
  [ 535/1492] sentido,_da... ✅
  [ 536/1492] sentido... ✅
  [ 537/1492] sentimentero,_ra... ✅
  [ 538/1492] sentimiento... ✅
  [ 539/1492] sentirse... ✅
  [ 540/1492] sentirse_como_un_billete_de_cien_pesos... ✅
  [ 541/1492] sentirse_cool... ✅
  [ 542/1492] sentirse_el_cuerpo_cortado... ✅
  [ 543/1492] sentirse_happy... ✅
  [ 544/1492] sentirse_sick... ✅
  [ 545/1492] sentirse_vacío_como_una_jigüera... ✅
  [ 546/1492] separar... ✅
  [ 547/1492] separar_un_pasaje... ✅
  [ 548/1492] separán... ✅
  [ 549/1492] sepetecientos,_tas... ✅
  [ 550/1492] sepia... ✅
  [ 551/1492] seplina... ✅
  [ 552/1492] sepí... ✅
  [ 553/1492] sequedez... ✅
  [ 554/1492] sequera... ✅
  [ 555/1492] sequero... ✅
  [ 556/1492] ser_al_mazo... ✅
  [ 557/1492] ser_algo_una_guasimilla... ✅
  [ 558/1492] ser_atracaíto... ✅
  [ 559/1492] ser_bien_cabuya... ✅
  [ 560/1492] ser_bien_guillermo... ✅
  [ 561/1492] ser_bilí... ✅
  [ 562/1492] ser_bravo_como_el_ají... ✅
  [ 563/1492] ser_buena_gente... ✅
  [ 564/1492] ser_cabeza_de_coco... ✅
  [ 565/1492] ser_cagao_a_alguien... ✅
  [ 566/1492] ser_camarón_bocú... ✅
  [ 567/1492] ser_candidato_al_hoyo... ✅
  [ 568/1492] ser_castado... ✅
  [ 569/1492] ser_cobarde... ✅
  [ 570/1492] ser_como_carne_de_pescuezo... ✅
  [ 571/1492] ser_como_echarle_maíz_a_la_pava... ✅
  [ 572/1492] ser_como_el_alcatraz,_come_por_delante_y_come_por_detrás... ✅
  [ 573/1492] ser_como_el_alcatraz,_todo_buche... ✅
  [ 574/1492] ser_como_el_anamú,_la_yerba_que_el_chivo_no_mastica... ✅
  [ 575/1492] ser_como_el_anamú... ✅
  [ 576/1492] ser_como_el_arroz_blanco... ✅
  [ 577/1492] ser_como_el_corozo... ✅
  [ 578/1492] ser_como_el_coyor... ✅
  [ 579/1492] ser_como_el_matapiojos... ✅
  [ 580/1492] ser_como_el_moriviví... ✅
  [ 581/1492] ser_como_el_perro_del_cura... ✅
  [ 582/1492] ser_como_el_plátano... ✅
  [ 583/1492] ser_como_el_yagrumo... ✅
  [ 584/1492] ser_como_la_cebolla... ✅
  [ 585/1492] ser_como_la_flor_del_tigüero... ✅
  [ 586/1492] ser_como_la_gata_de_flora,_que_si_se_lo_meten,_grita,_y_si_se_lo_sacan,_llora... ✅
  [ 587/1492] ser_como_la_hoja_del_yagrumo... ✅
  [ 588/1492] ser_como_la_quenepa,_con_poca_carne_y_mucha_pepa... ✅
  [ 589/1492] ser_como_la_sombra_del_guao... ✅
  [ 590/1492] ser_como_mosca_de_pesebre... ✅
  [ 591/1492] ser_como_todos_en_la_volada... ✅
  [ 592/1492] ser_como_tumbar_caña... ✅
  [ 593/1492] ser_como_un_clavo... ✅
  [ 594/1492] ser_como_un_gallo_viejo_de_pelea... ✅
  [ 595/1492] ser_como_un_periódico_de_barbería... ✅
  [ 596/1492] ser_como_una_computadora... ✅
  [ 597/1492] ser_como_una_güima... ✅
  [ 598/1492] ser_culo_de_botella... ✅
  [ 599/1492] ser_cáscara_de_coco... ✅
  [ 600/1492] ser_de_alto_plumero... ✅
  [ 601/1492] ser_de_chupa_y_déjame_el_rabo... ✅
  [ 602/1492] ser_de_chupe_y_déjeme_el_cabo... ✅
  [ 603/1492] ser_de_clavo_pasado... ✅
  [ 604/1492] ser_de_clavo_pasao... ✅
  [ 605/1492] ser_de_cría... ✅
  [ 606/1492] ser_de_fuga... ✅
  [ 607/1492] ser_de_juana_díaz... ✅
  [ 608/1492] ser_de_la_acera_de_enfrente... ✅
  [ 609/1492] ser_de_la_bajura... ✅
  [ 610/1492] ser_de_la_banda_allá... ✅
  [ 611/1492] ser_de_la_banda_de_allá... ✅
  [ 612/1492] ser_de_la_clase... ✅
  [ 613/1492] ser_de_la_isla... ✅
  [ 614/1492] ser_de_la_izquierda... ✅
  [ 615/1492] ser_de_la_palma... ✅
  [ 616/1492] ser_de_la_religión... ✅
  [ 617/1492] ser_de_menudo_para_acá... ✅
  [ 618/1492] ser_de_monte_adentro... ✅
  [ 619/1492] ser_de_no_criarse... ✅
  [ 620/1492] ser_de_palo_seco... ✅
  [ 621/1492] ser_de_villalba... ✅
  [ 622/1492] ser_del_corazón_del_rollo... ✅
  [ 623/1492] ser_del_jetset... ✅
  [ 624/1492] ser_del_mero... ✅
  [ 625/1492] ser_del_montón... ✅
  [ 626/1492] ser_del_otro_lado... ✅
  [ 627/1492] ser_del_país... ✅
  [ 628/1492] ser_el_cheche... ✅
  [ 629/1492] ser_el_conde_quirico... ✅
  [ 630/1492] ser_el_hombre_de_la_situación... ✅
  [ 631/1492] ser_el_jamón_del_sandwich... ✅
  [ 632/1492] ser_el_jundimiento... ✅
  [ 633/1492] ser_el_mismo_dulce_con_diferente_palito... ✅
  [ 634/1492] ser_el_patito_feo... ✅
  [ 635/1492] ser_el_que_bate_el_cobre... ✅
  [ 636/1492] ser_el_que_es... ✅
  [ 637/1492] ser_el_que_más_mea... ✅
  [ 638/1492] ser_el_que_pica_el_bacalao... ✅
  [ 639/1492] ser_el_toro_que_más_mea... ✅
  [ 640/1492] ser_filete... ✅
  [ 641/1492] ser_gana... ✅
  [ 642/1492] ser_gente_de_orilla... ✅
  [ 643/1492] ser_hijo_de_yegua... ✅
  [ 644/1492] ser_húngara... ✅
  [ 645/1492] ser_inmaterial... ✅
  [ 646/1492] ser_la_candela... ✅
  [ 647/1492] ser_la_changa... ✅
  [ 648/1492] ser_la_changa_maximina... ✅
  [ 649/1492] ser_la_changa_maximina_en_bicicleta... ✅
  [ 650/1492] ser_la_diabla... ✅
  [ 651/1492] ser_la_gota_que_colmó_la_copa... ✅
  [ 652/1492] ser_la_hostia... ✅
  [ 653/1492] ser_la_jundición... ✅
  [ 654/1492] ser_la_luz_de_los_ojos_de_alguien... ✅
  [ 655/1492] ser_la_tarjeta... ✅
  [ 656/1492] ser_la_yerba_que_el_chivo_no_mastica... ✅
  [ 657/1492] ser_leche_de_pato... ✅
  [ 658/1492] ser_leche_frita... ✅
  [ 659/1492] ser_loco_con_algo_o_alguien... ✅
  [ 660/1492] ser_macho... ✅
  [ 661/1492] ser_madre_de_yautía... ✅
  [ 662/1492] ser_manilo... ✅
  [ 663/1492] ser_mecha_corta... ✅
  [ 664/1492] ser_mejor_que_el_pan... ✅
  [ 665/1492] ser_meticuloso... ✅
  [ 666/1492] ser_mi_chepa... ✅
  [ 667/1492] ser_miedoso... ✅
  [ 668/1492] ser_mucho_jamón_para_dos_huevos... ✅
  [ 669/1492] ser_mucho_potro... ✅
  [ 670/1492] ser_muchos_los_hijos_del_muerto... ✅
  [ 671/1492] ser_más_bravo_que_el_ají... ✅
  [ 672/1492] ser_más_bruto_que_mandado_a_hacer... ✅
  [ 673/1492] ser_más_cerrado_que_un_tubo_de_radio... ✅
  [ 674/1492] ser_más_duro_que_un_mojón_de_guayaba... ✅
  [ 675/1492] ser_más_feo_que_el_botago... ✅
  [ 676/1492] ser_más_feo_que_un_múcaro_sabanero... ✅
  [ 677/1492] ser_más_fuerte_que_el_guayacán... ✅
  [ 678/1492] ser_más_lento_que_un_suero_de_brea... ✅
  [ 679/1492] ser_más_malo_que_el_ají... ✅
  [ 680/1492] ser_más_malo_que_el_ron_con_guaco... ✅
  [ 681/1492] ser_más_peligroso_que_mono_con_metralleta... ✅
  [ 682/1492] ser_más_peligroso_que_una_aguja_en_un_asopao... ✅
  [ 683/1492] ser_más_pesado_que_un_matrimonio_mal_llevado... ✅
  [ 684/1492] ser_más_resbaloso_que_la_guabina... ✅
  [ 685/1492] ser_más_serio_que_un_cinco_de_queso... ✅
  [ 686/1492] ser_más_vago_que_la_quijada_de_arriba... ✅
  [ 687/1492] ser_nuevo... ✅
  [ 688/1492] ser_otros_veinte_pesos... ✅
  [ 689/1492] ser_palabrera... ✅
  [ 690/1492] ser_pata_de_catre... ✅
  [ 691/1492] ser_pata_de_plomo... ✅
  [ 692/1492] ser_patriota... ✅
  [ 693/1492] ser_peor_que_cofresí... ✅
  [ 694/1492] ser_peor_que_la_picapica... ✅
  [ 695/1492] ser_peor_que_san_ciriaco... ✅
  [ 696/1492] ser_peor_que_un_moco... ✅
  [ 697/1492] ser_peor_que_un_pujo_de_coco... ✅
  [ 698/1492] ser_piedra_en_el_zapato... ✅
  [ 699/1492] ser_piojo_pegado... ✅
  [ 700/1492] ser_pitcher_y_catcher... ✅
  [ 701/1492] ser_plástico... ✅
  [ 702/1492] ser_poquita... ✅
  [ 703/1492] ser_por_alguien... ✅
  [ 704/1492] ser_prieto_y_puya... ✅
  [ 705/1492] ser_punto_fijo... ✅
  [ 706/1492] ser_purito_a_otra_persona... ✅
  [ 707/1492] ser_puro_cráneo... ✅
  [ 708/1492] ser_pájaros_de_la_misma_pluma... ✅
  [ 709/1492] ser_quitao_de_bulla... ✅
  [ 710/1492] ser_tan_calvo_que_se_le_ven_los_sesos... ✅
  [ 711/1492] ser_tan_poco_el_veneno_que_ni_mata... ✅
  [ 712/1492] ser_tarde_para_ablandar_habichuelas... ✅
  [ 713/1492] ser_tarde_para_ablandar_las_habichuelas... ✅
  [ 714/1492] ser_territorio_apache... ✅
  [ 715/1492] ser_todo_barriga... ✅
  [ 716/1492] ser_todo_boca... ✅
  [ 717/1492] ser_todo_música_y_pocas_vergüenzas... ✅
  [ 718/1492] ser_un_arao... ✅
  [ 719/1492] ser_un_armao... ✅
  [ 720/1492] ser_un_asunto_con_rabo... ✅
  [ 721/1492] ser_un_barril_sin_fondo... ✅
  [ 722/1492] ser_un_bebe_agua... ✅
  [ 723/1492] ser_un_bebé_carnation... ✅
  [ 724/1492] ser_un_bibí... ✅
  [ 725/1492] ser_un_bilí... ✅
  [ 726/1492] ser_un_bizcocho... ✅
  [ 727/1492] ser_un_boca_de_champion... ✅
  [ 728/1492] ser_un_buey_broco... ✅
  [ 729/1492] ser_un_caballo... ✅
  [ 730/1492] ser_un_canto_de_carne_con_ojos... ✅
  [ 731/1492] ser_un_carajo_a_la_vela... ✅
  [ 732/1492] ser_un_carne_de_puerco... ✅
  [ 733/1492] ser_un_caso... ✅
  [ 734/1492] ser_un_cañonero... ✅
  [ 735/1492] ser_un_cerebro... ✅
  [ 736/1492] ser_un_clavo... ✅
  [ 737/1492] ser_un_cobo... ✅
  [ 738/1492] ser_un_cocopelado... ✅
  [ 739/1492] ser_un_cocoroco... ✅
  [ 740/1492] ser_un_cohete_quemado... ✅
  [ 741/1492] ser_un_come_batata... ✅
  [ 742/1492] ser_un_comefuego... ✅
  [ 743/1492] ser_un_cripe... ✅
  [ 744/1492] ser_un_cráneo... ✅
  [ 745/1492] ser_un_cuerú... ✅
  [ 746/1492] ser_un_culo... ✅
  [ 747/1492] ser_un_dienteperro... ✅
  [ 748/1492] ser_un_dulce... ✅
  [ 749/1492] ser_un_elemento... ✅
  [ 750/1492] ser_un_enamorao... ✅
  [ 751/1492] ser_un_fregao... ✅
  [ 752/1492] ser_un_guaguancó... ✅
  [ 753/1492] ser_un_guame... ✅
  [ 754/1492] ser_un_guayabo... ✅
  [ 755/1492] ser_un_gufeo... ✅
  [ 756/1492] ser_un_hijo_de_la_gran_bretaña... ✅
  [ 757/1492] ser_un_hijo_de_la_gran_yegua... ✅
  [ 758/1492] ser_un_huevo_tibio... ✅
  [ 759/1492] ser_un_hígado... ✅
  [ 760/1492] ser_un_juan_maracas... ✅
  [ 761/1492] ser_un_juan_yagrumo... ✅
  [ 762/1492] ser_un_juey_dormido... ✅
  [ 763/1492] ser_un_jugador_del_carajo... ✅
  [ 764/1492] ser_un_lechón... ✅
  [ 765/1492] ser_un_lechú... ✅
  [ 766/1492] ser_un_limpiol... ✅
  [ 767/1492] ser_un_llover_sin_escampar... ✅
  [ 768/1492] ser_un_mamey... ✅
  [ 769/1492] ser_un_mantequilla... ✅
  [ 770/1492] ser_un_matapiojos... ✅
  [ 771/1492] ser_un_melao... ✅
  [ 772/1492] ser_un_miqueo... ✅
  [ 773/1492] ser_un_múcaro... ✅
  [ 774/1492] ser_un_pan_de_dios... ✅
  [ 775/1492] ser_un_paracaidista... ✅
  [ 776/1492] ser_un_paseo... ✅
  [ 777/1492] ser_un_paslote... ✅
  [ 778/1492] ser_un_pellizco_de_ñoco... ✅
  [ 779/1492] ser_un_peo_hediondo... ✅
  [ 780/1492] ser_un_petaca... ✅
  [ 781/1492] ser_un_pila_de_mierda... ✅
  [ 782/1492] ser_un_plástico... ✅
  [ 783/1492] ser_un_pollo... ✅
  [ 784/1492] ser_un_pollo_praco... ✅
  [ 785/1492] ser_un_quitao... ✅
  [ 786/1492] ser_un_saco_de_pulgas... ✅
  [ 787/1492] ser_un_sello_de_goma... ✅
  [ 788/1492] ser_un_seso_hueco... ✅
  [ 789/1492] ser_un_tiburón... ✅
  [ 790/1492] ser_un_tiro... ✅
  [ 791/1492] ser_un_tostao... ✅
  [ 792/1492] ser_un_tostón... ✅
  [ 793/1492] ser_un_tripa_de_pollo... ✅
  [ 794/1492] ser_un_tronco... ✅
  [ 795/1492] ser_un_tronco_de...... ✅
  [ 796/1492] ser_un_tártaro... ✅
  [ 797/1492] ser_un_viejo_churriento... ✅
  [ 798/1492] ser_un_viejo_pedro_para_un_cabrero... ✅
  [ 799/1492] ser_un_vocero... ✅
  [ 800/1492] ser_un_ñame_con_corbata... ✅
  [ 801/1492] ser_una_bolsa... ✅
  [ 802/1492] ser_una_chavienda... ✅
  [ 803/1492] ser_una_chulería... ✅
  [ 804/1492] ser_una_dama... ✅
  [ 805/1492] ser_una_guasimilla... ✅
  [ 806/1492] ser_una_hipoteca... ✅
  [ 807/1492] ser_una_jachaita_bota... ✅
  [ 808/1492] ser_una_jachita_bota... ✅
  [ 809/1492] ser_una_mosca_con_rabo... ✅
  [ 810/1492] ser_una_mujer_patriota... ✅
  [ 811/1492] ser_una_múcara... ✅
  [ 812/1492] ser_una_múcura... ✅
  [ 813/1492] ser_una_papa_caliente... ✅
  [ 814/1492] ser_una_plasta... ✅
  [ 815/1492] ser_una_pluma... ✅
  [ 816/1492] ser_una_potencia... ✅
  [ 817/1492] ser_una_uña_de_juey... ✅
  [ 818/1492] ser_viejo_pedro_para_cabrero... ✅
  [ 819/1492] ser_volátil... ✅
  [ 820/1492] serapio,_pia... ✅
  [ 821/1492] serbar... ✅
  [ 822/1492] serenata... ✅
  [ 823/1492] serenata_de_verduras... ✅
  [ 824/1492] serenata_de_viandas... ✅
  [ 825/1492] serendipia... ✅
  [ 826/1492] serenito... ✅
  [ 827/1492] sereno... ✅
  [ 828/1492] sereta... ✅
  [ 829/1492] serfer... ✅
  [ 830/1492] serio,_ria... ✅
  [ 831/1492] serpentina... ✅
  [ 832/1492] serpentinero,_ra... ✅
  [ 833/1492] serpentín... ✅
  [ 834/1492] serra... ✅
  [ 835/1492] serrasuela... ✅
  [ 836/1492] serrasuelo... ✅
  [ 837/1492] serrero,_ra... ✅
  [ 838/1492] serreta... ✅
  [ 839/1492] serrote... ✅
  [ 840/1492] serruchar... ✅
  [ 841/1492] serrucho... ✅
  [ 842/1492] serruno,_na... ✅
  [ 843/1492] server... ✅
  [ 844/1492] servicarro... ✅
  [ 845/1492] service_station... ✅
  [ 846/1492] servicio... ✅
  [ 847/1492] servidor... ✅
  [ 848/1492] serving_size... ✅
  [ 849/1492] servirse_con_el_cucharón... ✅
  [ 850/1492] servirse_con_la_cuchara_grande... ✅
  [ 851/1492] será_pato_o_gallareta... ✅
  [ 852/1492] sesbania... ✅
  [ 853/1492] sesivana... ✅
  [ 854/1492] sestejo... ✅
  [ 855/1492] sesí... ✅
  [ 856/1492] set... ✅
  [ 857/1492] set_visit... ✅
  [ 858/1492] seteado,_da... ✅
  [ 859/1492] setear... ✅
  [ 860/1492] seto... ✅
  [ 861/1492] seto_vivo... ✅
  [ 862/1492] setting... ✅
  [ 863/1492] setting_lotion... ✅
  [ 864/1492] setí... ✅
  [ 865/1492] severo,_ra... ✅
  [ 866/1492] sevillana... ✅
  [ 867/1492] sex_appeal... ✅
  [ 868/1492] sexapil... ✅
  [ 869/1492] sexy... ✅
  [ 870/1492] seyba... ✅
  [ 871/1492] señero,_ra... ✅
  [ 872/1492] seño,_ña... ✅
  [ 873/1492] señora... ✅
  [ 874/1492] señorita... ✅
  [ 875/1492] señorito,_ta... ✅
  [ 876/1492] señó,_ñá... ✅
  [ 877/1492] sharp_shooter... ✅
  [ 878/1492] sheriff... ✅
  [ 879/1492] sherry... ✅
  [ 880/1492] shine... ✅
  [ 881/1492] shipping... ✅
  [ 882/1492] shock... ✅
  [ 883/1492] shock_absorber... ✅
  [ 884/1492] shock_absorver... ✅
  [ 885/1492] shooting... ✅
  [ 886/1492] shooting_gallery... ✅
  [ 887/1492] shooting_guard... ✅
  [ 888/1492] shopcasting... ✅
  [ 889/1492] shopper... ✅
  [ 890/1492] shopping... ✅
  [ 891/1492] shopping_(center)... ✅
  [ 892/1492] shopping_bag... ✅
  [ 893/1492] shopping_car... ✅
  [ 894/1492] shopping_cart... ✅
  [ 895/1492] shopping_center... ✅
  [ 896/1492] shopping_mall... ✅
  [ 897/1492] short_cut... ✅
  [ 898/1492] short_field... ✅
  [ 899/1492] short_stop... ✅
  [ 900/1492] shortcut... ✅
  [ 901/1492] shortcut_(key)... ✅
  [ 902/1492] shortfield... ✅
  [ 903/1492] shorts... ✅
  [ 904/1492] shot... ✅
  [ 905/1492] show... ✅
  [ 906/1492] show_business... ✅
  [ 907/1492] show_off... ✅
  [ 908/1492] show_woman... ✅
  [ 909/1492] shower... ✅
  [ 910/1492] showman... ✅
  [ 911/1492] showroom... ✅
  [ 912/1492] shrimp... ✅
  [ 913/1492] shut_down... ✅
  [ 914/1492] shutdown... ✅
  [ 915/1492] shutter... ✅
  [ 916/1492] si_madura_como_pinta…... ✅
  [ 917/1492] si_me_esliso_me_lo_unta... ✅
  [ 918/1492] si_me_hurgan,_respingo... ✅
  [ 919/1492] si_por_carne_maúllas,_aquí_está_la_tuya... ✅
  [ 920/1492] siani... ✅
  [ 921/1492] siba... ✅
  [ 922/1492] sibanco... ✅
  [ 923/1492] sibancos... ✅
  [ 924/1492] sibarita... ✅
  [ 925/1492] sibuco... ✅
  [ 926/1492] sibucán... ✅
  [ 927/1492] sibí... ✅
  [ 928/1492] siciliana... ✅
  [ 929/1492] sicodélico,_ca... ✅
  [ 930/1492] sicomoro... ✅
  [ 931/1492] sicote... ✅
  [ 932/1492] sicotera... ✅
  [ 933/1492] sicotudo,_da... ✅
  [ 934/1492] sicá... ✅
  [ 935/1492] sicómoro... ✅
  [ 936/1492] side_effects... ✅
  [ 937/1492] side_line... ✅
  [ 938/1492] siembra... ✅
  [ 939/1492] siempreparada... ✅
  [ 940/1492] siempreparado... ✅
  [ 941/1492] siempreviva... ✅
  [ 942/1492] siempreviva_silvestre... ✅
  [ 943/1492] siemprevivo... ✅
  [ 944/1492] sierra... ✅
  [ 945/1492] sierra_canal... ✅
  [ 946/1492] sierra_circular... ✅
  [ 947/1492] sierra_de_cinta... ✅
  [ 948/1492] siete_poderes... ✅
  [ 949/1492] siete_potencias... ✅
  [ 950/1492] sietecueros... ✅
  [ 951/1492] sieva... ✅
  [ 952/1492] sigilar... ✅
  [ 953/1492] sign... ✅
  [ 954/1492] signal_lights... ✅
  [ 955/1492] sigua_palmera... ✅
  [ 956/1492] siguana... ✅
  [ 957/1492] siguatera... ✅
  [ 958/1492] siguato,_ta... ✅
  [ 959/1492] sigún... ✅
  [ 960/1492] silenciar... ✅
  [ 961/1492] silguero... ✅
  [ 962/1492] silicona... ✅
  [ 963/1492] silicone... ✅
  [ 964/1492] sillón... ✅
  [ 965/1492] silo... ✅
  [ 966/1492] simisterio... ✅
  [ 967/1492] simiñoca... ✅
  [ 968/1492] simiñoco... ✅
  [ 969/1492] simple... ✅
  [ 970/1492] simú... ✅
  [ 971/1492] sin_atrás... ✅
  [ 972/1492] sin_contador... ✅
  [ 973/1492] sin_control... ✅
  [ 974/1492] sin_cráneo... ✅
  [ 975/1492] sin_encomendarse_a_nadie... ✅
  [ 976/1492] sin_mixtura... ✅
  [ 977/1492] sin_paracaídas... ✅
  [ 978/1492] sin_pepas_en_la_lengua... ✅
  [ 979/1492] sin_pepitas_en_la_lengua... ✅
  [ 980/1492] sin_salirnos... ✅
  [ 981/1492] sin_un_jerónimo_de_duda... ✅
  [ 982/1492] sinapismo... ✅
  [ 983/1492] sincronizarse... ✅
  [ 984/1492] sindicalización... ✅
  [ 985/1492] sindicalizar... ✅
  [ 986/1492] sinfonía_de_boca... ✅
  [ 987/1492] singar... ✅
  [ 988/1492] single... ✅
  [ 989/1492] single_interest... ✅
  [ 990/1492] single_track... ✅
  [ 991/1492] singueteo... ✅
  [ 992/1492] siniquitate... ✅
  [ 993/1492] sinjusticia... ✅
  [ 994/1492] sinqueña... ✅
  [ 995/1492] sinquín... ✅
  [ 996/1492] sinservir... ✅
  [ 997/1492] sinsonte... ✅
  [ 998/1492] sintería... ✅
  [ 999/1492] sintonizar... ✅
  [1000/1492] sinvergüenzura... ✅
  [1001/1492] sinvergüenzón,_na... ✅
  [1002/1492] siore... ✅
  [1003/1492] sip... ✅
  [1004/1492] siper... ✅
  [1005/1492] sippy... ✅
  [1006/1492] siquitraque... ✅
  [1007/1492] siquitrilla... ✅
  [1008/1492] sirajo... ✅
  [1009/1492] sirete... ✅
  [1010/1492] sirga... ✅
  [1011/1492] sirgado,_da... ✅
  [1012/1492] sirgar... ✅
  [1013/1492] siriaco,_ca... ✅
  [1014/1492] siroco... ✅
  [1015/1492] sirop... ✅
  [1016/1492] sirope... ✅
  [1017/1492] sirsoquer... ✅
  [1018/1492] siró... ✅
  [1019/1492] sise... ✅
  [1020/1492] sismiar... ✅
  [1021/1492] sistema_operativo... ✅
  [1022/1492] sitar... ✅
  [1023/1492] site... ✅
  [1024/1492] sitio... ✅
  [1025/1492] sitio_caliente... ✅
  [1026/1492] sitio_de_partida... ✅
  [1027/1492] situado... ✅
  [1028/1492] size... ✅
  [1029/1492] siño,_ña... ✅
  [1030/1492] ska... ✅
  [1031/1492] skate_(board)... ✅
  [1032/1492] skateboard... ✅
  [1033/1492] skateboarding... ✅
  [1034/1492] sketch... ✅
  [1035/1492] skiboard... ✅
  [1036/1492] skinny_pants... ✅
  [1037/1492] skit... ✅
  [1038/1492] skycam... ✅
  [1039/1492] slang... ✅
  [1040/1492] sleep_over... ✅
  [1041/1492] sleepover... ✅
  [1042/1492] slender... ✅
  [1043/1492] slice... ✅
  [1044/1492] slide... ✅
  [1045/1492] slide_show... ✅
  [1046/1492] slider... ✅
  [1047/1492] sliding_door... ✅
  [1048/1492] slip... ✅
  [1049/1492] slogan... ✅
  [1050/1492] slugger... ✅
  [1051/1492] slugging... ✅
  [1052/1492] slugging_(percentage)... ✅
  [1053/1492] slump... ✅
  [1054/1492] small... ✅
  [1055/1492] smart_card... ✅
  [1056/1492] smartphone... ✅
  [1057/1492] smog... ✅
  [1058/1492] smoke... ✅
  [1059/1492] smoking... ✅
  [1060/1492] smoking_room... ✅
  [1061/1492] sms... ✅
  [1062/1492] snack... ✅
  [1063/1492] sniffer... ✅
  [1064/1492] snifiar... ✅
  [1065/1492] snob... ✅
  [1066/1492] snobería... ✅
  [1067/1492] snorkel... ✅
  [1068/1492] snowman... ✅
  [1069/1492] so... ✅
  [1070/1492] sobador,_ra... ✅
  [1071/1492] sobaquera... ✅
  [1072/1492] sobar... ✅
  [1073/1492] sobar_la_mano... ✅
  [1074/1492] soberao... ✅
  [1075/1492] soberear... ✅
  [1076/1492] sobeteo... ✅
  [1077/1492] sobina... ✅
  [1078/1492] sobo... ✅
  [1079/1492] sobra... ✅
  [1080/1492] sobrado,_da... ✅
  [1081/1492] sobrado... ✅
  [1082/1492] sobraja... ✅
  [1083/1492] sobrante... ✅
  [1084/1492] sobre... ✅
  [1085/1492] sobre_de_manila... ✅
  [1086/1492] sobrecarga... ✅
  [1087/1492] sobrecocinar... ✅
  [1088/1492] sobrecumbrera... ✅
  [1089/1492] sobrenombre... ✅
  [1090/1492] sobrepaso... ✅
  [1091/1492] sobrepoblado,_da... ✅
  [1092/1492] sobretrote... ✅
  [1093/1492] sobrevega... ✅
  [1094/1492] sobón,_na... ✅
  [1095/1492] socatún,_na... ✅
  [1096/1492] soccer... ✅
  [1097/1492] social_bookmarking... ✅
  [1098/1492] social_networking... ✅
  [1099/1492] social_security... ✅
  [1100/1492] socialero,_ra... ✅
  [1101/1492] socialista... ✅
  [1102/1492] socializar... ✅
  [1103/1492] socio,_cia... ✅
  [1104/1492] socióloco,_ca... ✅
  [1105/1492] socket... ✅
  [1106/1492] soco,_ca... ✅
  [1107/1492] socorrido,_da... ✅
  [1108/1492] socorrismo... ✅
  [1109/1492] socratito,_ta... ✅
  [1110/1492] socucho... ✅
  [1111/1492] soda... ✅
  [1112/1492] sofisticado,_da... ✅
  [1113/1492] sofocón... ✅
  [1114/1492] sofrito... ✅
  [1115/1492] soft_rock... ✅
  [1116/1492] soft_skill... ✅
  [1117/1492] softball... ✅
  [1118/1492] software... ✅
  [1119/1492] soga... ✅
  [1120/1492] soga_y_pasto... ✅
  [1121/1492] soguero... ✅
  [1122/1492] soisia... ✅
  [1123/1492] sol... ✅
  [1124/1492] sol_de_los_muertos... ✅
  [1125/1492] sol_y_luna... ✅
  [1126/1492] solar... ✅
  [1127/1492] soleador... ✅
  [1128/1492] solear... ✅
  [1129/1492] solera... ✅
  [1130/1492] solfear... ✅
  [1131/1492] solfeo... ✅
  [1132/1492] solferina... ✅
  [1133/1492] sollado... ✅
  [1134/1492] sollaje... ✅
  [1135/1492] sollejo... ✅
  [1136/1492] solo,_la... ✅
  [1137/1492] soltadero... ✅
  [1138/1492] soltador,_ra... ✅
  [1139/1492] soltar_cordel... ✅
  [1140/1492] soltar_el_gallo... ✅
  [1141/1492] soltar_el_rollo... ✅
  [1142/1492] soltar_la_mosca... ✅
  [1143/1492] soltar_las_velas... ✅
  [1144/1492] soltar_los_topos... ✅
  [1145/1492] soltura_de_vientre... ✅
  [1146/1492] solupe... ✅
  [1147/1492] solvente... ✅
  [1148/1492] sombra... ✅
  [1149/1492] sombrero_de_pelo... ✅
  [1150/1492] sombrero_de_pelo_jíbaro... ✅
  [1151/1492] sombrero_de_pelo_panameño... ✅
  [1152/1492] sombrero_jíbaro... ✅
  [1153/1492] sombrilla... ✅
  [1154/1492] sombrillita... ✅
  [1155/1492] sombrillita_del_diablo... ✅
  [1156/1492] son... ✅
  [1157/1492] son_quitao... ✅
  [1158/1492] sonado,_da... ✅
  [1159/1492] sonadora... ✅
  [1160/1492] sonajera... ✅
  [1161/1492] sonar... ✅
  [1162/1492] sonar_demasiado_bueno... ✅
  [1163/1492] soncera... ✅
  [1164/1492] sonda... ✅
  [1165/1492] sondaleza... ✅
  [1166/1492] sondear... ✅
  [1167/1492] sonduro... ✅
  [1168/1492] sonear... ✅
  [1169/1492] soneo... ✅
  [1170/1492] sonero,_ra... ✅
  [1171/1492] songa... ✅
  [1172/1492] sonidista... ✅
  [1173/1492] sonitonto,_ta... ✅
  [1174/1492] sonora... ✅
  [1175/1492] sonsera... ✅
  [1176/1492] sonsonete... ✅
  [1177/1492] sonsonetear... ✅
  [1178/1492] sontán... ✅
  [1179/1492] soon... ✅
  [1180/1492] sopa_de_ajo... ✅
  [1181/1492] sopa_de_letras... ✅
  [1182/1492] sopa_de_sesos... ✅
  [1183/1492] sopandazo... ✅
  [1184/1492] sopero,_ra... ✅
  [1185/1492] sopería... ✅
  [1186/1492] sopetazo... ✅
  [1187/1492] sopetear... ✅
  [1188/1492] sopeteo... ✅
  [1189/1492] sopetón... ✅
  [1190/1492] sopista... ✅
  [1191/1492] sopladero... ✅
  [1192/1492] soplador... ✅
  [1193/1492] soplamoco... ✅
  [1194/1492] soplamocos... ✅
  [1195/1492] soplapote... ✅
  [1196/1492] soplar... ✅
  [1197/1492] soplar_los_mocos... ✅
  [1198/1492] soplarse... ✅
  [1199/1492] soponcio... ✅
  [1200/1492] soporte... ✅
  [1201/1492] sopón... ✅
  [1202/1492] sor... ✅
  [1203/1492] sora... ✅
  [1204/1492] sorbete... ✅
  [1205/1492] sorbeto... ✅
  [1206/1492] sordo,_da... ✅
  [1207/1492] sorejo,_ja... ✅
  [1208/1492] sorocarse... ✅
  [1209/1492] sorocharse... ✅
  [1210/1492] sorocho,_cha... ✅
  [1211/1492] soroco,_ca... ✅
  [1212/1492] sorocón,_na... ✅
  [1213/1492] sororidad... ✅
  [1214/1492] sororita... ✅
  [1215/1492] sorotuyo... ✅
  [1216/1492] sorra... ✅
  [1217/1492] sorry... ✅
  [1218/1492] sortear... ✅
  [1219/1492] sortija... ✅
  [1220/1492] soruca... ✅
  [1221/1492] sorullo... ✅
  [1222/1492] sorullo_mal_envuelto... ✅
  [1223/1492] sosera... ✅
  [1224/1492] soso,_sa... ✅
  [1225/1492] sospechoso,_sa... ✅
  [1226/1492] sosquineado,_da... ✅
  [1227/1492] sosquinear... ✅
  [1228/1492] sostenedor... ✅
  [1229/1492] sostenibilidad... ✅
  [1230/1492] sotacaballo... ✅
  [1231/1492] sotavento... ✅
  [1232/1492] soterrado... ✅
  [1233/1492] sotopaso... ✅
  [1234/1492] sotovoche... ✅
  [1235/1492] sotro... ✅
  [1236/1492] soul... ✅
  [1237/1492] sound_track... ✅
  [1238/1492] soundtrack... ✅
  [1239/1492] sour_cream... ✅
  [1240/1492] source_(code)... ✅
  [1241/1492] soñar_con_pajaritos_preñados... ✅
  [1242/1492] soño,_ña... ✅
  [1243/1492] spa... ✅
  [1244/1492] spam... ✅
  [1245/1492] spamming... ✅
  [1246/1492] spanglish... ✅
  [1247/1492] spanish_fly... ✅
  [1248/1492] spark_plug... ✅
  [1249/1492] speaker... ✅
  [1250/1492] special_delivery... ✅
  [1251/1492] spect... ✅
  [1252/1492] speech... ✅
  [1253/1492] spikes... ✅
  [1254/1492] spinning... ✅
  [1255/1492] spoiler... ✅
  [1256/1492] sponsor... ✅
  [1257/1492] sport... ✅
  [1258/1492] sport_shirt... ✅
  [1259/1492] sport_shop... ✅
  [1260/1492] spot... ✅
  [1261/1492] spot_lamp... ✅
  [1262/1492] spot_light... ✅
  [1263/1492] spotlight... ✅
  [1264/1492] spray... ✅
  [1265/1492] spring... ✅
  [1266/1492] spring_break... ✅
  [1267/1492] spring_mattress... ✅
  [1268/1492] sprinkler... ✅
  [1269/1492] sprinkles... ✅
  [1270/1492] sprint... ✅
  [1271/1492] sprintear... ✅
  [1272/1492] sprinter... ✅
  [1273/1492] square... ✅
  [1274/1492] squash... ✅
  [1275/1492] squat... ✅
  [1276/1492] squeegee... ✅
  [1277/1492] squiertes... ✅
  [1278/1492] squiete... ✅
  [1279/1492] squiming... ✅
  [1280/1492] staff... ✅
  [1281/1492] stage... ✅
  [1282/1492] stainless_steel... ✅
  [1283/1492] stalkear... ✅
  [1284/1492] stamina... ✅
  [1285/1492] stand... ✅
  [1286/1492] stand_by... ✅
  [1287/1492] stand_up_comedy... ✅
  [1288/1492] standard... ✅
  [1289/1492] standby... ✅
  [1290/1492] standing... ✅
  [1291/1492] start-up... ✅
  [1292/1492] start_up... ✅
  [1293/1492] starter... ✅
  [1294/1492] starving... ✅
  [1295/1492] statement... ✅
  [1296/1492] station_wagon... ✅
  [1297/1492] status... ✅
  [1298/1492] steak... ✅
  [1299/1492] stencil... ✅
  [1300/1492] stent... ✅
  [1301/1492] step_(aerobic)... ✅
  [1302/1492] stewardess... ✅
  [1303/1492] sticker... ✅
  [1304/1492] stock... ✅
  [1305/1492] stock_item... ✅
  [1306/1492] stock_option... ✅
  [1307/1492] stock_room... ✅
  [1308/1492] stool... ✅
  [1309/1492] stop... ✅
  [1310/1492] stop_payment... ✅
  [1311/1492] storage... ✅
  [1312/1492] straight... ✅
  [1313/1492] strapless... ✅
  [1314/1492] strapping_tape... ✅
  [1315/1492] strawberry... ✅
  [1316/1492] streaker... ✅
  [1317/1492] streaking... ✅
  [1318/1492] stress... ✅
  [1319/1492] stretching... ✅
  [1320/1492] strike... ✅
  [1321/1492] strike_cantado... ✅
  [1322/1492] striking_day... ✅
  [1323/1492] strip_tease... ✅
  [1324/1492] striptease... ✅
  [1325/1492] stroke... ✅
  [1326/1492] stud_pigeon... ✅
  [1327/1492] student_council... ✅
  [1328/1492] su_merced... ✅
  [1329/1492] suamo,_ma... ✅
  [1330/1492] suana... ✅
  [1331/1492] suasé... ✅
  [1332/1492] suave... ✅
  [1333/1492] suave_y_sin_sudar... ✅
  [1334/1492] sube_y_baja... ✅
  [1335/1492] subestándar... ✅
  [1336/1492] subestándard... ✅
  [1337/1492] subheading... ✅
  [1338/1492] subibaja... ✅
  [1339/1492] subir... ✅
  [1340/1492] subir_como_el_mabí... ✅
  [1341/1492] subir_como_la_espuma_del_mabí... ✅
  [1342/1492] subir_el_ancla... ✅
  [1343/1492] subir_el_cantaso... ✅
  [1344/1492] subir_el_cantazo... ✅
  [1345/1492] subir_la_escalera... ✅
  [1346/1492] subir_la_mar... ✅
  [1347/1492] subir_la_tabla... ✅
  [1348/1492] subir_las_velas... ✅
  [1349/1492] subir_una_nota_heavy... ✅
  [1350/1492] subir_y_bajar_santos... ✅
  [1351/1492] subirse_la_pulga... ✅
  [1352/1492] subject... ✅
  [1353/1492] subject_heading... ✅
  [1354/1492] sublimar... ✅
  [1355/1492] subliminal... ✅
  [1356/1492] submarino... ✅
  [1357/1492] subpoena... ✅
  [1358/1492] subprime... ✅
  [1359/1492] subsiguiente... ✅
  [1360/1492] subversivo,_va... ✅
  [1361/1492] subway... ✅
  [1362/1492] sucio,_cia... ✅
  [1363/1492] sucio... ✅
  [1364/1492] sucrosa... ✅
  [1365/1492] sucuchazo... ✅
  [1366/1492] sucucho... ✅
  [1367/1492] sucusumuco... ✅
  [1368/1492] sucutazo... ✅
  [1369/1492] sudadera... ✅
  [1370/1492] sudadero... ✅
  [1371/1492] sudador,_ra... ✅
  [1372/1492] sudar_algo... ✅
  [1373/1492] sudar_como_caballo_pelao... ✅
  [1374/1492] sudar_la_cota... ✅
  [1375/1492] sudar_la_patria... ✅
  [1376/1492] sudar_tinta... ✅
  [1377/1492] suela... ✅
  [1378/1492] sueldaconsuelda... ✅
  [1379/1492] suelin... ✅
  [1380/1492] sueltecito... ✅
  [1381/1492] suera... ✅
  [1382/1492] suerita... ✅
  [1383/1492] suero_de_brea... ✅
  [1384/1492] suerte_no,_maroma... ✅
  [1385/1492] sueste... ✅
  [1386/1492] sueñera... ✅
  [1387/1492] sueño_húmedo... ✅
  [1388/1492] sueño_liviano... ✅
  [1389/1492] sueño_prieto... ✅
  [1390/1492] sufragar... ✅
  [1391/1492] sugar_glaze... ✅
  [1392/1492] suich... ✅
  [1393/1492] suichar... ✅
  [1394/1492] suiche... ✅
  [1395/1492] suillú,_llúa... ✅
  [1396/1492] suit... ✅
  [1397/1492] suite... ✅
  [1398/1492] sul... ✅
  [1399/1492] sulfurarse... ✅
  [1400/1492] sultán... ✅
  [1401/1492] sumariado,_da... ✅
  [1402/1492] sumidero... ✅
  [1403/1492] sun_tan... ✅
  [1404/1492] suncha... ✅
  [1405/1492] suncho... ✅
  [1406/1492] sunroof... ✅
  [1407/1492] sunsún... ✅
  [1408/1492] suntan... ✅
  [1409/1492] suntan_lotion... ✅
  [1410/1492] super_cívico,_ca... ✅
  [1411/1492] super_heavy... ✅
  [1412/1492] superastro... ✅
  [1413/1492] superchería... ✅
  [1414/1492] superita... ✅
  [1415/1492] superitar... ✅
  [1416/1492] supermarket... ✅
  [1417/1492] supermercado... ✅
  [1418/1492] supervisor,_ra... ✅
  [1419/1492] supiritado,_da... ✅
  [1420/1492] suplantar... ✅
  [1421/1492] suplidor,_ra... ✅
  [1422/1492] suplir... ✅
  [1423/1492] suponencia... ✅
  [1424/1492] supplies... ✅
  [1425/1492] supply... ✅
  [1426/1492] surcadora... ✅
  [1427/1492] sure... ✅
  [1428/1492] surf... ✅
  [1429/1492] surfboard... ✅
  [1430/1492] surfear... ✅
  [1431/1492] surfer... ✅
  [1432/1492] surfing... ✅
  [1433/1492] surfista... ✅
  [1434/1492] surgidero... ✅
  [1435/1492] surplus... ✅
  [1436/1492] surrapa... ✅
  [1437/1492] surrupio,_pia... ✅
  [1438/1492] suruca... ✅
  [1439/1492] suruco,_ca... ✅
  [1440/1492] surullo... ✅
  [1441/1492] suruma... ✅
  [1442/1492] surupa... ✅
  [1443/1492] suruquear... ✅
  [1444/1492] suruquero,_ra... ✅
  [1445/1492] survey... ✅
  [1446/1492] survey_course... ✅
  [1447/1492] suscitarse... ✅
  [1448/1492] susi... ✅
  [1449/1492] suspender... ✅
  [1450/1492] suspense... ✅
  [1451/1492] suspensión... ✅
  [1452/1492] suspensión_académica... ✅
  [1453/1492] suspenso... ✅
  [1454/1492] suspensores... ✅
  [1455/1492] suspirar... ✅
  [1456/1492] suspiro... ✅
  [1457/1492] suspiro_de_ángel... ✅
  [1458/1492] susquinear... ✅
  [1459/1492] sustache... ✅
  [1460/1492] sustancia... ✅
  [1461/1492] sustancia_controlada... ✅
  [1462/1492] sustancial... ✅
  [1463/1492] sustante... ✅
  [1464/1492] sustentabilidad... ✅
  [1465/1492] sustentación... ✅
  [1466/1492] susubano,_na... ✅
  [1467/1492] susuchazo... ✅
  [1468/1492] sutilillo... ✅
  [1469/1492] suup... ✅
  [1470/1492] suéter... ✅
  [1471/1492] sweater... ✅
  [1472/1492] sweet... ✅
  [1473/1492] swichar... ✅
  [1474/1492] swimming_pool... ✅
  [1475/1492] swing... ✅
  [1476/1492] swinging... ✅
  [1477/1492] switch... ✅
  [1478/1492] switche... ✅
  [1479/1492] sábalo... ✅
  [1480/1492] sábila... ✅
  [1481/1492] sándalo... ✅
  [1482/1492] sándwich... ✅
  [1483/1492] sátira... ✅
  [1484/1492] sávila... ✅
  [1485/1492] sémilo... ✅
  [1486/1492] sénior... ✅
  [1487/1492] síncama... ✅
  [1488/1492] sínsola... ✅
  [1489/1492] sínsoras... ✅
  [1490/1492] sínsula... ✅
  [1491/1492] sónar... ✅
  [1492/1492] sótano... ✅

================================================================================
CONSOLIDATION COMPLETE
================================================================================
  Letter:        S
  Processed:     1492
  Failed:        0
  Output folder: /Users/andrewcasanova/Documents/data_science_projects/ai_projects/TESORO_BORICUA/webscrape/data/preprocessed_tesoro_v2/s


================================================================================
CONSOLIDATING LETTER 'T' - 1595 words
================================================================================

  [   1/1595] t-shirt... ✅
  [   2/1595] t_shirt... ✅
  [   3/1595] tabacalera... ✅
  [   4/1595] tabaco... ✅
  [   5/1595] tabaco_de_moña... ✅
  [   6/1595] tabaco_hilado... ✅
  [   7/1595] tabaco_malo... ✅
  [   8/1595] tabacán... ✅
  [   9/1595] tabacón... ✅
  [  10/1595] tabacón_afelpado... ✅
  [  11/1595] tabacón_áspero... ✅
  [  12/1595] tabaiba... ✅
  [  13/1595] tabanuco... ✅
  [  14/1595] tabaquero,_ra... ✅
  [  15/1595] tabaquería... ✅
  [  16/1595] tabaquito... ✅
  [  17/1595] tabardillo... ✅
  [  18/1595] tabeiba... ✅
  [  19/1595] tabla... ✅
  [  20/1595] tabla_de_capellada... ✅
  [  21/1595] tabla_de_costa... ✅
  [  22/1595] tabla_de_lavar... ✅
  [  23/1595] tabla_de_palma... ✅
  [  24/1595] tabla_de_planchar... ✅
  [  25/1595] tablado... ✅
  [  26/1595] tablar... ✅
  [  27/1595] tablazo... ✅
  [  28/1595] tablazón... ✅
  [  29/1595] tablero... ✅
  [  30/1595] tableta... ✅
  [  31/1595] tabletear... ✅
  [  32/1595] tableteazo... ✅
  [  33/1595] tableteo... ✅
  [  34/1595] tablilla... ✅
  [  35/1595] tabloide... ✅
  [  36/1595] tabloncillo... ✅
  [  37/1595] tablón... ✅
  [  38/1595] tablón_de_edictos... ✅
  [  39/1595] tabonucal... ✅
  [  40/1595] tabonuco... ✅
  [  41/1595] tabunuco... ✅
  [  42/1595] taburete... ✅
  [  43/1595] tac... ✅
  [  44/1595] tacata... ✅
  [  45/1595] tacataca... ✅
  [  46/1595] tachero... ✅
  [  47/1595] tacho... ✅
  [  48/1595] tacho_de_fábrica... ✅
  [  49/1595] tacho_de_refinería... ✅
  [  50/1595] tachuelo... ✅
  [  51/1595] tack... ✅
  [  52/1595] taco... ✅
  [  53/1595] taco_de_estrella... ✅
  [  54/1595] tactar... ✅
  [  55/1595] tactear... ✅
  [  56/1595] tafeta... ✅
  [  57/1595] tag... ✅
  [  58/1595] tag_&_release... ✅
  [  59/1595] tag_and_release... ✅
  [  60/1595] tagging... ✅
  [  61/1595] tagua-tagua... ✅
  [  62/1595] taguagua... ✅
  [  63/1595] taguear... ✅
  [  64/1595] tahey... ✅
  [  65/1595] tahona... ✅
  [  66/1595] taimado,_da... ✅
  [  67/1595] taipear... ✅
  [  68/1595] taita... ✅
  [  69/1595] tajarria... ✅
  [  70/1595] tajear... ✅
  [  71/1595] tajo... ✅
  [  72/1595] tajonero... ✅
  [  73/1595] tajureador,_ra... ✅
  [  74/1595] tajurear... ✅
  [  75/1595] tajureo... ✅
  [  76/1595] tajurero,_ra... ✅
  [  77/1595] take_it_easy... ✅
  [  78/1595] take_out... ✅
  [  79/1595] tala... ✅
  [  80/1595] tala_a_medias... ✅
  [  81/1595] talado,_da... ✅
  [  82/1595] talado... ✅
  [  83/1595] taladrador... ✅
  [  84/1595] talanquera... ✅
  [  85/1595] talanqueta... ✅
  [  86/1595] talantala... ✅
  [  87/1595] talar... ✅
  [  88/1595] talar_a_pica_tierra... ✅
  [  89/1595] talar_la_finquita... ✅
  [  90/1595] talent_show... ✅
  [  91/1595] talento... ✅
  [  92/1595] talita... ✅
  [  93/1595] talk_show... ✅
  [  94/1595] talla... ✅
  [  95/1595] taller... ✅
  [  96/1595] taller_de_rejas... ✅
  [  97/1595] tallo... ✅
  [  98/1595] talántula... ✅
  [  99/1595] talásico,_ca... ✅
  [ 100/1595] tamacia... ✅
  [ 101/1595] tamaiba... ✅
  [ 102/1595] tamarindillo... ✅
  [ 103/1595] tamarindillo_de_loma... ✅
  [ 104/1595] tamarindo... ✅
  [ 105/1595] tambor... ✅
  [ 106/1595] tambora... ✅
  [ 107/1595] tamboril... ✅
  [ 108/1595] tamboril_de_espinas... ✅
  [ 109/1595] tamborí... ✅
  [ 110/1595] tamujo... ✅
  [ 111/1595] tan_con_tan... ✅
  [ 112/1595] tan_tan_como_tan_tan... ✅
  [ 113/1595] tanamá... ✅
  [ 114/1595] tancaje... ✅
  [ 115/1595] tanda... ✅
  [ 116/1595] tanda_corrida... ✅
  [ 117/1595] tanganazo... ✅
  [ 118/1595] tangón... ✅
  [ 119/1595] tank-top... ✅
  [ 120/1595] tanque... ✅
  [ 121/1595] tanquero... ✅
  [ 122/1595] tanto... ✅
  [ 123/1595] tanto_nadar_para_morir_en_la_orilla... ✅
  [ 124/1595] tantán... ✅
  [ 125/1595] tantúa... ✅
  [ 126/1595] tanyarina... ✅
  [ 127/1595] tanyarín... ✅
  [ 128/1595] tao... ✅
  [ 129/1595] tapa... ✅
  [ 130/1595] tapabocina... ✅
  [ 131/1595] tapaculo... ✅
  [ 132/1595] tapado,_da... ✅
  [ 133/1595] tapador_de_semilla... ✅
  [ 134/1595] tapadora... ✅
  [ 135/1595] tapaiba... ✅
  [ 136/1595] tapalodo... ✅
  [ 137/1595] tapaojo... ✅
  [ 138/1595] tapar... ✅
  [ 139/1595] tapar_los_chivos... ✅
  [ 140/1595] taparrotos... ✅
  [ 141/1595] taparse... ✅
  [ 142/1595] tapas... ✅
  [ 143/1595] tapazancudo... ✅
  [ 144/1595] tape... ✅
  [ 145/1595] tape_recorder... ✅
  [ 146/1595] tapeta... ✅
  [ 147/1595] tapete... ✅
  [ 148/1595] tapiar... ✅
  [ 149/1595] tapioca... ✅
  [ 150/1595] tapita... ✅
  [ 151/1595] tapiz... ✅
  [ 152/1595] taponazo... ✅
  [ 153/1595] tapuso,_sa... ✅
  [ 154/1595] tapón... ✅
  [ 155/1595] taquear... ✅
  [ 156/1595] taquequetaque... ✅
  [ 157/1595] taquetaque... ✅
  [ 158/1595] taquetazo... ✅
  [ 159/1595] taquilla... ✅
  [ 160/1595] taquillo... ✅
  [ 161/1595] taquitaqui... ✅
  [ 162/1595] taquígrafa... ✅
  [ 163/1595] tarabilla... ✅
  [ 164/1595] taraje... ✅
  [ 165/1595] tarantín... ✅
  [ 166/1595] tardecita... ✅
  [ 167/1595] tardecito... ✅
  [ 168/1595] tardíamente... ✅
  [ 169/1595] target... ✅
  [ 170/1595] target_market... ✅
  [ 171/1595] tarifa_plana... ✅
  [ 172/1595] tarima... ✅
  [ 173/1595] tarja... ✅
  [ 174/1595] tarjear... ✅
  [ 175/1595] tarjeta... ✅
  [ 176/1595] tarjeta_de_memoria... ✅
  [ 177/1595] tarjeta_de_presentación... ✅
  [ 178/1595] tarjeta_de_recomendación... ✅
  [ 179/1595] tarjeta_de_sonido... ✅
  [ 180/1595] tarjetazo... ✅
  [ 181/1595] tarjeteo... ✅
  [ 182/1595] tarjetera... ✅
  [ 183/1595] tarjetero... ✅
  [ 184/1595] tarrajazo... ✅
  [ 185/1595] tarraya... ✅
  [ 186/1595] tarrayazo... ✅
  [ 187/1595] tarros... ✅
  [ 188/1595] tartagazo... ✅
  [ 189/1595] tartana... ✅
  [ 190/1595] tarugo... ✅
  [ 191/1595] tarápido,_da... ✅
  [ 192/1595] tas_con_tas... ✅
  [ 193/1595] tas_tas... ✅
  [ 194/1595] tasajear... ✅
  [ 195/1595] tasajo... ✅
  [ 196/1595] tasar... ✅
  [ 197/1595] tasco... ✅
  [ 198/1595] taser_gun... ✅
  [ 199/1595] task_force... ✅
  [ 200/1595] tastarazo... ✅
  [ 201/1595] tata... ✅
  [ 202/1595] tataiba... ✅
  [ 203/1595] tatarata... ✅
  [ 204/1595] tatequieto... ✅
  [ 205/1595] tato... ✅
  [ 206/1595] tatuaje... ✅
  [ 207/1595] tatúa... ✅
  [ 208/1595] tauba... ✅
  [ 209/1595] tautuba... ✅
  [ 210/1595] tautubo... ✅
  [ 211/1595] tautuga... ✅
  [ 212/1595] tautuilla... ✅
  [ 213/1595] tautúa... ✅
  [ 214/1595] tax... ✅
  [ 215/1595] tayno,_na... ✅
  [ 216/1595] tayonera... ✅
  [ 217/1595] tayote... ✅
  [ 218/1595] tayotera... ✅
  [ 219/1595] tayón,_na... ✅
  [ 220/1595] tayón... ✅
  [ 221/1595] taíno,_na... ✅
  [ 222/1595] tañamiento... ✅
  [ 223/1595] tcp... ✅
  [ 224/1595] te... ✅
  [ 225/1595] te_veo_y_toco_el_palo... ✅
  [ 226/1595] tea... ✅
  [ 227/1595] tea_cimarrona... ✅
  [ 228/1595] teacher... ✅
  [ 229/1595] team... ✅
  [ 230/1595] teasing... ✅
  [ 231/1595] teatrista... ✅
  [ 232/1595] teca... ✅
  [ 233/1595] tecata... ✅
  [ 234/1595] tecato,_ta... ✅
  [ 235/1595] tecato_corrompido... ✅
  [ 236/1595] tecato_de_cemento... ✅
  [ 237/1595] tecato_de_cisne... ✅
  [ 238/1595] tecato_de_cíner... ✅
  [ 239/1595] tececito... ✅
  [ 240/1595] tecesito... ✅
  [ 241/1595] techero,_ra... ✅
  [ 242/1595] techetá... ✅
  [ 243/1595] techno... ✅
  [ 244/1595] teclas... ✅
  [ 245/1595] teen... ✅
  [ 246/1595] teen_movie... ✅
  [ 247/1595] teenager... ✅
  [ 248/1595] teepee... ✅
  [ 249/1595] teflón... ✅
  [ 250/1595] teflón_tape... ✅
  [ 251/1595] teipe... ✅
  [ 252/1595] tejado... ✅
  [ 253/1595] tejamanil... ✅
  [ 254/1595] tejamaní... ✅
  [ 255/1595] tejemaneje... ✅
  [ 256/1595] tejemeneje... ✅
  [ 257/1595] tejo... ✅
  [ 258/1595] tela... ✅
  [ 259/1595] tela_de_coco... ✅
  [ 260/1595] tela_de_holanda... ✅
  [ 261/1595] tele-entry... ✅
  [ 262/1595] teleaudiencia... ✅
  [ 263/1595] telefax... ✅
  [ 264/1595] telegrafista... ✅
  [ 265/1595] teleidiota... ✅
  [ 266/1595] telemaniático,_ca... ✅
  [ 267/1595] telemaratón... ✅
  [ 268/1595] teletexto... ✅
  [ 269/1595] teletimer... ✅
  [ 270/1595] televidente... ✅
  [ 271/1595] televidiota... ✅
  [ 272/1595] televisión... ✅
  [ 273/1595] televisor... ✅
  [ 274/1595] televisor_(de)_plasma... ✅
  [ 275/1595] televisor_lcd... ✅
  [ 276/1595] televisora... ✅
  [ 277/1595] telex... ✅
  [ 278/1595] teller... ✅
  [ 279/1595] telnet... ✅
  [ 280/1595] teléfono_celular... ✅
  [ 281/1595] telón_de_acero... ✅
  [ 282/1595] telúrico,_ca... ✅
  [ 283/1595] tembladera... ✅
  [ 284/1595] tembleque... ✅
  [ 285/1595] temblequeo... ✅
  [ 286/1595] temblequera... ✅
  [ 287/1595] tembé... ✅
  [ 288/1595] temperamento... ✅
  [ 289/1595] temperante... ✅
  [ 290/1595] temperar... ✅
  [ 291/1595] tempestad... ✅
  [ 292/1595] templa... ✅
  [ 293/1595] templado,_da... ✅
  [ 294/1595] templar... ✅
  [ 295/1595] templarse... ✅
  [ 296/1595] templero... ✅
  [ 297/1595] templete... ✅
  [ 298/1595] temporal... ✅
  [ 299/1595] temporana... ✅
  [ 300/1595] temporano,_na... ✅
  [ 301/1595] temporante... ✅
  [ 302/1595] temporero... ✅
  [ 303/1595] temporáneo,_nea... ✅
  [ 304/1595] ten_fe_y_come_berro... ✅
  [ 305/1595] tenazas... ✅
  [ 306/1595] tenche,_cha... ✅
  [ 307/1595] tencontén... ✅
  [ 308/1595] tendajo... ✅
  [ 309/1595] tender... ✅
  [ 310/1595] tenderete... ✅
  [ 311/1595] tenders... ✅
  [ 312/1595] tendido... ✅
  [ 313/1595] tenedor... ✅
  [ 314/1595] tener... ✅
  [ 315/1595] tener_(todas)_las_bases_cubiertas... ✅
  [ 316/1595] tener_(un)_swing... ✅
  [ 317/1595] tener_a_alguien_sentado_en_el_baúl... ✅
  [ 318/1595] tener_a_alguien_tumbado... ✅
  [ 319/1595] tener_a_dios_cogido_por_el_rabo... ✅
  [ 320/1595] tener_a_dios_cogido_por_la_cota... ✅
  [ 321/1595] tener_a_uno_en_un_patín... ✅
  [ 322/1595] tener_a_uno_frito... ✅
  [ 323/1595] tener_a_uno_hasta_las_teleras... ✅
  [ 324/1595] tener_abierta_todavía_la_mollera... ✅
  [ 325/1595] tener_agallas... ✅
  [ 326/1595] tener_aire... ✅
  [ 327/1595] tener_ajoguillo... ✅
  [ 328/1595] tener_al_palo... ✅
  [ 329/1595] tener_ansia... ✅
  [ 330/1595] tener_bemoles... ✅
  [ 331/1595] tener_billete... ✅
  [ 332/1595] tener_cabeza_de_güiro... ✅
  [ 333/1595] tener_cabeza_de_higüera... ✅
  [ 334/1595] tener_cacao... ✅
  [ 335/1595] tener_cachaza... ✅
  [ 336/1595] tener_caché... ✅
  [ 337/1595] tener_calentura_pegada... ✅
  [ 338/1595] tener_cancha... ✅
  [ 339/1595] tener_cara_de_caballo... ✅
  [ 340/1595] tener_cara_de_guanime... ✅
  [ 341/1595] tener_cara_de_guardia... ✅
  [ 342/1595] tener_cara_de_paslote... ✅
  [ 343/1595] tener_cara_de_póker... ✅
  [ 344/1595] tener_cara_de_ratón... ✅
  [ 345/1595] tener_cara_de_todos_tenemos... ✅
  [ 346/1595] tener_cara_de_tostenemos... ✅
  [ 347/1595] tener_cara_de_tusa... ✅
  [ 348/1595] tener_cara_de_yautía_jojota... ✅
  [ 349/1595] tener_cara_de_ñame... ✅
  [ 350/1595] tener_carcomillo... ✅
  [ 351/1595] tener_careta... ✅
  [ 352/1595] tener_chichos... ✅
  [ 353/1595] tener_coco... ✅
  [ 354/1595] tener_cola... ✅
  [ 355/1595] tener_comején_en_el_coco... ✅
  [ 356/1595] tener_comején_en_el_moño... ✅
  [ 357/1595] tener_comiendo_en_la_mano... ✅
  [ 358/1595] tener_cría... ✅
  [ 359/1595] tener_culillo... ✅
  [ 360/1595] tener_culo_de_araña_boba... ✅
  [ 361/1595] tener_de_hijo... ✅
  [ 362/1595] tener_dembow... ✅
  [ 363/1595] tener_dinga... ✅
  [ 364/1595] tener_dinga_o_mandinga... ✅
  [ 365/1595] tener_dos_bocas_como_el_juey... ✅
  [ 366/1595] tener_el_banco_virao... ✅
  [ 367/1595] tener_el_coco_prendido... ✅
  [ 368/1595] tener_el_corazón_de_alambre_de_puás... ✅
  [ 369/1595] tener_el_culo_como_botón_socialista... ✅
  [ 370/1595] tener_el_disco_rallado... ✅
  [ 371/1595] tener_el_estómago_al_espinazo... ✅
  [ 372/1595] tener_el_estómago_en_un_hilo... ✅
  [ 373/1595] tener_el_genio_volado... ✅
  [ 374/1595] tener_el_moco_caído... ✅
  [ 375/1595] tener_el_mono_trepado_(en_la_espalda)... ✅
  [ 376/1595] tener_el_mono_trepao_en_la_espalda... ✅
  [ 377/1595] tener_el_rabo_entre_las_patas... ✅
  [ 378/1595] tener_el_rabo_parado... ✅
  [ 379/1595] tener_el_sello... ✅
  [ 380/1595] tener_el_vellón_pegado... ✅
  [ 381/1595] tener_en_la_mirilla... ✅
  [ 382/1595] tener_en_mente... ✅
  [ 383/1595] tener_en_stock... ✅
  [ 384/1595] tener_en_un_patín... ✅
  [ 385/1595] tener_enjudia... ✅
  [ 386/1595] tener_espuelas... ✅
  [ 387/1595] tener_facilidad_de_boca... ✅
  [ 388/1595] tener_facultades... ✅
  [ 389/1595] tener_fuerza_de_cara... ✅
  [ 390/1595] tener_fuerza_en_la_bragueta... ✅
  [ 391/1595] tener_fundamento... ✅
  [ 392/1595] tener_gato_metido_dentro_de_un_saco... ✅
  [ 393/1595] tener_gatos_en_el_pecho... ✅
  [ 394/1595] tener_guille... ✅
  [ 395/1595] tener_guille_de_playboy... ✅
  [ 396/1595] tener_gusto_de_rico_y_bolsillo_de_pobre... ✅
  [ 397/1595] tener_harina... ✅
  [ 398/1595] tener_hernia... ✅
  [ 399/1595] tener_hipo... ✅
  [ 400/1595] tener_hormigas_en_el_culo... ✅
  [ 401/1595] tener_hormigas_en_el_fondillo... ✅
  [ 402/1595] tener_hormigas_en_el_fundillo... ✅
  [ 403/1595] tener_jacho_que_amolar... ✅
  [ 404/1595] tener_jiribilla... ✅
  [ 405/1595] tener_la_cabeza_llena_de_gandures_secos... ✅
  [ 406/1595] tener_la_cárcel_de_garage... ✅
  [ 407/1595] tener_la_cárcel_de_garaje... ✅
  [ 408/1595] tener_la_farmacia_abierta... ✅
  [ 409/1595] tener_la_hiel_reventada... ✅
  [ 410/1595] tener_la_lengua_montada_en_bolines... ✅
  [ 411/1595] tener_la_mancha_del_plátano... ✅
  [ 412/1595] tener_la_pata_alzada... ✅
  [ 413/1595] tener_la_piel_finita... ✅
  [ 414/1595] tener_la_regla... ✅
  [ 415/1595] tener_la_suerte_del_gato... ✅
  [ 416/1595] tener_las_espuelas_largas... ✅
  [ 417/1595] tener_las_orejas_paradas... ✅
  [ 418/1595] tener_leche... ✅
  [ 419/1595] tener_los_dos_iguales... ✅
  [ 420/1595] tener_los_hilos_cambiados... ✅
  [ 421/1595] tener_los_monchis... ✅
  [ 422/1595] tener_los_ojos_como_buruquena_de_mangle... ✅
  [ 423/1595] tener_los_ojos_como_caballito_de_machina... ✅
  [ 424/1595] tener_los_ojos_como_mosquito_que_chupa_fli... ✅
  [ 425/1595] tener_los_ojos_como_mosquito_que_chupa_flit... ✅
  [ 426/1595] tener_los_ojos_como_pescao_de_freezer... ✅
  [ 427/1595] tener_los_ojos_como_tecato_rompiendo_vicio... ✅
  [ 428/1595] tener_los_topos_cargados... ✅
  [ 429/1595] tener_mal_aliento... ✅
  [ 430/1595] tener_mala_barriga... ✅
  [ 431/1595] tener_mala_pata... ✅
  [ 432/1595] tener_malos_cascos... ✅
  [ 433/1595] tener_manos_de_gato... ✅
  [ 434/1595] tener_mejengue... ✅
  [ 435/1595] tener_menos_gusto_que_un_tayote... ✅
  [ 436/1595] tener_mil_puntos... ✅
  [ 437/1595] tener_molleja... ✅
  [ 438/1595] tener_muchas_horas_de_vuelo... ✅
  [ 439/1595] tener_mucho_queso... ✅
  [ 440/1595] tener_más_cara_que_peyo_díaz... ✅
  [ 441/1595] tener_más_curvas_que_la_carretera_del_parque... ✅
  [ 442/1595] tener_más_golpes_que_un_baile_de_bomba... ✅
  [ 443/1595] tener_más_huevos_que_una_fanduca... ✅
  [ 444/1595] tener_más_leche_que_un_caimito_morado... ✅
  [ 445/1595] tener_más_leche_que_un_palo_de_pana... ✅
  [ 446/1595] tener_más_leche_que_un_papayo_macho... ✅
  [ 447/1595] tener_más_paciencia_que_san_atanasio... ✅
  [ 448/1595] tener_más_pelo_que_un_empacho_de_coco... ✅
  [ 449/1595] tener_más_suerte_que_un_ahogado... ✅
  [ 450/1595] tener_ojos_de_buruquena... ✅
  [ 451/1595] tener_ojos_de_gato... ✅
  [ 452/1595] tener_ojos_de_gato_que_lambe_aceite... ✅
  [ 453/1595] tener_ojos_de_pato_macho... ✅
  [ 454/1595] tener_ojos_de_pescao_de_nevera... ✅
  [ 455/1595] tener_ojos_de_vaca_cagona... ✅
  [ 456/1595] tener_olor_a_gorra_de_policía... ✅
  [ 457/1595] tener_otro_por_dentro... ✅
  [ 458/1595] tener_pala... ✅
  [ 459/1595] tener_pantalones... ✅
  [ 460/1595] tener_parientes_en_la_costa... ✅
  [ 461/1595] tener_pecho_y_espalda... ✅
  [ 462/1595] tener_pegada_la_mancha_del_plátano... ✅
  [ 463/1595] tener_pies_de_ñame... ✅
  [ 464/1595] tener_pipa_de_mero... ✅
  [ 465/1595] tener_plumas... ✅
  [ 466/1595] tener_poco_pelo... ✅
  [ 467/1595] tener_por_pelo_un_colchón... ✅
  [ 468/1595] tener_puercas_a_medias... ✅
  [ 469/1595] tener_que_enganchar_los_guantes... ✅
  [ 470/1595] tener_rabia... ✅
  [ 471/1595] tener_raja_de_negro... ✅
  [ 472/1595] tener_rajita_de_negro... ✅
  [ 473/1595] tener_rasquiña_de_mono... ✅
  [ 474/1595] tener_recovecos_una_persona... ✅
  [ 475/1595] tener_sangre... ✅
  [ 476/1595] tener_sangre_azul... ✅
  [ 477/1595] tener_sangre_de_tayote... ✅
  [ 478/1595] tener_sangre_tipo_c... ✅
  [ 479/1595] tener_sentado_en_el_baúl... ✅
  [ 480/1595] tener_sentado_en_el_baúl_a_alguien... ✅
  [ 481/1595] tener_su_batatita... ✅
  [ 482/1595] tener_su_día_en_corte... ✅
  [ 483/1595] tener_su_espinita... ✅
  [ 484/1595] tener_su_tucutucu... ✅
  [ 485/1595] tener_talle... ✅
  [ 486/1595] tener_tela_marinera... ✅
  [ 487/1595] tener_timba... ✅
  [ 488/1595] tener_timbales... ✅
  [ 489/1595] tener_todavía_abierta_la_mollera... ✅
  [ 490/1595] tener_todos_los_hierros... ✅
  [ 491/1595] tener_todos_los_powers... ✅
  [ 492/1595] tener_tumbado... ✅
  [ 493/1595] tener_un_aquel... ✅
  [ 494/1595] tener_un_atracón... ✅
  [ 495/1595] tener_un_brete... ✅
  [ 496/1595] tener_un_cerebro_duro... ✅
  [ 497/1595] tener_un_cerebro_fuerte... ✅
  [ 498/1595] tener_un_coco_con_alguien... ✅
  [ 499/1595] tener_un_dedo_amarrado_con_uno... ✅
  [ 500/1595] tener_un_embuchamiento... ✅
  [ 501/1595] tener_un_embuche... ✅
  [ 502/1595] tener_un_guille_de_playboy... ✅
  [ 503/1595] tener_un_hacha_que_amolar... ✅
  [ 504/1595] tener_un_huevo_hinchado_y_el_otro_a_punto_de_lanceta... ✅
  [ 505/1595] tener_un_huevo_músico_y_el_otro_solfeando... ✅
  [ 506/1595] tener_un_kike_de_coca... ✅
  [ 507/1595] tener_un_kike_de_moña... ✅
  [ 508/1595] tener_un_lado_seco_a_alguien... ✅
  [ 509/1595] tener_un_mate... ✅
  [ 510/1595] tener_un_mono_en_la_espalda... ✅
  [ 511/1595] tener_un_mono_que_no_se_apea... ✅
  [ 512/1595] tener_un_mosquero... ✅
  [ 513/1595] tener_un_ojo_perdido_y_otro_buscándolo... ✅
  [ 514/1595] tener_un_pargo_buena_gente... ✅
  [ 515/1595] tener_un_pargo_de_mucho_merenguito... ✅
  [ 516/1595] tener_un_puerquito... ✅
  [ 517/1595] tener_un_queso... ✅
  [ 518/1595] tener_un_vellón_pegao... ✅
  [ 519/1595] tener_un_vicio_como_de_aquí_a_españa... ✅
  [ 520/1595] tener_un_vicio_como_de_aquí_a_europa... ✅
  [ 521/1595] tener_un_vicio_negro... ✅
  [ 522/1595] tener_un_ñame... ✅
  [ 523/1595] tener_una_agenda_escondida... ✅
  [ 524/1595] tener_una_al_rescoldo... ✅
  [ 525/1595] tener_una_izquierda... ✅
  [ 526/1595] tener_una_liga... ✅
  [ 527/1595] tener_una_mujer_pluma(s)... ✅
  [ 528/1595] tener_una_nota... ✅
  [ 529/1595] tener_una_nota_heavy... ✅
  [ 530/1595] tener_una_papa_caliente_en_las_manos... ✅
  [ 531/1595] tener_una_papa_en_la_boca... ✅
  [ 532/1595] tener_una_piojera... ✅
  [ 533/1595] tener_una_puerca_a_punto_de_parir... ✅
  [ 534/1595] tener_una_raja... ✅
  [ 535/1595] tener_una_rajita... ✅
  [ 536/1595] tener_una_vaquita_de_leche... ✅
  [ 537/1595] tener_viento_colao... ✅
  [ 538/1595] tener_visibilidad... ✅
  [ 539/1595] tener_vista_de_múcaro... ✅
  [ 540/1595] tener_vista_de_pato_macho... ✅
  [ 541/1595] tenerla_cogida... ✅
  [ 542/1595] tenerlo_como_palo_de_goleta... ✅
  [ 543/1595] tenerlo_duro... ✅
  [ 544/1595] tenerse_uno_por_bueno... ✅
  [ 545/1595] tengonear... ✅
  [ 546/1595] tengoso,_sa... ✅
  [ 547/1595] tengue... ✅
  [ 548/1595] teniente_a_guerra... ✅
  [ 549/1595] tenis... ✅
  [ 550/1595] tenista... ✅
  [ 551/1595] tensor... ✅
  [ 552/1595] tentagallina... ✅
  [ 553/1595] tepe_a_tepe... ✅
  [ 554/1595] tepetepe... ✅
  [ 555/1595] teque_que_teque... ✅
  [ 556/1595] tequemeneque... ✅
  [ 557/1595] tequeno... ✅
  [ 558/1595] tequina... ✅
  [ 559/1595] terapia_de_regresión... ✅
  [ 560/1595] terapia_física... ✅
  [ 561/1595] terapia_intensiva... ✅
  [ 562/1595] terapia_ocupacional... ✅
  [ 563/1595] terapista... ✅
  [ 564/1595] terapista_ocupacional... ✅
  [ 565/1595] tercerón,_na... ✅
  [ 566/1595] tercia... ✅
  [ 567/1595] terciador... ✅
  [ 568/1595] tercio... ✅
  [ 569/1595] tercio_limpio... ✅
  [ 570/1595] terciopelo... ✅
  [ 571/1595] terecina... ✅
  [ 572/1595] tereco... ✅
  [ 573/1595] tereque... ✅
  [ 574/1595] teresina... ✅
  [ 575/1595] term_paper... ✅
  [ 576/1595] termpike... ✅
  [ 577/1595] terno... ✅
  [ 578/1595] terral... ✅
  [ 579/1595] terraza... ✅
  [ 580/1595] terrazo... ✅
  [ 581/1595] terreno_baldío... ✅
  [ 582/1595] terreno_bueno... ✅
  [ 583/1595] terreno_malo... ✅
  [ 584/1595] terreno_seco... ✅
  [ 585/1595] terrero,_ra... ✅
  [ 586/1595] terrero... ✅
  [ 587/1595] terronera... ✅
  [ 588/1595] terrífico,_ca... ✅
  [ 589/1595] tertuliar... ✅
  [ 590/1595] terzón... ✅
  [ 591/1595] tesar... ✅
  [ 592/1595] test... ✅
  [ 593/1595] test_tube... ✅
  [ 594/1595] testaferro... ✅
  [ 595/1595] testear... ✅
  [ 596/1595] testudo,_da... ✅
  [ 597/1595] teta... ✅
  [ 598/1595] teta_de_burra... ✅
  [ 599/1595] tetaje... ✅
  [ 600/1595] tetas... ✅
  [ 601/1595] tetequi... ✅
  [ 602/1595] tetera... ✅
  [ 603/1595] teto... ✅
  [ 604/1595] tetónica... ✅
  [ 605/1595] tevé... ✅
  [ 606/1595] texitura... ✅
  [ 607/1595] textear... ✅
  [ 608/1595] texteo... ✅
  [ 609/1595] teílla... ✅
  [ 610/1595] teñido,_da... ✅
  [ 611/1595] thinner... ✅
  [ 612/1595] thong... ✅
  [ 613/1595] thriller... ✅
  [ 614/1595] thrush... ✅
  [ 615/1595] ti... ✅
  [ 616/1595] tiao... ✅
  [ 617/1595] tiba... ✅
  [ 618/1595] tibe... ✅
  [ 619/1595] tibey... ✅
  [ 620/1595] tibey_amarillo... ✅
  [ 621/1595] tibey_blanco... ✅
  [ 622/1595] tibey_de_cresta... ✅
  [ 623/1595] tibey_escobillón... ✅
  [ 624/1595] tibey_parásito... ✅
  [ 625/1595] tibey_trepador... ✅
  [ 626/1595] tibey_tupa... ✅
  [ 627/1595] tiburón... ✅
  [ 628/1595] tiburón_azul... ✅
  [ 629/1595] tiburón_ballena... ✅
  [ 630/1595] tiburón_blanco... ✅
  [ 631/1595] tiburón_carite... ✅
  [ 632/1595] tibí... ✅
  [ 633/1595] tic... ✅
  [ 634/1595] ticear... ✅
  [ 635/1595] ticeo... ✅
  [ 636/1595] ticket... ✅
  [ 637/1595] tico-tico... ✅
  [ 638/1595] tie... ✅
  [ 639/1595] tie_dye... ✅
  [ 640/1595] tiempo_calmado... ✅
  [ 641/1595] tiempo_caluroso... ✅
  [ 642/1595] tiempo_compartido... ✅
  [ 643/1595] tiempo_completo... ✅
  [ 644/1595] tiempo_de_agua... ✅
  [ 645/1595] tiempo_muerto... ✅
  [ 646/1595] tiempo_parcial... ✅
  [ 647/1595] tienda... ✅
  [ 648/1595] tienda_por_departamentos... ✅
  [ 649/1595] tierra... ✅
  [ 650/1595] tierra_fresca... ✅
  [ 651/1595] tierrero... ✅
  [ 652/1595] tifitifi... ✅
  [ 653/1595] tifoidea... ✅
  [ 654/1595] tigo... ✅
  [ 655/1595] tigre... ✅
  [ 656/1595] tigre_labengala... ✅
  [ 657/1595] tigua... ✅
  [ 658/1595] tigüera... ✅
  [ 659/1595] tigüerillo... ✅
  [ 660/1595] tigüero... ✅
  [ 661/1595] tihui... ✅
  [ 662/1595] tijera... ✅
  [ 663/1595] tijereta... ✅
  [ 664/1595] tijeretear... ✅
  [ 665/1595] tijerilla... ✅
  [ 666/1595] tijerilla_cucubano... ✅
  [ 667/1595] tijerillas... ✅
  [ 668/1595] tilapia... ✅
  [ 669/1595] tilapia_azul... ✅
  [ 670/1595] tilapia_de_mozambique... ✅
  [ 671/1595] tilapia_zánzibar... ✅
  [ 672/1595] tildeo... ✅
  [ 673/1595] tililí... ✅
  [ 674/1595] tilteado,_da... ✅
  [ 675/1595] tim... ✅
  [ 676/1595] timba... ✅
  [ 677/1595] timbal... ✅
  [ 678/1595] timbeque... ✅
  [ 679/1595] timberiche... ✅
  [ 680/1595] timbiriche... ✅
  [ 681/1595] timbrazo... ✅
  [ 682/1595] timbre... ✅
  [ 683/1595] time-share... ✅
  [ 684/1595] time_keeper... ✅
  [ 685/1595] time_out... ✅
  [ 686/1595] time_share... ✅
  [ 687/1595] time_sharing... ✅
  [ 688/1595] timeout... ✅
  [ 689/1595] timer... ✅
  [ 690/1595] timeshare... ✅
  [ 691/1595] timing... ✅
  [ 692/1595] timochino... ✅
  [ 693/1595] timonero... ✅
  [ 694/1595] timonero_de_arado... ✅
  [ 695/1595] timócrata... ✅
  [ 696/1595] timón... ✅
  [ 697/1595] tin... ✅
  [ 698/1595] tinacio... ✅
  [ 699/1595] tinaja... ✅
  [ 700/1595] tinaja_del_agua... ✅
  [ 701/1595] tinajero... ✅
  [ 702/1595] tinglado... ✅
  [ 703/1595] tinglar... ✅
  [ 704/1595] tinocio... ✅
  [ 705/1595] tinta... ✅
  [ 706/1595] tintillo... ✅
  [ 707/1595] tintingó... ✅
  [ 708/1595] tintorera... ✅
  [ 709/1595] tinéyer... ✅
  [ 710/1595] tip... ✅
  [ 711/1595] tiple... ✅
  [ 712/1595] tiplito... ✅
  [ 713/1595] tipo... ✅
  [ 714/1595] tipo_chick... ✅
  [ 715/1595] tipo_coferable... ✅
  [ 716/1595] tipo_fly... ✅
  [ 717/1595] tipo_fresa... ✅
  [ 718/1595] tipo_oso... ✅
  [ 719/1595] tipo_panty... ✅
  [ 720/1595] tipo_patuquillo... ✅
  [ 721/1595] tipo_punto... ✅
  [ 722/1595] tipo_tierra... ✅
  [ 723/1595] tipo_yerbero... ✅
  [ 724/1595] tips... ✅
  [ 725/1595] tique... ✅
  [ 726/1595] tiquetear... ✅
  [ 727/1595] tiqui... ✅
  [ 728/1595] tiquismiquis... ✅
  [ 729/1595] tira_y_tápate... ✅
  [ 730/1595] tirabuzón... ✅
  [ 731/1595] tirada... ✅
  [ 732/1595] tiradera... ✅
  [ 733/1595] tirado,_da... ✅
  [ 734/1595] tirador... ✅
  [ 735/1595] tiraijala... ✅
  [ 736/1595] tiraje... ✅
  [ 737/1595] tiramiento... ✅
  [ 738/1595] tirante... ✅
  [ 739/1595] tirantes... ✅
  [ 740/1595] tirapiedras... ✅
  [ 741/1595] tirar... ✅
  [ 742/1595] tirar_a_uno_a_la_lona... ✅
  [ 743/1595] tirar_a_uno_como_bolsa_(de…)... ✅
  [ 744/1595] tirar_al_bulú... ✅
  [ 745/1595] tirar_al_güipipío... ✅
  [ 746/1595] tirar_al_medio... ✅
  [ 747/1595] tirar_alto... ✅
  [ 748/1595] tirar_bolas_cuadradas... ✅
  [ 749/1595] tirar_bomba... ✅
  [ 750/1595] tirar_bomba_de_humo... ✅
  [ 751/1595] tirar_bombitas... ✅
  [ 752/1595] tirar_cañona... ✅
  [ 753/1595] tirar_chinitas_a_alguien... ✅
  [ 754/1595] tirar_con_algo... ✅
  [ 755/1595] tirar_con_la_honda... ✅
  [ 756/1595] tirar_de_la_chaqueta... ✅
  [ 757/1595] tirar_de_la_chaqueta_a_alguien... ✅
  [ 758/1595] tirar_de_la_cuerda... ✅
  [ 759/1595] tirar_de_la_lengua... ✅
  [ 760/1595] tirar_el_ancla... ✅
  [ 761/1595] tirar_el_gancho... ✅
  [ 762/1595] tirar_el_gui... ✅
  [ 763/1595] tirar_el_ojo_a_alguien... ✅
  [ 764/1595] tirar_el_sacho... ✅
  [ 765/1595] tirar_fuerte... ✅
  [ 766/1595] tirar_la_puerta_por_la_ventana... ✅
  [ 767/1595] tirar_la_tela... ✅
  [ 768/1595] tirar_la_toalla... ✅
  [ 769/1595] tirar_los_caracoles... ✅
  [ 770/1595] tirar_los_guantes... ✅
  [ 771/1595] tirar_los_topos... ✅
  [ 772/1595] tirar_más_de_un_pelo_de_crica... ✅
  [ 773/1595] tirar_más_que_un_pelo_de_crica... ✅
  [ 774/1595] tirar_para_arriba... ✅
  [ 775/1595] tirar_para_el_monte... ✅
  [ 776/1595] tirar_para_lo_hondo... ✅
  [ 777/1595] tirarla_fría... ✅
  [ 778/1595] tirarse... ✅
  [ 779/1595] tirarse_a_alguien... ✅
  [ 780/1595] tirarse_al_cuerpo... ✅
  [ 781/1595] tirarse_al_desgüello... ✅
  [ 782/1595] tirarse_al_desgüeyo... ✅
  [ 783/1595] tirarse_al_desperdicio... ✅
  [ 784/1595] tirarse_con_todo_y_tenis... ✅
  [ 785/1595] tirarse_de_pecho... ✅
  [ 786/1595] tirarse_del_gancho... ✅
  [ 787/1595] tirarse_la_percha... ✅
  [ 788/1595] tirarse_la_tela... ✅
  [ 789/1595] tirarse_los_platos... ✅
  [ 790/1595] tirarse_para_algún_lugar... ✅
  [ 791/1595] tirarse_para_atrás... ✅
  [ 792/1595] tirarse_un_macho... ✅
  [ 793/1595] tirarse_un_peo_más_arriba_del_culo... ✅
  [ 794/1595] tirarse_una_chica... ✅
  [ 795/1595] tirarse_una_hembra... ✅
  [ 796/1595] tirigüibe... ✅
  [ 797/1595] tirigüibi... ✅
  [ 798/1595] tirigüibo... ✅
  [ 799/1595] tirihala... ✅
  [ 800/1595] tirijala... ✅
  [ 801/1595] tirironte... ✅
  [ 802/1595] tiritápate... ✅
  [ 803/1595] tiro... ✅
  [ 804/1595] tiro_de_agalla... ✅
  [ 805/1595] tiro_de_agallón... ✅
  [ 806/1595] tiro_de_buche... ✅
  [ 807/1595] tiro_de_casco... ✅
  [ 808/1595] tiro_de_cuerda... ✅
  [ 809/1595] tiro_de_hoya... ✅
  [ 810/1595] tiro_de_madera... ✅
  [ 811/1595] tiro_de_pase... ✅
  [ 812/1595] tiro_de_vena... ✅
  [ 813/1595] tiro_volado... ✅
  [ 814/1595] tisana... ✅
  [ 815/1595] tisin... ✅
  [ 816/1595] tisis... ✅
  [ 817/1595] tissue_(culture)... ✅
  [ 818/1595] tissue_paper... ✅
  [ 819/1595] titerear... ✅
  [ 820/1595] titerería... ✅
  [ 821/1595] titerón,_na... ✅
  [ 822/1595] titi... ✅
  [ 823/1595] titi_prin... ✅
  [ 824/1595] titingó... ✅
  [ 825/1595] titirimundi... ✅
  [ 826/1595] titiringó... ✅
  [ 827/1595] titiritar... ✅
  [ 828/1595] titán,_na... ✅
  [ 829/1595] tití... ✅
  [ 830/1595] tití_prin... ✅
  [ 831/1595] tividinner... ✅
  [ 832/1595] tiví... ✅
  [ 833/1595] tiyer... ✅
  [ 834/1595] tiza... ✅
  [ 835/1595] tizar... ✅
  [ 836/1595] tiznador,_ra... ✅
  [ 837/1595] tizne... ✅
  [ 838/1595] tiznero,_ra... ✅
  [ 839/1595] tizón... ✅
  [ 840/1595] tiña... ✅
  [ 841/1595] to... ✅
  [ 842/1595] toa... ✅
  [ 843/1595] toaba... ✅
  [ 844/1595] toabajeño,_ña... ✅
  [ 845/1595] toali... ✅
  [ 846/1595] toalla... ✅
  [ 847/1595] toalla_sanitaria... ✅
  [ 848/1595] toallazo... ✅
  [ 849/1595] toalteño,_ña... ✅
  [ 850/1595] toast... ✅
  [ 851/1595] toatí... ✅
  [ 852/1595] toba... ✅
  [ 853/1595] tobillo... ✅
  [ 854/1595] toboso,_sa... ✅
  [ 855/1595] tocadito,_ta... ✅
  [ 856/1595] tocado,_da... ✅
  [ 857/1595] tocado_de_la_azotea... ✅
  [ 858/1595] tocado_de_la_cabeza... ✅
  [ 859/1595] tocador... ✅
  [ 860/1595] tocar... ✅
  [ 861/1595] tocar_base... ✅
  [ 862/1595] tocar_de_oído... ✅
  [ 863/1595] tocar_el_mono... ✅
  [ 864/1595] tocar_el_palo... ✅
  [ 865/1595] tocar_el_piano_al_revés... ✅
  [ 866/1595] tocar_el_violín... ✅
  [ 867/1595] tocar_en_la_puerta... ✅
  [ 868/1595] tocar_la_cara_a_alguien... ✅
  [ 869/1595] tocar_los_timbales... ✅
  [ 870/1595] tocar_madera... ✅
  [ 871/1595] tocarle_a_uno_amarrar_el_bote... ✅
  [ 872/1595] tocarle_a_uno_el_mono_de_alguien... ✅
  [ 873/1595] tocarle_a_uno_los_timbales... ✅
  [ 874/1595] tocarle_la_cara... ✅
  [ 875/1595] tocarle_una_papeleta_a_alguien... ✅
  [ 876/1595] tocarse_un_poco... ✅
  [ 877/1595] tocata... ✅
  [ 878/1595] tocateo... ✅
  [ 879/1595] tocatina... ✅
  [ 880/1595] tocaíto,_ta... ✅
  [ 881/1595] tochetá... ✅
  [ 882/1595] tocinero,_ra... ✅
  [ 883/1595] tocineta... ✅
  [ 884/1595] tocino... ✅
  [ 885/1595] toco_palo... ✅
  [ 886/1595] tocón,_na... ✅
  [ 887/1595] tocón... ✅
  [ 888/1595] todo_estrella... ✅
  [ 889/1595] todo_palo_no_sirve_para_trompo... ✅
  [ 890/1595] todo_pipe... ✅
  [ 891/1595] todo_pájaro... ✅
  [ 892/1595] todos_los_santos... ✅
  [ 893/1595] tofe... ✅
  [ 894/1595] tofete... ✅
  [ 895/1595] toffee... ✅
  [ 896/1595] toilet... ✅
  [ 897/1595] tojosa... ✅
  [ 898/1595] tokenism... ✅
  [ 899/1595] tola... ✅
  [ 900/1595] tolda... ✅
  [ 901/1595] toldero... ✅
  [ 902/1595] toldo... ✅
  [ 903/1595] tolerancia... ✅
  [ 904/1595] toleta... ✅
  [ 905/1595] toletazo... ✅
  [ 906/1595] tolete... ✅
  [ 907/1595] toletear... ✅
  [ 908/1595] toletera... ✅
  [ 909/1595] toletero,_ra... ✅
  [ 910/1595] toll... ✅
  [ 911/1595] tom_y_jerry... ✅
  [ 912/1595] toma... ✅
  [ 913/1595] tomacorriente... ✅
  [ 914/1595] tomado,_da... ✅
  [ 915/1595] tomar... ✅
  [ 916/1595] tomar_acción... ✅
  [ 917/1595] tomar_algo_por_lo_prendido... ✅
  [ 918/1595] tomar_caldo_de_pollo... ✅
  [ 919/1595] tomar_calle... ✅
  [ 920/1595] tomar_de_chata... ✅
  [ 921/1595] tomar_el_mundo_por_la_vaina... ✅
  [ 922/1595] tomar_fiado... ✅
  [ 923/1595] tomar_jabón_para_que_te_laves... ✅
  [ 924/1595] tomar_jarabe_de_aguantatúa... ✅
  [ 925/1595] tomar_lugar... ✅
  [ 926/1595] tomar_lágrimas_de_mangle... ✅
  [ 927/1595] tomarse_la_jodeína... ✅
  [ 928/1595] tomate... ✅
  [ 929/1595] tomate_de_palo... ✅
  [ 930/1595] tomate_de_árbol... ✅
  [ 931/1595] tomatera... ✅
  [ 932/1595] tomboy... ✅
  [ 933/1595] tomeca... ✅
  [ 934/1595] tomeguín... ✅
  [ 935/1595] tona... ✅
  [ 936/1595] toner... ✅
  [ 937/1595] tongolele... ✅
  [ 938/1595] tongonear... ✅
  [ 939/1595] tongoneo... ✅
  [ 940/1595] tonino,_na... ✅
  [ 941/1595] tonsilitis... ✅
  [ 942/1595] tontado,_da... ✅
  [ 943/1595] tontito,_ta... ✅
  [ 944/1595] tonto... ✅
  [ 945/1595] too_much... ✅
  [ 946/1595] tool_room... ✅
  [ 947/1595] top... ✅
  [ 948/1595] top_model... ✅
  [ 949/1595] top_quality... ✅
  [ 950/1595] top_secret... ✅
  [ 951/1595] top_soil... ✅
  [ 952/1595] top_ten... ✅
  [ 953/1595] topar... ✅
  [ 954/1595] tope... ✅
  [ 955/1595] topear... ✅
  [ 956/1595] topetón... ✅
  [ 957/1595] topitopi... ✅
  [ 958/1595] topless... ✅
  [ 959/1595] topo... ✅
  [ 960/1595] topping... ✅
  [ 961/1595] topé... ✅
  [ 962/1595] topí... ✅
  [ 963/1595] toque... ✅
  [ 964/1595] toqueteo... ✅
  [ 965/1595] toquitoqui... ✅
  [ 966/1595] tora... ✅
  [ 967/1595] toraco,_ca... ✅
  [ 968/1595] torcedura... ✅
  [ 969/1595] torcer_el_brazo_a_alguien... ✅
  [ 970/1595] torcer_el_pescuezo_a_alguien... ✅
  [ 971/1595] torcer_la_cara... ✅
  [ 972/1595] torcerse... ✅
  [ 973/1595] torcho,_cha... ✅
  [ 974/1595] torcido,_da... ✅
  [ 975/1595] torero,_ra... ✅
  [ 976/1595] toribio,_bia... ✅
  [ 977/1595] torito... ✅
  [ 978/1595] tormenta... ✅
  [ 979/1595] tormenta_platanera... ✅
  [ 980/1595] tormentera... ✅
  [ 981/1595] torneo... ✅
  [ 982/1595] torneo_de_gallos... ✅
  [ 983/1595] torneo_estatal... ✅
  [ 984/1595] torneo_libre... ✅
  [ 985/1595] torniquete... ✅
  [ 986/1595] toro... ✅
  [ 987/1595] torompín... ✅
  [ 988/1595] toronja... ✅
  [ 989/1595] toronjil... ✅
  [ 990/1595] torre... ✅
  [ 991/1595] torreja... ✅
  [ 992/1595] torrentoso,_sa... ✅
  [ 993/1595] torta... ✅
  [ 994/1595] torta_de_bacalao... ✅
  [ 995/1595] tortazo... ✅
  [ 996/1595] tortera... ✅
  [ 997/1595] tortilla... ✅
  [ 998/1595] tortilla_de_naiboa... ✅
  [ 999/1595] tortillera... ✅
  [1000/1595] tortita_de_calabaza... ✅
  [1001/1595] tortita_de_calabazas... ✅
  [1002/1595] tortita_de_maíz... ✅
  [1003/1595] tortita_de_yuca... ✅
  [1004/1595] tortolita... ✅
  [1005/1595] tortolitos... ✅
  [1006/1595] tortolo... ✅
  [1007/1595] tortor... ✅
  [1008/1595] tortuga... ✅
  [1009/1595] tortuga_verde... ✅
  [1010/1595] tortugo... ✅
  [1011/1595] tortugo_amarillo... ✅
  [1012/1595] tortugo_colorado... ✅
  [1013/1595] tortugo_prieto... ✅
  [1014/1595] tortuguero... ✅
  [1015/1595] tortuguillo... ✅
  [1016/1595] toruno... ✅
  [1017/1595] torzal... ✅
  [1018/1595] torzón... ✅
  [1019/1595] tos_brava... ✅
  [1020/1595] tos_de_perro... ✅
  [1021/1595] tos_de_vejiga... ✅
  [1022/1595] tosca... ✅
  [1023/1595] tosco,_ca... ✅
  [1024/1595] tostadera... ✅
  [1025/1595] tostado,_da... ✅
  [1026/1595] tostado... ✅
  [1027/1595] tostar... ✅
  [1028/1595] tostarse... ✅
  [1029/1595] tostera... ✅
  [1030/1595] tostonada... ✅
  [1031/1595] tostonear... ✅
  [1032/1595] tostonearse... ✅
  [1033/1595] tostonera... ✅
  [1034/1595] tostonero,_ra... ✅
  [1035/1595] tostón... ✅
  [1036/1595] tota... ✅
  [1037/1595] totilimundi... ✅
  [1038/1595] totilonga... ✅
  [1039/1595] totita... ✅
  [1040/1595] toto... ✅
  [1041/1595] totuma... ✅
  [1042/1595] totumo... ✅
  [1043/1595] totón,_na... ✅
  [1044/1595] totón... ✅
  [1045/1595] touch_pad... ✅
  [1046/1595] touchdown... ✅
  [1047/1595] touchpad... ✅
  [1048/1595] touchy... ✅
  [1049/1595] tour-operator... ✅
  [1050/1595] tour... ✅
  [1051/1595] tour_operator... ✅
  [1052/1595] townhouse... ✅
  [1053/1595] toy... ✅
  [1054/1595] traba... ✅
  [1055/1595] traba_de_gallos... ✅
  [1056/1595] trabajador_de_la_caña... ✅
  [1057/1595] trabajar... ✅
  [1058/1595] trabajar_a_los_gallos... ✅
  [1059/1595] trabajar_a_medias... ✅
  [1060/1595] trabajar_al_tercio... ✅
  [1061/1595] trabajar_como_un_animal... ✅
  [1062/1595] trabajar_como_un_negro... ✅
  [1063/1595] trabajar_duro... ✅
  [1064/1595] trabajar_el_tiro... ✅
  [1065/1595] trabajar_en_la_vaguin_company... ✅
  [1066/1595] trabajar_en_los_muelles... ✅
  [1067/1595] trabajar_los_gallos... ✅
  [1068/1595] trabajar_para_el_inglés... ✅
  [1069/1595] trabajito... ✅
  [1070/1595] trabajo... ✅
  [1071/1595] trabajo_clerical... ✅
  [1072/1595] trabajo_de_medio_tiempo... ✅
  [1073/1595] trabajo_temporero... ✅
  [1074/1595] trabar... ✅
  [1075/1595] trabarse_el_vestido_a_una_mujer... ✅
  [1076/1595] trabarse_la_lengua_a_uno... ✅
  [1077/1595] trabarse_los_pies_a_uno... ✅
  [1078/1595] trabero... ✅
  [1079/1595] trabucarse... ✅
  [1080/1595] trabuco... ✅
  [1081/1595] tracalero,_ra... ✅
  [1082/1595] tracamandraca... ✅
  [1083/1595] trache... ✅
  [1084/1595] track... ✅
  [1085/1595] track_loader... ✅
  [1086/1595] tractor... ✅
  [1087/1595] tractorista... ✅
  [1088/1595] trade-in... ✅
  [1089/1595] trade_in... ✅
  [1090/1595] trademark... ✅
  [1091/1595] trading_floor... ✅
  [1092/1595] traficante... ✅
  [1093/1595] traficar... ✅
  [1094/1595] tragamonedas... ✅
  [1095/1595] traganíquel... ✅
  [1096/1595] traganíqueles... ✅
  [1097/1595] tragaperras... ✅
  [1098/1595] tragar_en_seco... ✅
  [1099/1595] tragar_gordo... ✅
  [1100/1595] tragar_miel_de_purga... ✅
  [1101/1595] tragar_mierda... ✅
  [1102/1595] tragar_un_pelo_de_frisa... ✅
  [1103/1595] tragarse_a_uno... ✅
  [1104/1595] tragarse_la_lengua... ✅
  [1105/1595] tragarse_un_caballo... ✅
  [1106/1595] tragarse_un_cable... ✅
  [1107/1595] trago... ✅
  [1108/1595] trago_largo... ✅
  [1109/1595] trago_puya... ✅
  [1110/1595] traguito_de_café... ✅
  [1111/1595] traidor... ✅
  [1112/1595] trailer... ✅
  [1113/1595] trailista... ✅
  [1114/1595] trainear... ✅
  [1115/1595] trainer... ✅
  [1116/1595] training... ✅
  [1117/1595] traje... ✅
  [1118/1595] traje_de_baño... ✅
  [1119/1595] trajinista... ✅
  [1120/1595] trajín... ✅
  [1121/1595] trallazo... ✅
  [1122/1595] trambo... ✅
  [1123/1595] trambollín... ✅
  [1124/1595] trambuluquearse... ✅
  [1125/1595] tramiada... ✅
  [1126/1595] tramojo... ✅
  [1127/1595] tramoya... ✅
  [1128/1595] tramoyar... ✅
  [1129/1595] tramoyero,_ra... ✅
  [1130/1595] trampa... ✅
  [1131/1595] trampeado,_da... ✅
  [1132/1595] trampolín... ✅
  [1133/1595] tramposería... ✅
  [1134/1595] tranca... ✅
  [1135/1595] trancado,_da... ✅
  [1136/1595] trancar... ✅
  [1137/1595] trancarse... ✅
  [1138/1595] trancarse_a_la_banda... ✅
  [1139/1595] trancarse_el_bolo... ✅
  [1140/1595] trancarse_el_culo... ✅
  [1141/1595] trancarse_el_dominó... ✅
  [1142/1595] trancazo... ✅
  [1143/1595] trangulear... ✅
  [1144/1595] tranque... ✅
  [1145/1595] tranquear... ✅
  [1146/1595] tranquilidad... ✅
  [1147/1595] tranquilla... ✅
  [1148/1595] tranquiléin... ✅
  [1149/1595] trans_fat... ✅
  [1150/1595] transable... ✅
  [1151/1595] transar... ✅
  [1152/1595] transbordador_(espacial)... ✅
  [1153/1595] transcripción_(de_créditos)... ✅
  [1154/1595] transcript_(de_créditos)... ✅
  [1155/1595] transfer... ✅
  [1156/1595] transido,_da... ✅
  [1157/1595] transistor... ✅
  [1158/1595] transmonte... ✅
  [1159/1595] transo... ✅
  [1160/1595] transom... ✅
  [1161/1595] transparencia... ✅
  [1162/1595] transparentar... ✅
  [1163/1595] transparente... ✅
  [1164/1595] tranvía... ✅
  [1165/1595] trapalero,_ra... ✅
  [1166/1595] trapera... ✅
  [1167/1595] trapero... ✅
  [1168/1595] trapería... ✅
  [1169/1595] traperío... ✅
  [1170/1595] trapichante... ✅
  [1171/1595] trapichar... ✅
  [1172/1595] trapiche... ✅
  [1173/1595] trapichero,_ra... ✅
  [1174/1595] trapo... ✅
  [1175/1595] trapo_de_cristianar... ✅
  [1176/1595] traposo,_sa... ✅
  [1177/1595] traqueadero... ✅
  [1178/1595] traqueador... ✅
  [1179/1595] traquear... ✅
  [1180/1595] traqueo... ✅
  [1181/1595] traquetear... ✅
  [1182/1595] traqueteo... ✅
  [1183/1595] traquetero,_ra... ✅
  [1184/1595] traquetraque... ✅
  [1185/1595] traquinar... ✅
  [1186/1595] traquitraque... ✅
  [1187/1595] trasbucar... ✅
  [1188/1595] trasluz... ✅
  [1189/1595] trasmallo... ✅
  [1190/1595] trasmochar... ✅
  [1191/1595] trasmojo... ✅
  [1192/1595] trasnochador,_ra... ✅
  [1193/1595] trasnocharse... ✅
  [1194/1595] trasnocheo... ✅
  [1195/1595] traspasado,_da... ✅
  [1196/1595] trasporte... ✅
  [1197/1595] traspunte... ✅
  [1198/1595] traspuntear... ✅
  [1199/1595] traspunteo... ✅
  [1200/1595] trasquilado,_da... ✅
  [1201/1595] trastear... ✅
  [1202/1595] trasteo... ✅
  [1203/1595] trastera... ✅
  [1204/1595] trastes... ✅
  [1205/1595] trastienda... ✅
  [1206/1595] trastornante... ✅
  [1207/1595] trastornarse... ✅
  [1208/1595] trastorno... ✅
  [1209/1595] trasuntarse... ✅
  [1210/1595] trasunto... ✅
  [1211/1595] trasvesti... ✅
  [1212/1595] trasvirado,_da... ✅
  [1213/1595] tratar... ✅
  [1214/1595] tratar_a_uno_a_la_baqueta... ✅
  [1215/1595] tratar_de_lejitos... ✅
  [1216/1595] tratar_de_orillita... ✅
  [1217/1595] tratar_de_usted_y_tenga... ✅
  [1218/1595] traumatizado,_da... ✅
  [1219/1595] travel_drive... ✅
  [1220/1595] traveler’s_check... ✅
  [1221/1595] traveller's_check... ✅
  [1222/1595] travesti... ✅
  [1223/1595] travolta... ✅
  [1224/1595] travoltado,_da... ✅
  [1225/1595] travoltín,_na... ✅
  [1226/1595] traza... ✅
  [1227/1595] trebollín... ✅
  [1228/1595] treiniar... ✅
  [1229/1595] tremebundo,_da... ✅
  [1230/1595] tremen... ✅
  [1231/1595] tremendo_casco... ✅
  [1232/1595] tremotetes... ✅
  [1233/1595] tremotiles... ✅
  [1234/1595] tren... ✅
  [1235/1595] tren_de_centrífugas... ✅
  [1236/1595] tren_de_cristalizadoras... ✅
  [1237/1595] tren_de_mulas... ✅
  [1238/1595] tren_de_pelea... ✅
  [1239/1595] tren_de_reverbero... ✅
  [1240/1595] tren_delantero... ✅
  [1241/1595] tren_jamaicano... ✅
  [1242/1595] tren_jamaiquino... ✅
  [1243/1595] trendy... ✅
  [1244/1595] treniar... ✅
  [1245/1595] trepado,_da... ✅
  [1246/1595] trepador,_ra... ✅
  [1247/1595] trepar... ✅
  [1248/1595] treparse... ✅
  [1249/1595] treparse_un_mono... ✅
  [1250/1595] trepasetos... ✅
  [1251/1595] trepidar... ✅
  [1252/1595] tres... ✅
  [1253/1595] treschavos... ✅
  [1254/1595] trescientos... ✅
  [1255/1595] tresfilos... ✅
  [1256/1595] tresita... ✅
  [1257/1595] triache... ✅
  [1258/1595] trial... ✅
  [1259/1595] tribulanza... ✅
  [1260/1595] tribuliado,_da... ✅
  [1261/1595] tribunada... ✅
  [1262/1595] tribunada_de_viento... ✅
  [1263/1595] tribunal_de_honor... ✅
  [1264/1595] tribuno... ✅
  [1265/1595] trick... ✅
  [1266/1595] tricky... ✅
  [1267/1595] tricortear... ✅
  [1268/1595] tricortiar... ✅
  [1269/1595] tridente... ✅
  [1270/1595] trifecta... ✅
  [1271/1595] trigonolito... ✅
  [1272/1595] trigueño,_ña... ✅
  [1273/1595] trigüibi... ✅
  [1274/1595] triki... ✅
  [1275/1595] trililí... ✅
  [1276/1595] trilla... ✅
  [1277/1595] trillada... ✅
  [1278/1595] trillado... ✅
  [1279/1595] trillar... ✅
  [1280/1595] trillita... ✅
  [1281/1595] trillo... ✅
  [1282/1595] trimmer... ✅
  [1283/1595] trimming... ✅
  [1284/1595] trimotiles... ✅
  [1285/1595] trinca... ✅
  [1286/1595] trincado,_da... ✅
  [1287/1595] trincar... ✅
  [1288/1595] trincarse... ✅
  [1289/1595] trincayo... ✅
  [1290/1595] trinchador... ✅
  [1291/1595] trinchera... ✅
  [1292/1595] trinchete... ✅
  [1293/1595] trinco,_ca... ✅
  [1294/1595] trinitaria... ✅
  [1295/1595] trinitarios... ✅
  [1296/1595] trinque... ✅
  [1297/1595] trinquete... ✅
  [1298/1595] trinquetearse... ✅
  [1299/1595] trip... ✅
  [1300/1595] tripa... ✅
  [1301/1595] tripeado,_da... ✅
  [1302/1595] tripeado... ✅
  [1303/1595] tripear... ✅
  [1304/1595] tripearse... ✅
  [1305/1595] tripeo... ✅
  [1306/1595] tripi... ✅
  [1307/1595] tripioso,_sa... ✅
  [1308/1595] tripita... ✅
  [1309/1595] tripitas... ✅
  [1310/1595] triple... ✅
  [1311/1595] triple_play... ✅
  [1312/1595] triplero... ✅
  [1313/1595] tripleta... ✅
  [1314/1595] triplicado... ✅
  [1315/1595] trique... ✅
  [1316/1595] triqui... ✅
  [1317/1595] triquinosis... ✅
  [1318/1595] trisito... ✅
  [1319/1595] tristeza... ✅
  [1320/1595] triturador... ✅
  [1321/1595] trivet... ✅
  [1322/1595] triángulo... ✅
  [1323/1595] troc... ✅
  [1324/1595] trocha... ✅
  [1325/1595] trochar... ✅
  [1326/1595] trock... ✅
  [1327/1595] troki... ✅
  [1328/1595] troki_moki... ✅
  [1329/1595] trole... ✅
  [1330/1595] trolebús... ✅
  [1331/1595] troli... ✅
  [1332/1595] trolley... ✅
  [1333/1595] trolli... ✅
  [1334/1595] trolling... ✅
  [1335/1595] trololó... ✅
  [1336/1595] tromba... ✅
  [1337/1595] tromba_marina... ✅
  [1338/1595] trombocio,_cia... ✅
  [1339/1595] trompa... ✅
  [1340/1595] trompada... ✅
  [1341/1595] trompazo... ✅
  [1342/1595] trompear... ✅
  [1343/1595] trompeo... ✅
  [1344/1595] trompeta... ✅
  [1345/1595] trompetero... ✅
  [1346/1595] trompetilla... ✅
  [1347/1595] trompezar... ✅
  [1348/1595] trompezón... ✅
  [1349/1595] trompi... ✅
  [1350/1595] trompi_compi... ✅
  [1351/1595] trompi_trompi... ✅
  [1352/1595] trompicón... ✅
  [1353/1595] trompo... ✅
  [1354/1595] trompo_de_tarabilla... ✅
  [1355/1595] trompá... ✅
  [1356/1595] trompón... ✅
  [1357/1595] trompú,_pua... ✅
  [1358/1595] tronco... ✅
  [1359/1595] tronco_de_+_sustantivo... ✅
  [1360/1595] tronera... ✅
  [1361/1595] trono... ✅
  [1362/1595] tronquista... ✅
  [1363/1595] tronzudo,_da... ✅
  [1364/1595] tropajo... ✅
  [1365/1595] tropesías... ✅
  [1366/1595] tropicalísimo,_ma... ✅
  [1367/1595] tropiezo... ✅
  [1368/1595] troque... ✅
  [1369/1595] troquera... ✅
  [1370/1595] troquero... ✅
  [1371/1595] troquero_malo... ✅
  [1372/1595] troquista... ✅
  [1373/1595] trostear... ✅
  [1374/1595] trotar... ✅
  [1375/1595] trote... ✅
  [1376/1595] trotón,_na... ✅
  [1377/1595] trotón... ✅
  [1378/1595] troublemaker... ✅
  [1379/1595] trova... ✅
  [1380/1595] trova_de_aguinaldo... ✅
  [1381/1595] trovador... ✅
  [1382/1595] trovar... ✅
  [1383/1595] trovero... ✅
  [1384/1595] trozadora... ✅
  [1385/1595] trozar... ✅
  [1386/1595] trozas... ✅
  [1387/1595] trucar... ✅
  [1388/1595] trucarse... ✅
  [1389/1595] truche... ✅
  [1390/1595] truchimán... ✅
  [1391/1595] truck... ✅
  [1392/1595] truck_de_la_basura... ✅
  [1393/1595] truck_de_peinetas... ✅
  [1394/1595] truckcito... ✅
  [1395/1595] trucupey... ✅
  [1396/1595] trueque... ✅
  [1397/1595] trufar... ✅
  [1398/1595] truismo... ✅
  [1399/1595] trujillano,_na... ✅
  [1400/1595] trujía... ✅
  [1401/1595] trukcito... ✅
  [1402/1595] trulla... ✅
  [1403/1595] trulla_de_palos... ✅
  [1404/1595] trullar... ✅
  [1405/1595] trunchado,_da... ✅
  [1406/1595] trunquero... ✅
  [1407/1595] truquear... ✅
  [1408/1595] truquero,_ra... ✅
  [1409/1595] trusco... ✅
  [1410/1595] trust... ✅
  [1411/1595] trust_fund... ✅
  [1412/1595] trutrú... ✅
  [1413/1595] tryout... ✅
  [1414/1595] trácala... ✅
  [1415/1595] tráfala... ✅
  [1416/1595] tráfico... ✅
  [1417/1595] tráiler... ✅
  [1418/1595] tránfuga... ✅
  [1419/1595] trébol_de_cuatro_hojas... ✅
  [1420/1595] trífico,_ca... ✅
  [1421/1595] trópicos... ✅
  [1422/1595] tu_güeis... ✅
  [1423/1595] tu_moch... ✅
  [1424/1595] tuatúa... ✅
  [1425/1595] tubaga... ✅
  [1426/1595] tubo... ✅
  [1427/1595] tubo_de_aire... ✅
  [1428/1595] tubo_de_radio... ✅
  [1429/1595] tuchi... ✅
  [1430/1595] tuchina... ✅
  [1431/1595] tuco,_ca... ✅
  [1432/1595] tuco... ✅
  [1433/1595] tucum... ✅
  [1434/1595] tucunaré... ✅
  [1435/1595] tucunear... ✅
  [1436/1595] tucutucu... ✅
  [1437/1595] tucutú... ✅
  [1438/1595] tuerca... ✅
  [1439/1595] tuerto,_ta... ✅
  [1440/1595] tuesca... ✅
  [1441/1595] tuesta... ✅
  [1442/1595] tueste... ✅
  [1443/1595] tuestel... ✅
  [1444/1595] tufoso,_sa... ✅
  [1445/1595] tugurio... ✅
  [1446/1595] tuhonoko... ✅
  [1447/1595] tuido,_da... ✅
  [1448/1595] tuinbeds... ✅
  [1449/1595] tujui... ✅
  [1450/1595] tujuy... ✅
  [1451/1595] tuli-tuli... ✅
  [1452/1595] tulipa... ✅
  [1453/1595] tulipán... ✅
  [1454/1595] tulipán_africano... ✅
  [1455/1595] tullido,_da... ✅
  [1456/1595] tullidura... ✅
  [1457/1595] tulnio,_nia... ✅
  [1458/1595] tumba... ✅
  [1459/1595] tumba_y_tala... ✅
  [1460/1595] tumbadero... ✅
  [1461/1595] tumbado,_da... ✅
  [1462/1595] tumbado... ✅
  [1463/1595] tumbadora... ✅
  [1464/1595] tumbaga... ✅
  [1465/1595] tumbao... ✅
  [1466/1595] tumbao_plenero... ✅
  [1467/1595] tumbapiojos... ✅
  [1468/1595] tumbar... ✅
  [1469/1595] tumbar_el_happy... ✅
  [1470/1595] tumbar_el_japi... ✅
  [1471/1595] tumbar_la_pajita... ✅
  [1472/1595] tumbar_las_patas... ✅
  [1473/1595] tumbarse... ✅
  [1474/1595] tumbarse_del_palo_temprano... ✅
  [1475/1595] tumbaíto... ✅
  [1476/1595] tumbe... ✅
  [1477/1595] tumbo... ✅
  [1478/1595] tumbón,_na... ✅
  [1479/1595] tumido,_da... ✅
  [1480/1595] tumor... ✅
  [1481/1595] tumulto... ✅
  [1482/1595] tun... ✅
  [1483/1595] tun_tun... ✅
  [1484/1595] tuna... ✅
  [1485/1595] tuna_(fish)... ✅
  [1486/1595] tuna_brava... ✅
  [1487/1595] tuna_de_yagua... ✅
  [1488/1595] tunal... ✅
  [1489/1595] tunaro... ✅
  [1490/1595] tune-up... ✅
  [1491/1595] tune_up... ✅
  [1492/1595] tunel... ✅
  [1493/1595] tunero,_ra... ✅
  [1494/1595] tunop... ✅
  [1495/1595] tuntuneco,_ca... ✅
  [1496/1595] tuntún... ✅
  [1497/1595] tupa... ✅
  [1498/1595] tupido,_da... ✅
  [1499/1595] tupir... ✅
  [1500/1595] tupirse... ✅
  [1501/1595] tupperware... ✅
  [1502/1595] tuque... ✅
  [1503/1595] tuque_tuque... ✅
  [1504/1595] tuquito... ✅
  [1505/1595] turar... ✅
  [1506/1595] turba... ✅
  [1507/1595] turbante... ✅
  [1508/1595] turbera... ✅
  [1509/1595] turbojet... ✅
  [1510/1595] turboyet... ✅
  [1511/1595] turbulencia... ✅
  [1512/1595] turca... ✅
  [1513/1595] turco... ✅
  [1514/1595] ture... ✅
  [1515/1595] tureca... ✅
  [1516/1595] turey... ✅
  [1517/1595] tureyguá... ✅
  [1518/1595] turf... ✅
  [1519/1595] turismo... ✅
  [1520/1595] turismo_extremo... ✅
  [1521/1595] turista... ✅
  [1522/1595] turistear... ✅
  [1523/1595] turkey... ✅
  [1524/1595] turnarse... ✅
  [1525/1595] turnio,_nia... ✅
  [1526/1595] turnover... ✅
  [1527/1595] turpial... ✅
  [1528/1595] turra... ✅
  [1529/1595] turrar... ✅
  [1530/1595] turrarse... ✅
  [1531/1595] turrumote... ✅
  [1532/1595] turtle_neck... ✅
  [1533/1595] turtleneck... ✅
  [1534/1595] turulaco,_ca... ✅
  [1535/1595] turulante... ✅
  [1536/1595] turulato,_ta... ✅
  [1537/1595] turuleco,_ca... ✅
  [1538/1595] turulento,_ta... ✅
  [1539/1595] turuleta... ✅
  [1540/1595] turulete... ✅
  [1541/1595] turuleto,_ta... ✅
  [1542/1595] turumbelo... ✅
  [1543/1595] turé... ✅
  [1544/1595] tusa... ✅
  [1545/1595] tusado,_da... ✅
  [1546/1595] tusado... ✅
  [1547/1595] tusar... ✅
  [1548/1595] tusilla... ✅
  [1549/1595] tuso,_sa... ✅
  [1550/1595] tustús... ✅
  [1551/1595] tutazo... ✅
  [1552/1595] tute... ✅
  [1553/1595] tutilimundi... ✅
  [1554/1595] tutorial... ✅
  [1555/1595] tutuma... ✅
  [1556/1595] tutú... ✅
  [1557/1595] tuxedo... ✅
  [1558/1595] tuyra... ✅
  [1559/1595] tuyío,_yía... ✅
  [1560/1595] tuñeco,_ca... ✅
  [1561/1595] tuñeco... ✅
  [1562/1595] tv... ✅
  [1563/1595] tween... ✅
  [1564/1595] twin... ✅
  [1565/1595] twinbeds... ✅
  [1566/1595] two_ways... ✅
  [1567/1595] tándem... ✅
  [1568/1595] tángana... ✅
  [1569/1595] tártago... ✅
  [1570/1595] tártaro,_ra... ✅
  [1571/1595] tátara... ✅
  [1572/1595] té... ✅
  [1573/1595] té_del_mar... ✅
  [1574/1595] télex... ✅
  [1575/1595] término... ✅
  [1576/1595] tétrico,_ca... ✅
  [1577/1595] tía... ✅
  [1578/1595] tícher... ✅
  [1579/1595] tíguere... ✅
  [1580/1595] tílburi... ✅
  [1581/1595] tímpano... ✅
  [1582/1595] típico... ✅
  [1583/1595] tíquet... ✅
  [1584/1595] tísico,_ca... ✅
  [1585/1595] títere... ✅
  [1586/1595] tóner... ✅
  [1587/1595] tópico... ✅
  [1588/1595] tórtola... ✅
  [1589/1595] tórtolo... ✅
  [1590/1595] tótilimundi... ✅
  [1591/1595] tótirimundi... ✅
  [1592/1595] tú_a_tú... ✅
  [1593/1595] túbano... ✅
  [1594/1595] túnel... ✅
  [1595/1595] tútili_mundi... ✅

================================================================================
CONSOLIDATION COMPLETE
================================================================================
  Letter:        T
  Processed:     1595
  Failed:        0
  Output folder: /Users/andrewcasanova/Documents/data_science_projects/ai_projects/TESORO_BORICUA/webscrape/data/preprocessed_tesoro_v2/t


================================================================================
CONSOLIDATING LETTER 'U' - 90 words
================================================================================

  [   1/90] ubec... ✅
  [   2/90] ubey... ✅
  [   3/90] ubicar... ✅
  [   4/90] ubicarse... ✅
  [   5/90] ubre... ✅
  [   6/90] ucarillo... ✅
  [   7/90] ufo... ✅
  [   8/90] uhjú... ✅
  [   9/90] uicú... ✅
  [  10/90] ujier... ✅
  [  11/90] ultimadamente... ✅
  [  12/90] ultimado,_da... ✅
  [  13/90] ultimar... ✅
  [  14/90] ultrajar... ✅
  [  15/90] ultraje... ✅
  [  16/90] umaguá... ✅
  [  17/90] umakuá... ✅
  [  18/90] umpire... ✅
  [  19/90] un,_uno_(a)... ✅
  [  20/90] un_canto_de... ✅
  [  21/90] un_clavo_saca_a_otro_clavo... ✅
  [  22/90] un_gufeo... ✅
  [  23/90] un_pargo_de_mucho_merenguito... ✅
  [  24/90] una_cosa_es_con_violín_y_otra_con_guitarra... ✅
  [  25/90] una_de... ✅
  [  26/90] una_y_una... ✅
  [  27/90] una_y_uno... ✅
  [  28/90] unción... ✅
  [  29/90] under_cover... ✅
  [  30/90] underground... ✅
  [  31/90] underwriter... ✅
  [  32/90] unidad... ✅
  [  33/90] uniformado... ✅
  [  34/90] unionado,_da... ✅
  [  35/90] unionar... ✅
  [  36/90] unisex... ✅
  [  37/90] unión... ✅
  [  38/90] unión_local... ✅
  [  39/90] uno_contra_sencillo... ✅
  [  40/90] uno_quitao_y_otro_puesto... ✅
  [  41/90] uno_y_una... ✅
  [  42/90] unos_mondan_la_china_y_otros_pasan_la_dentera... ✅
  [  43/90] untado... ✅
  [  44/90] untar... ✅
  [  45/90] untar_la_mano... ✅
  [  46/90] untarselo... ✅
  [  47/90] unto... ✅
  [  48/90] untura... ✅
  [  49/90] unzip... ✅
  [  50/90] up_date... ✅
  [  51/90] up_to_date... ✅
  [  52/90] update... ✅
  [  53/90] upgrade... ✅
  [  54/90] upload... ✅
  [  55/90] uppercut... ✅
  [  56/90] ups... ✅
  [  57/90] urbanización... ✅
  [  58/90] urbanología... ✅
  [  59/90] urbanológicamente... ✅
  [  60/90] urbanológico,_ca... ✅
  [  61/90] urbanólogo,_ga... ✅
  [  62/90] urey... ✅
  [  63/90] url... ✅
  [  64/90] urna... ✅
  [  65/90] urogán... ✅
  [  66/90] urubú... ✅
  [  67/90] urucú... ✅
  [  68/90] usa... ✅
  [  69/90] usado,_da... ✅
  [  70/90] usb... ✅
  [  71/90] usb_(drive)... ✅
  [  72/90] username... ✅
  [  73/90] usilla... ✅
  [  74/90] usú... ✅
  [  75/90] utilidades... ✅
  [  76/90] utuadeño,_ña... ✅
  [  77/90] uva... ✅
  [  78/90] uva_cimarrona... ✅
  [  79/90] uva_de_playa... ✅
  [  80/90] uva_playera... ✅
  [  81/90] uval... ✅
  [  82/90] uverillo... ✅
  [  83/90] uvero... ✅
  [  84/90] uvilla... ✅
  [  85/90] uvillo... ✅
  [  86/90] uyama... ✅
  [  87/90] uña... ✅
  [  88/90] uña_de_gato... ✅
  [  89/90] uña_de_la_gran_bestia... ✅
  [  90/90] uñero... ✅

================================================================================
CONSOLIDATION COMPLETE
================================================================================
  Letter:        U
  Processed:     90
  Failed:        0
  Output folder: /Users/andrewcasanova/Documents/data_science_projects/ai_projects/TESORO_BORICUA/webscrape/data/preprocessed_tesoro_v2/u


================================================================================
CONSOLIDATING LETTER 'V' - 505 words
================================================================================

  [   1/505] v-neck... ✅
  [   2/505] vaca... ✅
  [   3/505] vaca_marina... ✅
  [   4/505] vacacionar... ✅
  [   5/505] vacacionista... ✅
  [   6/505] vacantes... ✅
  [   7/505] vaciado... ✅
  [   8/505] vaciar... ✅
  [   9/505] vaciar_como_una_calabaza... ✅
  [  10/505] vaciar_el_agua_a_las_aceitunas... ✅
  [  11/505] vaciar_el_mocho... ✅
  [  12/505] vaciarse... ✅
  [  13/505] vacilada... ✅
  [  14/505] vaciladera... ✅
  [  15/505] vacilar... ✅
  [  16/505] vacilón,_na... ✅
  [  17/505] vacilón... ✅
  [  18/505] vacunarse... ✅
  [  19/505] vacuum_cleaner... ✅
  [  20/505] vagamundería... ✅
  [  21/505] vagamundo,_da... ✅
  [  22/505] vago,_ga... ✅
  [  23/505] vagoneta... ✅
  [  24/505] vaguada... ✅
  [  25/505] vaguear... ✅
  [  26/505] vaguería... ✅
  [  27/505] vagón... ✅
  [  28/505] vagón_de_carga... ✅
  [  29/505] vaharse... ✅
  [  30/505] vahear... ✅
  [  31/505] vaho... ✅
  [  32/505] vaina... ✅
  [  33/505] vainilla... ✅
  [  34/505] vajear... ✅
  [  35/505] valance... ✅
  [  36/505] valentino... ✅
  [  37/505] valeriana... ✅
  [  38/505] valet_parking... ✅
  [  39/505] valijú... ✅
  [  40/505] valla... ✅
  [  41/505] vallado,_da... ✅
  [  42/505] vallado... ✅
  [  43/505] vallahonda... ✅
  [  44/505] valle... ✅
  [  45/505] valse... ✅
  [  46/505] valsear... ✅
  [  47/505] valuable... ✅
  [  48/505] vampiro... ✅
  [  49/505] van... ✅
  [  50/505] vandalizar... ✅
  [  51/505] vanearse... ✅
  [  52/505] vanity... ✅
  [  53/505] vano,_na... ✅
  [  54/505] vapor... ✅
  [  55/505] vapora... ✅
  [  56/505] vaporadora... ✅
  [  57/505] vaporizo... ✅
  [  58/505] vaquero,_ra... ✅
  [  59/505] vaquero... ✅
  [  60/505] vaquería... ✅
  [  61/505] vaqueta... ✅
  [  62/505] vaquita... ✅
  [  63/505] vaquita_de_san_pedro... ✅
  [  64/505] vaquiña... ✅
  [  65/505] vara... ✅
  [  66/505] vara_conequera... ✅
  [  67/505] vara_conuquera... ✅
  [  68/505] vara_cunequera... ✅
  [  69/505] vara_flexible... ✅
  [  70/505] varar... ✅
  [  71/505] vararse... ✅
  [  72/505] varazón... ✅
  [  73/505] varejón,_na... ✅
  [  74/505] vareta... ✅
  [  75/505] varetazo... ✅
  [  76/505] varetón... ✅
  [  77/505] variaca... ✅
  [  78/505] variaco,_ca... ✅
  [  79/505] varicela... ✅
  [  80/505] varilla... ✅
  [  81/505] varilla_de_san_josé... ✅
  [  82/505] varillar... ✅
  [  83/505] varillero,_ra... ✅
  [  84/505] varillero... ✅
  [  85/505] varita_de_san_josé... ✅
  [  86/505] varitable... ✅
  [  87/505] varital... ✅
  [  88/505] varraco... ✅
  [  89/505] varía... ✅
  [  90/505] varón... ✅
  [  91/505] vastagazo... ✅
  [  92/505] vate... ✅
  [  93/505] vatio... ✅
  [  94/505] vcr... ✅
  [  95/505] vega... ✅
  [  96/505] vegabajeño,_ña... ✅
  [  97/505] vegada... ✅
  [  98/505] vegalteño,_ña... ✅
  [  99/505] vegetales... ✅
  [ 100/505] veggie_burger... ✅
  [ 101/505] vegigante... ✅
  [ 102/505] veintiúnico... ✅
  [ 103/505] vejaminoso,_sa... ✅
  [ 104/505] vejestorio,_ria... ✅
  [ 105/505] vejiga... ✅
  [ 106/505] vejiga_de_perro... ✅
  [ 107/505] vejigante... ✅
  [ 108/505] vejigante_a_la_boya... ✅
  [ 109/505] vela... ✅
  [ 110/505] velada... ✅
  [ 111/505] velador... ✅
  [ 112/505] velagüirismo... ✅
  [ 113/505] velamuerto... ✅
  [ 114/505] velar... ✅
  [ 115/505] velar_el_gato... ✅
  [ 116/505] velar_el_muerto... ✅
  [ 117/505] velar_el_pescao... ✅
  [ 118/505] velar_güira... ✅
  [ 119/505] velar_güiro... ✅
  [ 120/505] velar_queso... ✅
  [ 121/505] velatorio... ✅
  [ 122/505] velcro... ✅
  [ 123/505] veleta... ✅
  [ 124/505] velillo... ✅
  [ 125/505] vellera... ✅
  [ 126/505] vellocinio... ✅
  [ 127/505] vellonear... ✅
  [ 128/505] velloneo... ✅
  [ 129/505] vellonera... ✅
  [ 130/505] vellonero,_ra... ✅
  [ 131/505] vellonero... ✅
  [ 132/505] vellón... ✅
  [ 133/505] vellón_de_cinco... ✅
  [ 134/505] vellón_de_diez... ✅
  [ 135/505] velo_de_novia... ✅
  [ 136/505] velocípedo... ✅
  [ 137/505] velorio... ✅
  [ 138/505] velorio_a_palo_seco... ✅
  [ 139/505] velorio_de_un_angelito... ✅
  [ 140/505] velvet... ✅
  [ 141/505] velón,_na... ✅
  [ 142/505] velón... ✅
  [ 143/505] ven... ✅
  [ 144/505] venado... ✅
  [ 145/505] venazo... ✅
  [ 146/505] vencejo_negro... ✅
  [ 147/505] vendaval... ✅
  [ 148/505] vender... ✅
  [ 149/505] vender_achiote... ✅
  [ 150/505] vender_algo_como_pan_caliente... ✅
  [ 151/505] vender_como_pan_caliente... ✅
  [ 152/505] vender_hasta_una_nevera_a_un_esquimal... ✅
  [ 153/505] vender_un_moco... ✅
  [ 154/505] vender_una_idea... ✅
  [ 155/505] venderse_como_bueno... ✅
  [ 156/505] vendimia... ✅
  [ 157/505] venduta... ✅
  [ 158/505] veneno... ✅
  [ 159/505] venerable... ✅
  [ 160/505] venetian_blind... ✅
  [ 161/505] venida... ✅
  [ 162/505] venir_con_brincos... ✅
  [ 163/505] venir_con_contumelia... ✅
  [ 164/505] venir_con_cuentos_chinos... ✅
  [ 165/505] venir_con_guasimilla... ✅
  [ 166/505] venir_con_música... ✅
  [ 167/505] venir_con_música_celestial... ✅
  [ 168/505] venir_con_todos_los_hierros... ✅
  [ 169/505] venir_con_ñeñeñé... ✅
  [ 170/505] venir_cortando... ✅
  [ 171/505] venir_de_calle... ✅
  [ 172/505] venir_de_perilla... ✅
  [ 173/505] venir_de_salida... ✅
  [ 174/505] venir_haciéndose_el_ñañá... ✅
  [ 175/505] venir_para_tu_casa... ✅
  [ 176/505] venir_siendo... ✅
  [ 177/505] venir_virao... ✅
  [ 178/505] venirle_arriba... ✅
  [ 179/505] venirse... ✅
  [ 180/505] venta... ✅
  [ 181/505] venta_de_garaje... ✅
  [ 182/505] ventaja... ✅
  [ 183/505] ventajero,_ra... ✅
  [ 184/505] ventajero... ✅
  [ 185/505] ventajería... ✅
  [ 186/505] ventana... ✅
  [ 187/505] ventanal... ✅
  [ 188/505] ventanilla... ✅
  [ 189/505] ventazón_de_mar... ✅
  [ 190/505] venteado,_da... ✅
  [ 191/505] ventear... ✅
  [ 192/505] ventearse... ✅
  [ 193/505] venteconmigo... ✅
  [ 194/505] ventetú... ✅
  [ 195/505] ventilación... ✅
  [ 196/505] ventolada... ✅
  [ 197/505] ventorrillero... ✅
  [ 198/505] ventorrillo... ✅
  [ 199/505] ventorro... ✅
  [ 200/505] ventura... ✅
  [ 201/505] ventú... ✅
  [ 202/505] veo-veo... ✅
  [ 203/505] ver,_oír_y_callar... ✅
  [ 204/505] ver_el_paisaje... ✅
  [ 205/505] ver_el_plumero... ✅
  [ 206/505] ver_el_seso_a_alguien... ✅
  [ 207/505] ver_la_luna... ✅
  [ 208/505] ver_las_patas_a_la_perica... ✅
  [ 209/505] ver_lo_que_es_amor_de_gato... ✅
  [ 210/505] ver_si_el_gas_pela... ✅
  [ 211/505] ver_si_el_gas_pela_y_el_apio_es_verdura... ✅
  [ 212/505] vera... ✅
  [ 213/505] verbasco... ✅
  [ 214/505] verbena... ✅
  [ 215/505] verde... ✅
  [ 216/505] verde_chatré... ✅
  [ 217/505] verdino... ✅
  [ 218/505] verdiseco... ✅
  [ 219/505] verdolaga... ✅
  [ 220/505] verdoso... ✅
  [ 221/505] verduga... ✅
  [ 222/505] verdugo... ✅
  [ 223/505] verdugón... ✅
  [ 224/505] verdulero... ✅
  [ 225/505] verdura... ✅
  [ 226/505] verdura_sancochada... ✅
  [ 227/505] verdón,_na... ✅
  [ 228/505] verguilla... ✅
  [ 229/505] vergüenza... ✅
  [ 230/505] verijas... ✅
  [ 231/505] veril... ✅
  [ 232/505] veritable... ✅
  [ 233/505] verital... ✅
  [ 234/505] verle_la_cara... ✅
  [ 235/505] verlovenir... ✅
  [ 236/505] vermenear... ✅
  [ 237/505] vermeneo... ✅
  [ 238/505] vermut... ✅
  [ 239/505] vermuz... ✅
  [ 240/505] vernacular... ✅
  [ 241/505] verraco... ✅
  [ 242/505] verrugato... ✅
  [ 243/505] versador... ✅
  [ 244/505] versar... ✅
  [ 245/505] versatilidad... ✅
  [ 246/505] verse_feo... ✅
  [ 247/505] verse_listo... ✅
  [ 248/505] versus... ✅
  [ 249/505] versátil... ✅
  [ 250/505] vertebral... ✅
  [ 251/505] vertedera... ✅
  [ 252/505] very_fancy... ✅
  [ 253/505] very_gudin... ✅
  [ 254/505] very_hot... ✅
  [ 255/505] verífico,_ca... ✅
  [ 256/505] vestal... ✅
  [ 257/505] vestida_de_novia... ✅
  [ 258/505] vestido,_da... ✅
  [ 259/505] vestido... ✅
  [ 260/505] vestirse... ✅
  [ 261/505] vestirse_como_guacamayo... ✅
  [ 262/505] vestirse_de_promesa... ✅
  [ 263/505] vestuarista... ✅
  [ 264/505] veta... ✅
  [ 265/505] vetar... ✅
  [ 266/505] veterana... ✅
  [ 267/505] veterano,_na... ✅
  [ 268/505] veterano... ✅
  [ 269/505] veteranía... ✅
  [ 270/505] vetoso,_sa... ✅
  [ 271/505] veycosí... ✅
  [ 272/505] vhs... ✅
  [ 273/505] viajaca... ✅
  [ 274/505] viajar... ✅
  [ 275/505] viaje... ✅
  [ 276/505] viaje_redondo... ✅
  [ 277/505] viajero... ✅
  [ 278/505] vianda... ✅
  [ 279/505] vianda_sancochada... ✅
  [ 280/505] viandero... ✅
  [ 281/505] vibra... ✅
  [ 282/505] vicenta... ✅
  [ 283/505] vicio... ✅
  [ 284/505] vicioso,_sa... ✅
  [ 285/505] victimar... ✅
  [ 286/505] victimario,_ria... ✅
  [ 287/505] victrola... ✅
  [ 288/505] videncia... ✅
  [ 289/505] video-clip... ✅
  [ 290/505] video... ✅
  [ 291/505] video_blog... ✅
  [ 292/505] video_juego... ✅
  [ 293/505] video_on_demand... ✅
  [ 294/505] videoblog... ✅
  [ 295/505] videocasete... ✅
  [ 296/505] videoclip... ✅
  [ 297/505] videoclub... ✅
  [ 298/505] videoconferencia... ✅
  [ 299/505] videojuego... ✅
  [ 300/505] videolotería... ✅
  [ 301/505] videotape... ✅
  [ 302/505] vidorria... ✅
  [ 303/505] vidrio_inglés... ✅
  [ 304/505] vieja... ✅
  [ 305/505] viejera... ✅
  [ 306/505] viejo,_ja... ✅
  [ 307/505] viejo... ✅
  [ 308/505] viejo_blanco... ✅
  [ 309/505] viejo_chinche... ✅
  [ 310/505] viejo_chocho... ✅
  [ 311/505] viejo_verde... ✅
  [ 312/505] viejolo,_la... ✅
  [ 313/505] viento... ✅
  [ 314/505] viento_a_favor... ✅
  [ 315/505] viento_con_sangre... ✅
  [ 316/505] viento_de_afuera... ✅
  [ 317/505] viento_de_agua... ✅
  [ 318/505] viento_de_arriba... ✅
  [ 319/505] viento_de_espalda... ✅
  [ 320/505] viento_de_momento... ✅
  [ 321/505] viento_de_racha... ✅
  [ 322/505] viento_de_tierra... ✅
  [ 323/505] viento_del_este... ✅
  [ 324/505] viento_del_sur... ✅
  [ 325/505] viento_en_el_buche... ✅
  [ 326/505] viento_este... ✅
  [ 327/505] viento_por_la_popa... ✅
  [ 328/505] viento_por_la_proa... ✅
  [ 329/505] viento_rachoso... ✅
  [ 330/505] viento_sueste... ✅
  [ 331/505] viento_sur... ✅
  [ 332/505] viequense... ✅
  [ 333/505] viequera... ✅
  [ 334/505] viequeño,_ña... ✅
  [ 335/505] viernes_social... ✅
  [ 336/505] viga... ✅
  [ 337/505] vigilación... ✅
  [ 338/505] vigilancia... ✅
  [ 339/505] vigirita... ✅
  [ 340/505] vigo... ✅
  [ 341/505] vigüela... ✅
  [ 342/505] vijao... ✅
  [ 343/505] villa_de_los_esquimales... ✅
  [ 344/505] villalbeño,_ña... ✅
  [ 345/505] villarán... ✅
  [ 346/505] villas_y_castillas... ✅
  [ 347/505] villero... ✅
  [ 348/505] villorio... ✅
  [ 349/505] vilma... ✅
  [ 350/505] vinagre... ✅
  [ 351/505] vinagre_españa... ✅
  [ 352/505] vinagrera... ✅
  [ 353/505] vinagrillo... ✅
  [ 354/505] vinco... ✅
  [ 355/505] vinil... ✅
  [ 356/505] vinsa... ✅
  [ 357/505] vinyl... ✅
  [ 358/505] violento... ✅
  [ 359/505] violeta... ✅
  [ 360/505] violín... ✅
  [ 361/505] vip... ✅
  [ 362/505] viquingo... ✅
  [ 363/505] vira_y_vira... ✅
  [ 364/505] virado,_da... ✅
  [ 365/505] virador... ✅
  [ 366/505] virar_al_revés... ✅
  [ 367/505] virar_en_u... ✅
  [ 368/505] virar_huevos... ✅
  [ 369/505] virar_la_boca... ✅
  [ 370/505] virar_la_tortilla... ✅
  [ 371/505] virar_las_patas... ✅
  [ 372/505] virarse... ✅
  [ 373/505] viravira... ✅
  [ 374/505] virazón... ✅
  [ 375/505] virgüela... ✅
  [ 376/505] viricueto... ✅
  [ 377/505] virivira... ✅
  [ 378/505] virola... ✅
  [ 379/505] viroldo,_da... ✅
  [ 380/505] virote... ✅
  [ 381/505] virote_esquinero... ✅
  [ 382/505] viroteado,_da... ✅
  [ 383/505] virotería... ✅
  [ 384/505] virtual... ✅
  [ 385/505] viruela... ✅
  [ 386/505] viruela_mojada... ✅
  [ 387/505] viruela_seca... ✅
  [ 388/505] viruelas_bobas... ✅
  [ 389/505] viruelas_locas... ✅
  [ 390/505] virus... ✅
  [ 391/505] virón... ✅
  [ 392/505] visa... ✅
  [ 393/505] visera... ✅
  [ 394/505] visita... ✅
  [ 395/505] visitadora... ✅
  [ 396/505] visiting_scholar... ✅
  [ 397/505] visitón,_na... ✅
  [ 398/505] visorioco,_ca... ✅
  [ 399/505] visperino,_na... ✅
  [ 400/505] vista... ✅
  [ 401/505] vistilla... ✅
  [ 402/505] visual... ✅
  [ 403/505] visualizar... ✅
  [ 404/505] vitalizar... ✅
  [ 405/505] vitamina... ✅
  [ 406/505] vitola... ✅
  [ 407/505] vitrina... ✅
  [ 408/505] vitriólico,_ca... ✅
  [ 409/505] vitrola... ✅
  [ 410/505] vitualla... ✅
  [ 411/505] viuda... ✅
  [ 412/505] viudedad... ✅
  [ 413/505] vivacidad... ✅
  [ 414/505] vivero... ✅
  [ 415/505] vividez... ✅
  [ 416/505] vivido,_da... ✅
  [ 417/505] vividor... ✅
  [ 418/505] vivijagua... ✅
  [ 419/505] vivir_del_cuento... ✅
  [ 420/505] vivir_del_mamey... ✅
  [ 421/505] vivir_del_mantengo... ✅
  [ 422/505] vivir_en_el_culo_del_mundo... ✅
  [ 423/505] vivir_en_el_fondo_del_saco... ✅
  [ 424/505] vivir_en_el_jurutungo_viejo... ✅
  [ 425/505] vivir_en_las_nubes... ✅
  [ 426/505] vivir_muriendo... ✅
  [ 427/505] vivir_y_dejar_vivir... ✅
  [ 428/505] vivito_y_coleando... ✅
  [ 429/505] vivo,_va... ✅
  [ 430/505] vlog... ✅
  [ 431/505] vloguero,_ra... ✅
  [ 432/505] vlogósfera... ✅
  [ 433/505] vocacional... ✅
  [ 434/505] voceado,_da... ✅
  [ 435/505] voceteo... ✅
  [ 436/505] voice-mail... ✅
  [ 437/505] voice_mail... ✅
  [ 438/505] voicemail... ✅
  [ 439/505] void... ✅
  [ 440/505] voidear... ✅
  [ 441/505] volado,_da... ✅
  [ 442/505] volado... ✅
  [ 443/505] volador... ✅
  [ 444/505] volandear... ✅
  [ 445/505] volanta... ✅
  [ 446/505] volante... ✅
  [ 447/505] volantín... ✅
  [ 448/505] volao,_lá... ✅
  [ 449/505] volao... ✅
  [ 450/505] volar... ✅
  [ 451/505] volar_bajito... ✅
  [ 452/505] volar_en_cantos... ✅
  [ 453/505] volar_la_cabeza... ✅
  [ 454/505] volcado,_da... ✅
  [ 455/505] volcanero,_ra... ✅
  [ 456/505] volcán... ✅
  [ 457/505] voleibol... ✅
  [ 458/505] voleo... ✅
  [ 459/505] voletear... ✅
  [ 460/505] volibol... ✅
  [ 461/505] volillo... ✅
  [ 462/505] volkswagen... ✅
  [ 463/505] volky... ✅
  [ 464/505] volleyball... ✅
  [ 465/505] volteado,_da... ✅
  [ 466/505] volteador... ✅
  [ 467/505] voltear... ✅
  [ 468/505] voltear_la_cara... ✅
  [ 469/505] voltear_la_finca... ✅
  [ 470/505] voltearse... ✅
  [ 471/505] volteo... ✅
  [ 472/505] voltio... ✅
  [ 473/505] volumen... ✅
  [ 474/505] voluntarios... ✅
  [ 475/505] volver_a_nacer... ✅
  [ 476/505] volverse_todo_narices... ✅
  [ 477/505] volverse_todo_narices_y_no_encontrar_por_dónde_respirar... ✅
  [ 478/505] volverse_un_etcétera... ✅
  [ 479/505] volverse_un_ocho... ✅
  [ 480/505] volverse_un_tembleque... ✅
  [ 481/505] volverse_una_mogolla... ✅
  [ 482/505] vomitadera... ✅
  [ 483/505] vomitel... ✅
  [ 484/505] vomitera... ✅
  [ 485/505] vorágine... ✅
  [ 486/505] votar_la_riversa... ✅
  [ 487/505] voucher... ✅
  [ 488/505] vozticar... ✅
  [ 489/505] vs.... ✅
  [ 490/505] vuelaflor... ✅
  [ 491/505] vuelta... ✅
  [ 492/505] vuelta_de_carnero... ✅
  [ 493/505] vuelta_del_pendejo... ✅
  [ 494/505] vuelta_en_u... ✅
  [ 495/505] vuelta_y_vuelta... ✅
  [ 496/505] vueltón... ✅
  [ 497/505] vástago... ✅
  [ 498/505] vérselas... ✅
  [ 499/505] vía_de_rodaje... ✅
  [ 500/505] víbora... ✅
  [ 501/505] víctima... ✅
  [ 502/505] vídeo... ✅
  [ 503/505] víspera_de_año_nuevo... ✅
  [ 504/505] vólibol... ✅
  [ 505/505] vómito... ✅

================================================================================
CONSOLIDATION COMPLETE
================================================================================
  Letter:        V
  Processed:     505
  Failed:        0
  Output folder: /Users/andrewcasanova/Documents/data_science_projects/ai_projects/TESORO_BORICUA/webscrape/data/preprocessed_tesoro_v2/v


================================================================================
CONSOLIDATING LETTER 'W' - 139 words
================================================================================

  [   1/139] wacamayo... ✅
  [   2/139] wachear... ✅
  [   3/139] wachimán... ✅
  [   4/139] waffle... ✅
  [   5/139] wafle... ✅
  [   6/139] waflera... ✅
  [   7/139] waiper... ✅
  [   8/139] waiter... ✅
  [   9/139] waitress... ✅
  [  10/139] waiver... ✅
  [  11/139] walk-in-closet... ✅
  [  12/139] walk-in_closet... ✅
  [  13/139] walk-man... ✅
  [  14/139] walk-up... ✅
  [  15/139] walk... ✅
  [  16/139] walk_up... ✅
  [  17/139] walkie-talkie... ✅
  [  18/139] walking_closet... ✅
  [  19/139] walking_trail... ✅
  [  20/139] walkman... ✅
  [  21/139] wall-to-wall... ✅
  [  22/139] wall_system... ✅
  [  23/139] wall_to_wall... ✅
  [  24/139] wallet... ✅
  [  25/139] wallpaper... ✅
  [  26/139] wan... ✅
  [  27/139] wanabi... ✅
  [  28/139] wanabí... ✅
  [  29/139] wannabi... ✅
  [  30/139] wap... ✅
  [  31/139] warfarina... ✅
  [  32/139] warning... ✅
  [  33/139] warrant... ✅
  [  34/139] wasa... ✅
  [  35/139] wash_and_wear... ✅
  [  36/139] washing_machine... ✅
  [  37/139] washingtones... ✅
  [  38/139] watage... ✅
  [  39/139] watch... ✅
  [  40/139] watchman... ✅
  [  41/139] water-polo... ✅
  [  42/139] water_hazard... ✅
  [  43/139] water_melon... ✅
  [  44/139] water_play... ✅
  [  45/139] water_polo... ✅
  [  46/139] watermelon... ✅
  [  47/139] wattage... ✅
  [  48/139] wauchaceta... ✅
  [  49/139] wax... ✅
  [  50/139] wax_paper... ✅
  [  51/139] weather... ✅
  [  52/139] weather_bureau... ✅
  [  53/139] web... ✅
  [  54/139] web_address... ✅
  [  55/139] web_editor... ✅
  [  56/139] web_page... ✅
  [  57/139] web_server... ✅
  [  58/139] web_site... ✅
  [  59/139] webcam... ✅
  [  60/139] weblog... ✅
  [  61/139] webmail... ✅
  [  62/139] webmaster... ✅
  [  63/139] webpage... ✅
  [  64/139] website... ✅
  [  65/139] week_end... ✅
  [  66/139] weekend... ✅
  [  67/139] weekenes... ✅
  [  68/139] weight_watcher... ✅
  [  69/139] weird... ✅
  [  70/139] wekenes... ✅
  [  71/139] welcome... ✅
  [  72/139] welfare... ✅
  [  73/139] well-done... ✅
  [  74/139] well_done... ✅
  [  75/139] welter... ✅
  [  76/139] wepa... ✅
  [  77/139] western... ✅
  [  78/139] wet_look... ✅
  [  79/139] wheelchair... ✅
  [  80/139] wheeling... ✅
  [  81/139] whip_cream... ✅
  [  82/139] whirpool... ✅
  [  83/139] whisky... ✅
  [  84/139] whisky_escocés... ✅
  [  85/139] white_horse... ✅
  [  86/139] whopper... ✅
  [  87/139] wi-fi... ✅
  [  88/139] wifi... ✅
  [  89/139] wiki... ✅
  [  90/139] wikén... ✅
  [  91/139] wild... ✅
  [  92/139] wild_(pitch)... ✅
  [  93/139] wild_card... ✅
  [  94/139] wildcard... ✅
  [  95/139] wilear... ✅
  [  96/139] william_penn... ✅
  [  97/139] wilson... ✅
  [  98/139] winch... ✅
  [  99/139] wincha... ✅
  [ 100/139] winche... ✅
  [ 101/139] wind_surfing... ✅
  [ 102/139] wind_up... ✅
  [ 103/139] window_net... ✅
  [ 104/139] window_shopping... ✅
  [ 105/139] windshield... ✅
  [ 106/139] windshield_wiper... ✅
  [ 107/139] windshield_wipers... ✅
  [ 108/139] windsurf... ✅
  [ 109/139] windsurfing... ✅
  [ 110/139] windsurfista... ✅
  [ 111/139] winner... ✅
  [ 112/139] wipe... ✅
  [ 113/139] wiper... ✅
  [ 114/139] wiquén... ✅
  [ 115/139] wireless... ✅
  [ 116/139] wishful_thinking... ✅
  [ 117/139] wishy-washe... ✅
  [ 118/139] wishy-washy... ✅
  [ 119/139] wizard... ✅
  [ 120/139] wml... ✅
  [ 121/139] wok... ✅
  [ 122/139] word_processor... ✅
  [ 123/139] work-out... ✅
  [ 124/139] workaholic... ✅
  [ 125/139] workbook... ✅
  [ 126/139] worker... ✅
  [ 127/139] workers... ✅
  [ 128/139] workout... ✅
  [ 129/139] workshop... ✅
  [ 130/139] world_wide_web... ✅
  [ 131/139] worm... ✅
  [ 132/139] wow... ✅
  [ 133/139] wrap... ✅
  [ 134/139] write_in... ✅
  [ 135/139] www... ✅
  [ 136/139] wysiwyg... ✅
  [ 137/139] wácala... ✅
  [ 138/139] wácatela... ✅
  [ 139/139] wélter... ✅

================================================================================
CONSOLIDATION COMPLETE
================================================================================
  Letter:        W
  Processed:     139
  Failed:        0
  Output folder: /Users/andrewcasanova/Documents/data_science_projects/ai_projects/TESORO_BORICUA/webscrape/data/preprocessed_tesoro_v2/w


================================================================================
CONSOLIDATING LETTER 'X' - 12 words
================================================================================

  [   1/12] x_años_atrás... ✅
  [   2/12] xagua... ✅
  [   3/12] xagüey... ✅
  [   4/12] xauei... ✅
  [   5/12] xauxau... ✅
  [   6/12] xaxabi... ✅
  [   7/12] xeiticaco... ✅
  [   8/12] xeme... ✅
  [   9/12] xexén... ✅
  [  10/12] xixa... ✅
  [  11/12] xixá... ✅
  [  12/12] xívaro,_ra... ✅

================================================================================
CONSOLIDATION COMPLETE
================================================================================
  Letter:        X
  Processed:     12
  Failed:        0
  Output folder: /Users/andrewcasanova/Documents/data_science_projects/ai_projects/TESORO_BORICUA/webscrape/data/preprocessed_tesoro_v2/x


================================================================================
CONSOLIDATING LETTER 'Y' - 238 words
================================================================================

  [   1/238] y... ✅
  [   2/238] y_de_cuanto_hay... ✅
  [   3/238] y_esto_y_lo_otro... ✅
  [   4/238] y_los_trastes_sin_fregar... ✅
  [   5/238] y_tu_abuela,_¿dónde_está?... ✅
  [   6/238] ya_ese_perro_mordió... ✅
  [   7/238] ya_está_el_café_colao... ✅
  [   8/238] ya_los_pájaros_les_tiran_a_las_escopetas... ✅
  [   9/238] yabear... ✅
  [  10/238] yaboa... ✅
  [  11/238] yaboa_americana... ✅
  [  12/238] yaboa_común... ✅
  [  13/238] yaboa_migratoria... ✅
  [  14/238] yaboa_real... ✅
  [  15/238] yabruma... ✅
  [  16/238] yabrumo... ✅
  [  17/238] yabucoeño,_ña... ✅
  [  18/238] yac... ✅
  [  19/238] yacó... ✅
  [  20/238] yagareta... ✅
  [  21/238] yagrua... ✅
  [  22/238] yagruma... ✅
  [  23/238] yagrumillo... ✅
  [  24/238] yagrumo... ✅
  [  25/238] yagrumo_hembra... ✅
  [  26/238] yagrumo_macho... ✅
  [  27/238] yagua... ✅
  [  28/238] yagua_dulce... ✅
  [  29/238] yagua_salada... ✅
  [  30/238] yaguarrama... ✅
  [  31/238] yaguasa... ✅
  [  32/238] yaguaso... ✅
  [  33/238] yagüetazo... ✅
  [  34/238] yagüey... ✅
  [  35/238] yahuba... ✅
  [  36/238] yahutía... ✅
  [  37/238] yaití... ✅
  [  38/238] yal... ✅
  [  39/238] yamborí... ✅
  [  40/238] yambul... ✅
  [  41/238] yamburí... ✅
  [  42/238] yambó... ✅
  [  43/238] yambú... ✅
  [  44/238] yame... ✅
  [  45/238] yamoca... ✅
  [  46/238] yamoncobre... ✅
  [  47/238] yanicleca... ✅
  [  48/238] yaniclé... ✅
  [  49/238] yankee... ✅
  [  50/238] yankófilo,_la... ✅
  [  51/238] yanqui... ✅
  [  52/238] yanquiado,_da... ✅
  [  53/238] yapana... ✅
  [  54/238] yaragua... ✅
  [  55/238] yaraguá... ✅
  [  56/238] yarda... ✅
  [  57/238] yare... ✅
  [  58/238] yarey... ✅
  [  59/238] yarima... ✅
  [  60/238] yarí... ✅
  [  61/238] yate... ✅
  [  62/238] yaucano,_na... ✅
  [  63/238] yauruma... ✅
  [  64/238] yautí... ✅
  [  65/238] yautía... ✅
  [  66/238] yautía_amarilla... ✅
  [  67/238] yautía_belembre... ✅
  [  68/238] yautía_blanca... ✅
  [  69/238] yautía_cimarrona... ✅
  [  70/238] yautía_de_agua... ✅
  [  71/238] yautía_de_jardín... ✅
  [  72/238] yautía_de_palma... ✅
  [  73/238] yautía_de_palma_alta... ✅
  [  74/238] yautía_de_puerco... ✅
  [  75/238] yautía_de_vino... ✅
  [  76/238] yautía_filipina... ✅
  [  77/238] yautía_guayamera... ✅
  [  78/238] yautía_güeva... ✅
  [  79/238] yautía_horqueta... ✅
  [  80/238] yautía_kelly... ✅
  [  81/238] yautía_madera... ✅
  [  82/238] yautía_malanga... ✅
  [  83/238] yautía_manola... ✅
  [  84/238] yautía_martinica... ✅
  [  85/238] yautía_morada... ✅
  [  86/238] yautía_palma... ✅
  [  87/238] yautía_palmera... ✅
  [  88/238] yautía_prieta... ✅
  [  89/238] yautía_romana... ✅
  [  90/238] yautía_silvestre... ✅
  [  91/238] yautía_viequera... ✅
  [  92/238] yautía_vinola... ✅
  [  93/238] yaya... ✅
  [  94/238] yaya_boba... ✅
  [  95/238] yaya_común... ✅
  [  96/238] yaya_negra_lora... ✅
  [  97/238] yaya_prieta... ✅
  [  98/238] yayagua... ✅
  [  99/238] yayajabico... ✅
  [ 100/238] yayal... ✅
  [ 101/238] yayama... ✅
  [ 102/238] yeah... ✅
  [ 103/238] yearbook... ✅
  [ 104/238] yegua... ✅
  [ 105/238] yeguada... ✅
  [ 106/238] yegüero... ✅
  [ 107/238] yegüería... ✅
  [ 108/238] yegüerío... ✅
  [ 109/238] yegüete... ✅
  [ 110/238] yelado,_da... ✅
  [ 111/238] yelar... ✅
  [ 112/238] yelo... ✅
  [ 113/238] yen... ✅
  [ 114/238] yenicleca... ✅
  [ 115/238] yerba... ✅
  [ 116/238] yerba_bruja... ✅
  [ 117/238] yerba_buena... ✅
  [ 118/238] yerba_cangá... ✅
  [ 119/238] yerba_capitana... ✅
  [ 120/238] yerba_de_boca... ✅
  [ 121/238] yerba_de_bulla... ✅
  [ 122/238] yerba_de_cabra... ✅
  [ 123/238] yerba_de_cabro... ✅
  [ 124/238] yerba_de_calentura... ✅
  [ 125/238] yerba_de_clavo... ✅
  [ 126/238] yerba_de_cuarto... ✅
  [ 127/238] yerba_de_cuba... ✅
  [ 128/238] yerba_de_cuchillo... ✅
  [ 129/238] yerba_de_culebra... ✅
  [ 130/238] yerba_de_guinea... ✅
  [ 131/238] yerba_de_hicotea... ✅
  [ 132/238] yerba_de_juey... ✅
  [ 133/238] yerba_de_kikuyo... ✅
  [ 134/238] yerba_de_san_juan... ✅
  [ 135/238] yerba_de_santa_maría... ✅
  [ 136/238] yerba_de_tajo... ✅
  [ 137/238] yerba_de_vidrio... ✅
  [ 138/238] yerba_del_cáncer... ✅
  [ 139/238] yerba_del_diablo... ✅
  [ 140/238] yerba_elefante... ✅
  [ 141/238] yerba_fortuna... ✅
  [ 142/238] yerba_gangá... ✅
  [ 143/238] yerba_guinea... ✅
  [ 144/238] yerba_linda... ✅
  [ 145/238] yerba_luisa... ✅
  [ 146/238] yerba_lumbre... ✅
  [ 147/238] yerba_malá... ✅
  [ 148/238] yerba_mora... ✅
  [ 149/238] yerbabuena... ✅
  [ 150/238] yerbajo... ✅
  [ 151/238] yerbal... ✅
  [ 152/238] yerbatal... ✅
  [ 153/238] yerbatero,_ra... ✅
  [ 154/238] yerbero... ✅
  [ 155/238] yerbetera... ✅
  [ 156/238] yerbo... ✅
  [ 157/238] yerna... ✅
  [ 158/238] yernieto,_ta... ✅
  [ 159/238] yerto,_ta... ✅
  [ 160/238] yerén... ✅
  [ 161/238] yesca... ✅
  [ 162/238] yeso... ✅
  [ 163/238] yesquero... ✅
  [ 164/238] yet... ✅
  [ 165/238] yeyo... ✅
  [ 166/238] yi... ✅
  [ 167/238] yiddish... ✅
  [ 168/238] yin... ✅
  [ 169/238] yingambó... ✅
  [ 170/238] yip... ✅
  [ 171/238] yiyo... ✅
  [ 172/238] yiyí... ✅
  [ 173/238] ymocona... ✅
  [ 174/238] ynoa... ✅
  [ 175/238] yo_puedo_y_tú_no... ✅
  [ 176/238] yoghourt... ✅
  [ 177/238] yogourt... ✅
  [ 178/238] yoguear... ✅
  [ 179/238] yogur... ✅
  [ 180/238] yogurt... ✅
  [ 181/238] yola... ✅
  [ 182/238] yola_de_remos... ✅
  [ 183/238] yolofe... ✅
  [ 184/238] yombina... ✅
  [ 185/238] yompear... ✅
  [ 186/238] yonker... ✅
  [ 187/238] yonki... ✅
  [ 188/238] yonqueado,_da... ✅
  [ 189/238] yonquearse... ✅
  [ 190/238] yonqui... ✅
  [ 191/238] yonson... ✅
  [ 192/238] yonyón... ✅
  [ 193/238] yoqueta... ✅
  [ 194/238] yoqui... ✅
  [ 195/238] yoruba... ✅
  [ 196/238] you_know... ✅
  [ 197/238] yoyo... ✅
  [ 198/238] yoísmo... ✅
  [ 199/238] ypatex... ✅
  [ 200/238] yu... ✅
  [ 201/238] yuana... ✅
  [ 202/238] yubaga... ✅
  [ 203/238] yubá... ✅
  [ 204/238] yuca... ✅
  [ 205/238] yuca_agria... ✅
  [ 206/238] yuca_blanca... ✅
  [ 207/238] yuca_brava... ✅
  [ 208/238] yuca_de_jardín... ✅
  [ 209/238] yuca_maranta... ✅
  [ 210/238] yucaba... ✅
  [ 211/238] yucal... ✅
  [ 212/238] yucayeco... ✅
  [ 213/238] yucayeque... ✅
  [ 214/238] yucubía... ✅
  [ 215/238] yuguero... ✅
  [ 216/238] yuguillo... ✅
  [ 217/238] yuké... ✅
  [ 218/238] yumbo... ✅
  [ 219/238] yume... ✅
  [ 220/238] yune... ✅
  [ 221/238] yunk... ✅
  [ 222/238] yunki... ✅
  [ 223/238] yunta... ✅
  [ 224/238] yuntero... ✅
  [ 225/238] yuppie... ✅
  [ 226/238] yuppy... ✅
  [ 227/238] yuquilla... ✅
  [ 228/238] yuquillo... ✅
  [ 229/238] yuqué... ✅
  [ 230/238] yure... ✅
  [ 231/238] yurumo... ✅
  [ 232/238] yute... ✅
  [ 233/238] yuya... ✅
  [ 234/238] yíguri... ✅
  [ 235/238] yígüiri... ✅
  [ 236/238] yónker... ✅
  [ 237/238] yónquer... ✅
  [ 238/238] yóquey... ✅

================================================================================
CONSOLIDATION COMPLETE
================================================================================
  Letter:        Y
  Processed:     238
  Failed:        0
  Output folder: /Users/andrewcasanova/Documents/data_science_projects/ai_projects/TESORO_BORICUA/webscrape/data/preprocessed_tesoro_v2/y


================================================================================
CONSOLIDATING LETTER 'Z' - 186 words
================================================================================

  [   1/186] zabana... ✅
  [   2/186] zabuida... ✅
  [   3/186] zabuidor... ✅
  [   4/186] zabuir... ✅
  [   5/186] zabullida... ✅
  [   6/186] zabullidor... ✅
  [   7/186] zacún... ✅
  [   8/186] zafacón... ✅
  [   9/186] zafada... ✅
  [  10/186] zafado,_da... ✅
  [  11/186] zafado... ✅
  [  12/186] zafante... ✅
  [  13/186] zafar... ✅
  [  14/186] zafarrancho... ✅
  [  15/186] zafarse... ✅
  [  16/186] zafarse_el_lápiz_a_alguien... ✅
  [  17/186] zafio,_fia... ✅
  [  18/186] zafra... ✅
  [  19/186] zafón,_na... ✅
  [  20/186] zaga... ✅
  [  21/186] zagaleja... ✅
  [  22/186] zagalejo... ✅
  [  23/186] zagaletón... ✅
  [  24/186] zahorí... ✅
  [  25/186] zaino-cebruno,_na... ✅
  [  26/186] zajorí... ✅
  [  27/186] zalandro... ✅
  [  28/186] zalapastroso,_sa... ✅
  [  29/186] zalea... ✅
  [  30/186] zama... ✅
  [  31/186] zamacuco,_ca... ✅
  [  32/186] zamarrazo... ✅
  [  33/186] zambo,_ba... ✅
  [  34/186] zambuco... ✅
  [  35/186] zambuir... ✅
  [  36/186] zambullidor... ✅
  [  37/186] zambumbia... ✅
  [  38/186] zamia... ✅
  [  39/186] zamiaca... ✅
  [  40/186] zampar... ✅
  [  41/186] zamuro... ✅
  [  42/186] zanano,_na... ✅
  [  43/186] zancos... ✅
  [  44/186] zancudero... ✅
  [  45/186] zancudo... ✅
  [  46/186] zancú... ✅
  [  47/186] zanganada... ✅
  [  48/186] zanganería... ✅
  [  49/186] zangolotear... ✅
  [  50/186] zangulutear... ✅
  [  51/186] zanja... ✅
  [  52/186] zanjear... ✅
  [  53/186] zanjero... ✅
  [  54/186] zanquear... ✅
  [  55/186] zapa... ✅
  [  56/186] zapalastre... ✅
  [  57/186] zapapico... ✅
  [  58/186] zapata... ✅
  [  59/186] zapatacón... ✅
  [  60/186] zapatearse... ✅
  [  61/186] zapateo... ✅
  [  62/186] zapatera... ✅
  [  63/186] zapatero... ✅
  [  64/186] zapatito... ✅
  [  65/186] zapatito_de_marroquín... ✅
  [  66/186] zapato_bajo... ✅
  [  67/186] zapato_bajo_de_hule... ✅
  [  68/186] zapato_de_oreja... ✅
  [  69/186] zapato_rebajado... ✅
  [  70/186] zapatones... ✅
  [  71/186] zapatudo,_da... ✅
  [  72/186] zapear... ✅
  [  73/186] zapeo... ✅
  [  74/186] zaperoco... ✅
  [  75/186] zapote... ✅
  [  76/186] zapping... ✅
  [  77/186] zar... ✅
  [  78/186] zaragüey... ✅
  [  79/186] zaramago... ✅
  [  80/186] zaramagullón... ✅
  [  81/186] zaramagullón_chico... ✅
  [  82/186] zaranda... ✅
  [  83/186] zarandear... ✅
  [  84/186] zarandeo... ✅
  [  85/186] zarazo,_za... ✅
  [  86/186] zarazo... ✅
  [  87/186] zarazón,_na... ✅
  [  88/186] zarceo... ✅
  [  89/186] zarcilla... ✅
  [  90/186] zarcillo... ✅
  [  91/186] zarcillos... ✅
  [  92/186] zarpazo... ✅
  [  93/186] zarza... ✅
  [  94/186] zarzabacoa... ✅
  [  95/186] zarzabacoa_de_dos_hojas... ✅
  [  96/186] zarzabacoa_de_tres_flores... ✅
  [  97/186] zarzabacoa_del_monte... ✅
  [  98/186] zarzadilla... ✅
  [  99/186] zarzaparrilla... ✅
  [ 100/186] zas... ✅
  [ 101/186] zascandil... ✅
  [ 102/186] zazaveio... ✅
  [ 103/186] zeboruco... ✅
  [ 104/186] zeiba... ✅
  [ 105/186] zeme... ✅
  [ 106/186] zemí... ✅
  [ 107/186] zenzontle... ✅
  [ 108/186] zetí... ✅
  [ 109/186] zeyba... ✅
  [ 110/186] zi... ✅
  [ 111/186] zicote... ✅
  [ 112/186] ziguarayo... ✅
  [ 113/186] zinato... ✅
  [ 114/186] zip-lock... ✅
  [ 115/186] zip... ✅
  [ 116/186] zip_code... ✅
  [ 117/186] zip_disk... ✅
  [ 118/186] zip_lock... ✅
  [ 119/186] zipeado... ✅
  [ 120/186] zipear... ✅
  [ 121/186] ziper... ✅
  [ 122/186] zipizape... ✅
  [ 123/186] ziplock... ✅
  [ 124/186] zipper... ✅
  [ 125/186] zoca... ✅
  [ 126/186] zocato,_ta... ✅
  [ 127/186] zocato... ✅
  [ 128/186] zocato_angolo... ✅
  [ 129/186] zoco,_ca... ✅
  [ 130/186] zoco... ✅
  [ 131/186] zoicia... ✅
  [ 132/186] zombi... ✅
  [ 133/186] zombie... ✅
  [ 134/186] zona_de_desastre... ✅
  [ 135/186] zonificado,_da... ✅
  [ 136/186] zonsear... ✅
  [ 137/186] zonsera... ✅
  [ 138/186] zonzo,_za... ✅
  [ 139/186] zoom... ✅
  [ 140/186] zopilote... ✅
  [ 141/186] zoquete... ✅
  [ 142/186] zoquetear... ✅
  [ 143/186] zoquetudo,_da... ✅
  [ 144/186] zorongo,_ga... ✅
  [ 145/186] zorra... ✅
  [ 146/186] zorral... ✅
  [ 147/186] zorrillal... ✅
  [ 148/186] zorroclueco,_ca... ✅
  [ 149/186] zorullo... ✅
  [ 150/186] zorzal... ✅
  [ 151/186] zuburuco... ✅
  [ 152/186] zucaritas... ✅
  [ 153/186] zucchini... ✅
  [ 154/186] zudaire... ✅
  [ 155/186] zulianita... ✅
  [ 156/186] zum... ✅
  [ 157/186] zumba... ✅
  [ 158/186] zumbadera... ✅
  [ 159/186] zumbadero... ✅
  [ 160/186] zumbador... ✅
  [ 161/186] zumbadora... ✅
  [ 162/186] zumbadorcito... ✅
  [ 163/186] zumbar... ✅
  [ 164/186] zumbar_el_mango... ✅
  [ 165/186] zumbar_la_manigueta... ✅
  [ 166/186] zumbarse... ✅
  [ 167/186] zumbito... ✅
  [ 168/186] zumbo... ✅
  [ 169/186] zumbona... ✅
  [ 170/186] zumbón,_na... ✅
  [ 171/186] zumbón... ✅
  [ 172/186] zumo... ✅
  [ 173/186] zumzum... ✅
  [ 174/186] zunzún... ✅
  [ 175/186] zurcir... ✅
  [ 176/186] zurra... ✅
  [ 177/186] zurrapa... ✅
  [ 178/186] zurrarse... ✅
  [ 179/186] zurriagazo... ✅
  [ 180/186] zuruma... ✅
  [ 181/186] zurumaca... ✅
  [ 182/186] zurumaco... ✅
  [ 183/186] zábila... ✅
  [ 184/186] zácum... ✅
  [ 185/186] zángano... ✅
  [ 186/186] zíper... ✅

================================================================================
CONSOLIDATION COMPLETE
================================================================================
  Letter:        Z
  Processed:     186
  Failed:        0
  Output folder: /Users/andrewcasanova/Documents/data_science_projects/ai_projects/TESORO_BORICUA/webscrape/data/preprocessed_tesoro_v2/z


================================================================================
CONSOLIDATING LETTER 'Ñ' - 96 words
================================================================================

  [   1/96] ña... ✅
  [   2/96] ñada... ✅
  [   3/96] ñafiar... ✅
  [   4/96] ñafitear... ✅
  [   5/96] ñafiteo... ✅
  [   6/96] ñafitero,_ra... ✅
  [   7/96] ñafitiar... ✅
  [   8/96] ñafitoso,_sa... ✅
  [   9/96] ñajla... ✅
  [  10/96] ñamar... ✅
  [  11/96] ñame... ✅
  [  12/96] ñame_amarillo... ✅
  [  13/96] ñame_cambuco... ✅
  [  14/96] ñame_con_corbata... ✅
  [  15/96] ñame_de_agua... ✅
  [  16/96] ñame_de_gallina... ✅
  [  17/96] ñame_de_guinea... ✅
  [  18/96] ñame_de_indias... ✅
  [  19/96] ñame_de_maraca... ✅
  [  20/96] ñame_de_mina... ✅
  [  21/96] ñame_de_palo_forastero... ✅
  [  22/96] ñame_de_tayote... ✅
  [  23/96] ñame_florido... ✅
  [  24/96] ñame_guarán... ✅
  [  25/96] ñame_gulembo... ✅
  [  26/96] ñame_habanero... ✅
  [  27/96] ñame_indio... ✅
  [  28/96] ñame_mapuey... ✅
  [  29/96] ñame_papa... ✅
  [  30/96] ñame_pupa... ✅
  [  31/96] ñame_rompepiedra... ✅
  [  32/96] ñame_rompetierra... ✅
  [  33/96] ñamera... ✅
  [  34/96] ñampear... ✅
  [  35/96] ñandubay... ✅
  [  36/96] ñandú... ✅
  [  37/96] ñangado,_da... ✅
  [  38/96] ñangara... ✅
  [  39/96] ñangaro,_ra... ✅
  [  40/96] ñanglado,_da... ✅
  [  41/96] ñango,_ga... ✅
  [  42/96] ñango... ✅
  [  43/96] ñangotado,_da... ✅
  [  44/96] ñangotamiento... ✅
  [  45/96] ñangotarse... ✅
  [  46/96] ñangotismo... ✅
  [  47/96] ñangue... ✅
  [  48/96] ñanguear... ✅
  [  49/96] ñanguería... ✅
  [  50/96] ñangué... ✅
  [  51/96] ñao... ✅
  [  52/96] ñapa... ✅
  [  53/96] ñaque... ✅
  [  54/96] ñaqui... ✅
  [  55/96] ñaski... ✅
  [  56/96] ñato,_ta... ✅
  [  57/96] ñau... ✅
  [  58/96] ñaña... ✅
  [  59/96] ñañarito... ✅
  [  60/96] ñaño,_ña... ✅
  [  61/96] ñañá... ✅
  [  62/96] ñe-ñe-ñé... ✅
  [  63/96] ñeblina... ✅
  [  64/96] ñeco,_ca... ✅
  [  65/96] ñema... ✅
  [  66/96] ñemo... ✅
  [  67/96] ñengue... ✅
  [  68/96] ñeque... ✅
  [  69/96] ñeta... ✅
  [  70/96] ñeto... ✅
  [  71/96] ñeñe... ✅
  [  72/96] ñeñeñé... ✅
  [  73/96] ñinga... ✅
  [  74/96] ñizca... ✅
  [  75/96] ño... ✅
  [  76/96] ñoclos... ✅
  [  77/96] ñoco,_ca... ✅
  [  78/96] ñoco... ✅
  [  79/96] ñolo... ✅
  [  80/96] ñongo,_ga... ✅
  [  81/96] ñorse... ✅
  [  82/96] ñoña... ✅
  [  83/96] ñoñal... ✅
  [  84/96] ñoñar... ✅
  [  85/96] ñoñero... ✅
  [  86/96] ñoñería... ✅
  [  87/96] ñoño,_ña... ✅
  [  88/96] ñu... ✅
  [  89/96] ñudo... ✅
  [  90/96] ñángara... ✅
  [  91/96] ñángaro,_ra... ✅
  [  92/96] ñángaro... ✅
  [  93/96] ñáñara... ✅
  [  94/96] ñáñaro... ✅
  [  95/96] ñáñigo,_ga... ✅
  [  96/96] ñénguere... ✅

================================================================================
CONSOLIDATION COMPLETE
================================================================================
  Letter:        Ñ
  Processed:     96
  Failed:        0
  Output folder: /Users/andrewcasanova/Documents/data_science_projects/ai_projects/TESORO_BORICUA/webscrape/data/preprocessed_tesoro_v2/ñ


================================================================================
CONSOLIDATION SUMMARY
================================================================================
Completed: 27/27
Failed:    0/27


================================================================================
STAGE 2: PREPROCESSING - Consolidated → Uniform Format
================================================================================
Found 27 letter directories: A, B, C, D, E, F, G, H, I, J, K, L, M, N, O, P, Q, R, S, T, U, V, W, X, Y, Z, Ñ

📄 Processing letter A (1868 words)...
  ✅ Saved 2027 entries to transformed_tesoro_v2_a.json

📄 Processing letter B (1575 words)...
  ✅ Saved 1806 entries to transformed_tesoro_v2_b.json

📄 Processing letter C (3572 words)...
  ✅ Saved 4236 entries to transformed_tesoro_v2_c.json

📄 Processing letter D (1256 words)...
  ✅ Saved 1299 entries to transformed_tesoro_v2_d.json

📄 Processing letter E (1895 words)...
  ✅ Saved 1979 entries to transformed_tesoro_v2_e.json

📄 Processing letter F (826 words)...
  ✅ Saved 877 entries to transformed_tesoro_v2_f.json

📄 Processing letter G (1164 words)...
  ✅ Saved 1317 entries to transformed_tesoro_v2_g.json

📄 Processing letter H (379 words)...
  ✅ Saved 390 entries to transformed_tesoro_v2_h.json

📄 Processing letter I (385 words)...
  ✅ Saved 391 entries to transformed_tesoro_v2_i.json

📄 Processing letter J (614 words)...
  ✅ Saved 648 entries to transformed_tesoro_v2_j.json

📄 Processing letter K (89 words)...
  ✅ Saved 91 entries to transformed_tesoro_v2_k.json

📄 Processing letter L (662 words)...
  ✅ Saved 722 entries to transformed_tesoro_v2_l.json

📄 Processing letter M (1651 words)...
  ✅ Saved 1897 entries to transformed_tesoro_v2_m.json

📄 Processing letter N (468 words)...
  ✅ Saved 503 entries to transformed_tesoro_v2_n.json

📄 Processing letter O (225 words)...
  ✅ Saved 239 entries to transformed_tesoro_v2_o.json

📄 Processing letter P (2448 words)...
  ✅ Saved 2848 entries to transformed_tesoro_v2_p.json

📄 Processing letter Q (159 words)...
  ✅ Saved 173 entries to transformed_tesoro_v2_q.json

📄 Processing letter R (939 words)...
  ✅ Saved 1037 entries to transformed_tesoro_v2_r.json

📄 Processing letter S (1492 words)...
  ✅ Saved 1592 entries to transformed_tesoro_v2_s.json

📄 Processing letter T (1595 words)...
  ✅ Saved 1791 entries to transformed_tesoro_v2_t.json

📄 Processing letter U (90 words)...
  ✅ Saved 95 entries to transformed_tesoro_v2_u.json

📄 Processing letter V (505 words)...
  ✅ Saved 555 entries to transformed_tesoro_v2_v.json

📄 Processing letter W (139 words)...
  ✅ Saved 142 entries to transformed_tesoro_v2_w.json

📄 Processing letter X (12 words)...
  ✅ Saved 12 entries to transformed_tesoro_v2_x.json

📄 Processing letter Y (238 words)...
  ✅ Saved 261 entries to transformed_tesoro_v2_y.json

📄 Processing letter Z (186 words)...
  ✅ Saved 205 entries to transformed_tesoro_v2_z.json

📄 Processing letter Ñ (96 words)...
  ✅ Saved 113 entries to transformed_tesoro_v2_ñ.json

================================================================================
PREPROCESSING COMPLETE
================================================================================
  Successful: 27
  Failed:     0
  Output:     /Users/andrewcasanova/Documents/data_science_projects/ai_projects/TESORO_BORICUA/data/preprocessed/preprocessed_tesoro_v2


================================================================================
TESORO V2 PIPELINE: Consolidation + Preprocessing Only
================================================================================

================================================================================
STAGES 1A-1B: CONSOLIDATION + PREPROCESSING
================================================================================

✅ Consolidation and preprocessing completed successfully
